,Проверка,Статус,Примечание
0,Время возрастает,пройдена,Нет обратного хода времени.
1,Температура конечна,пройдена,Все точки температуры числовые.
2,Объёмная доля 0–1,пройдена,Физический диапазон доли.
3,Радиус неотрицателен,пройдена,Средний радиус неотрицателен.
4,Плотность неотрицательна,пройдена,Количество частиц неотрицательно.
5,Состав матрицы допустим,пройдена,Проверка независимых компонентов.
6,Объёмная доля не упёрлась в 100 %,пройдена,"Доля 100 % означает негодную сетку размеров, а не полное превращение."
7,Ширина класса меньше критического радиуса,пройдена,Ширина класса начальной сетки 0.3167 нм.
8,Зародыш не меньше минимального радиуса сетки,пройдена,Минимальный радиус сетки 0.5 нм.
