B узла, масс. %;SI узла, масс. %;узел;оси задания;T, °C;режим;P-фаза есть;мольная доля, %;массовая доля, %;без припоя, мольная доля, %;изменение, мольн. %;куда двинулась;NI, масс. %;CR, масс. %;MO, масс. %;B, масс. %;SI, масс. %;AL, масс. %;C, масс. %;FE, масс. %;MN, масс. %;NB, масс. %;S, масс. %;TI, масс. %
0,0;0,1;"B=0; Si=0.1";ось бора, перекрёстные узлы;580,0;служба;да;28,221009192277986;30,40728663297063;28,221009192277986;0,0;на месте;38,259905524813355;29,72476816569136;32,01532630949528;0,0;0,0;0,0;0,0;0,0;0,0;0,0;0,0;0,0
0,0;0,1;"B=0; Si=0.1";ось бора, перекрёстные узлы;595,0;служба;да;27,57474832560498;29,71016926241074;27,57474832560498;0,0;на месте;38,237587477263865;29,74623406834319;32,01617845439294;0,0;0,0;0,0;0,0;0,0;0,0;0,0;0,0;0,0
0,0;1,0;"B=0; Si=1";ось кремния;580,0;служба;да;32,90720408939064;35,788601358948966;28,221009192277986;4,686194897112653;выросла;37,76726167585873;30,19860194887662;32,03413637526465;0,0;0,0;0,0;0,0;0,0;0,0;0,0;0,0;0,0
0,0;1,0;"B=0; Si=1";ось кремния;595,0;служба;да;32,47030580302274;35,31309917046087;27,57474832560498;4,895557477417761;выросла;37,758981811000915;30,20656567297094;32,034452516028146;0,0;0,0;0,0;0,0;0,0;0,0;0,0;0,0;0,0
0,0;2,0;"B=0; Si=2";ось кремния, перекрёстные узлы;580,0;служба;да;34,15412089930079;37,50483009237145;28,221009192277986;5,933111707022807;выросла;36,719458897908744;31,206397652327677;32,07414344976358;0,0;0,0;0,0;0,0;0,0;0,0;0,0;0,0;0,0
0,0;2,0;"B=0; Si=2";ось кремния, перекрёстные узлы;595,0;служба;да;33,83056215731009;37,150427482706796;27,57474832560498;6,255813831705112;выросла;36,739788447915366;31,18684432265447;32,073367229430175;0,0;0,0;0,0;0,0;0,0;0,0;0,0;0,0;0,0
0,0;3,5;"B=0; Si=3.5";ось кремния;580,0;служба;нет;0,0;0,0;28,221009192277986;-28,221009192277986;упала;;;;;;;;;;;;
0,0;3,5;"B=0; Si=3.5";ось кремния;595,0;служба;да;33,94465222821103;37,868476834093016;27,57474832560498;6,3699039026060476;выросла;36,446862684647904;31,46858563109862;32,084551684253455;0,0;0,0;0,0;0,0;0,0;0,0;0,0;0,0;0,0
0,0;5,0;"B=0; Si=5";ось кремния, перекрёстные узлы;580,0;служба;нет;0,0;0,0;28,221009192277986;-28,221009192277986;упала;;;;;;;;;;;;
0,0;5,0;"B=0; Si=5";ось кремния, перекрёстные узлы;595,0;служба;да;34,15425079661401;38,71487063659219;27,57474832560498;6,579502471009029;выросла;36,51347974062969;31,404512139208922;32,0820081201614;0,0;0,0;0,0;0,0;0,0;0,0;0,0;0,0;0,0
0,1;0,1;"B=0.1; Si=0.1";ось бора;580,0;служба;да;24,116644606645917;26,099079656874952;28,221009192277986;-4,104364585632069;упала;38,17197469166092;29,80934163477995;32,018683673559124;0,0;0,0;0,0;0,0;0,0;0,0;0,0;0,0;0,0
0,1;0,1;"B=0.1; Si=0.1";ось бора;595,0;служба;да;23,472914391952678;25,40177270426909;27,57474832560498;-4,101833933652301;упала;38,150154891840984;29,830328313734668;32,01951679442435;0,0;0,0;0,0;0,0;0,0;0,0;0,0;0,0;0,0
0,3;0,1;"B=0.3; Si=0.1";ось бора;580,0;служба;да;18,786137736327223;20,51218516967528;28,221009192277986;-9,434871455950763;упала;38,16168023266056;29,819243032035462;32,019076735303976;0,0;0,0;0,0;0,0;0,0;0,0;0,0;0,0;0,0
0,3;0,1;"B=0.3; Si=0.1";ось бора;595,0;служба;да;17,592444265935487;19,20761595974887;27,57474832560498;-9,982304059669492;упала;38,10926138505633;29,869660429762508;32,02107818518116;0,0;0,0;0,0;0,0;0,0;0,0;0,0;0,0;0,0
0,5;0,1;"B=0.5; Si=0.1";ось бора, перекрёстные узлы;580,0;служба;да;13,664019572464085;15,051814960059975;28,221009192277986;-14,556989619813901;упала;38,159225268248825;29,821604261303353;32,01917047044781;0,0;0,0;0,0;0,0;0,0;0,0;0,0;0,0;0,0
0,5;0,1;"B=0.5; Si=0.1";ось бора, перекрёстные узлы;595,0;служба;да;12,456234325670572;13,720504989892321;27,57474832560498;-15,118513999934407;упала;38,10695452321631;29,87187921129253;32,02116626549115;0,0;0,0;0,0;0,0;0,0;0,0;0,0;0,0;0,0
0,5;2,0;"B=0.5; Si=2";перекрёстные узлы;580,0;служба;да;26,072502696630618;29,278844853074972;28,221009192277986;-2,148506495647368;упала;37,23463600838869;30,71089096978784;32,05447302182347;0,0;0,0;0,0;0,0;0,0;0,0;0,0;0,0;0,0
0,5;2,0;"B=0.5; Si=2";перекрёстные узлы;595,0;служба;да;24,968719102203046;28,03712205511542;27,57474832560498;-2,606029223401933;упала;37,16881567890084;30,774198155694876;32,05698616540428;0,0;0,0;0,0;0,0;0,0;0,0;0,0;0,0;0,0
0,5;5,0;"B=0.5; Si=5";перекрёстные узлы;580,0;служба;нет;0,0;0,0;28,221009192277986;-28,221009192277986;упала;;;;;;;;;;;;
0,5;5,0;"B=0.5; Si=5";перекрёстные узлы;595,0;служба;нет;0,0;0,0;27,57474832560498;-27,57474832560498;упала;;;;;;;;;;;;
1,0;0,1;"B=1; Si=0.1";ось бора;580,0;служба;нет;0,0;0,0;28,221009192277986;-28,221009192277986;упала;;;;;;;;;;;;
1,0;0,1;"B=1; Si=0.1";ось бора;595,0;служба;нет;0,0;0,0;27,57474832560498;-27,57474832560498;упала;;;;;;;;;;;;
1,5;0,1;"B=1.5; Si=0.1";перекрёстные узлы;580,0;служба;нет;0,0;0,0;28,221009192277986;-28,221009192277986;упала;;;;;;;;;;;;
1,5;0,1;"B=1.5; Si=0.1";перекрёстные узлы;595,0;служба;нет;0,0;0,0;27,57474832560498;-27,57474832560498;упала;;;;;;;;;;;;
1,5;2,0;"B=1.5; Si=2";перекрёстные узлы;580,0;служба;да;3,6503987122005253;4,277205443086819;28,221009192277986;-24,570610480077463;упала;37,47400805534643;30,480658596361348;32,04533334829222;0,0;0,0;0,0;0,0;0,0;0,0;0,0;0,0;0,0
1,5;2,0;"B=1.5; Si=2";перекрёстные узлы;595,0;служба;да;2,5244505988209345;2,9577015732576273;27,57474832560498;-25,050297726784045;упала;37,41152262566664;30,540758215187314;32,04771915914604;0,0;0,0;0,0;0,0;0,0;0,0;0,0;0,0;0,0
1,5;5,0;"B=1.5; Si=5";перекрёстные узлы;580,0;служба;нет;0,0;0,0;28,221009192277986;-28,221009192277986;упала;;;;;;;;;;;;
1,5;5,0;"B=1.5; Si=5";перекрёстные узлы;595,0;служба;нет;0,0;0,0;27,57474832560498;-27,57474832560498;упала;;;;;;;;;;;;
2,0;0,1;"B=2; Si=0.1";ось бора;580,0;служба;нет;0,0;0,0;28,221009192277986;-28,221009192277986;упала;;;;;;;;;;;;
2,0;0,1;"B=2; Si=0.1";ось бора;595,0;служба;нет;0,0;0,0;27,57474832560498;-27,57474832560498;упала;;;;;;;;;;;;
3,0;0,1;"B=3; Si=0.1";ось бора, перекрёстные узлы;580,0;служба;нет;0,0;0,0;28,221009192277986;-28,221009192277986;упала;;;;;;;;;;;;
3,0;0,1;"B=3; Si=0.1";ось бора, перекрёстные узлы;595,0;служба;нет;0,0;0,0;27,57474832560498;-27,57474832560498;упала;;;;;;;;;;;;
3,0;2,0;"B=3; Si=2";перекрёстные узлы;580,0;служба;нет;0,0;0,0;28,221009192277986;-28,221009192277986;упала;;;;;;;;;;;;
3,0;2,0;"B=3; Si=2";перекрёстные узлы;595,0;служба;нет;0,0;0,0;27,57474832560498;-27,57474832560498;упала;;;;;;;;;;;;
3,0;5,0;"B=3; Si=5";перекрёстные узлы;580,0;служба;нет;0,0;0,0;28,221009192277986;-28,221009192277986;упала;;;;;;;;;;;;
3,0;5,0;"B=3; Si=5";перекрёстные узлы;595,0;служба;нет;0,0;0,0;27,57474832560498;-27,57474832560498;упала;;;;;;;;;;;;
