B узла, масс. %;SI узла, масс. %;узел;оси задания;T, °C;режим;фаза;мольная доля, %;массовая доля, %;молярная масса фазы, г/моль;pdens точки;сошлась
0,0;0,1;"B=0; Si=0.1";ось бора, перекрёстные узлы;580,0;служба;FCC_A1;70,15211416001122;68,1416543787429;57,88976443335755;100;да
0,0;0,1;"B=0; Si=0.1";ось бора, перекрёстные узлы;580,0;служба;P_PHASE;28,221009192277986;30,40728663297063;64,21478022691292;100;да
0,0;0,1;"B=0; Si=0.1";ось бора, перекрёстные узлы;580,0;служба;GAMMA_PRIME;1,4330764087135646;1,2984022873084817;53,99702066885935;100;да
0,0;0,1;"B=0; Si=0.1";ось бора, перекрёстные узлы;580,0;служба;M23C6;0,11945635254807248;0,09839113319232029;49,08814098248412;100;да
0,0;0,1;"B=0; Si=0.1";ось бора, перекрёстные узлы;580,0;служба;MNS_Q;0,0743438416491912;0,054265567785663625;43,502000101689276;100;да
0,0;0,1;"B=0; Si=0.1";ось бора, перекрёстные узлы;595,0;служба;FCC_A1;70,94025738602238;68,96786181778029;57,94071825143193;100;да
0,0;0,1;"B=0; Si=0.1";ось бора, перекрёстные узлы;595,0;служба;P_PHASE;27,57474832560498;29,71016926241074;64,21307108172552;100;да
0,0;0,1;"B=0; Si=0.1";ось бора, перекрёстные узлы;595,0;служба;GAMMA_PRIME;1,2913320771087435;1,169415630353438;53,97104506493701;100;да
0,0;0,1;"B=0; Si=0.1";ось бора, перекрёстные узлы;595,0;служба;M23C6;0,11931824358865223;0,09828771284100374;49,09330270638923;100;да
0,0;0,1;"B=0; Si=0.1";ось бора, перекрёстные узлы;595,0;служба;MNS_Q;0,07434385363583773;0,054265576614539644;43,50200013664244;100;да
0,0;1,0;"B=0; Si=1";ось кремния;580,0;служба;FCC_A1;65,38782663403741;62,69844037011486;56,58300483299134;100;да
0,0;1,0;"B=0; Si=1";ось кремния;580,0;служба;P_PHASE;32,90720408939064;35,788601358948966;64,1770740679179;100;да
0,0;1,0;"B=0; Si=1";ось кремния;580,0;служба;GAMMA_PRIME;1,5126773172279295;1,3673112506547727;53,339294139439374;100;да
0,0;1,0;"B=0; Si=1";ось кремния;580,0;служба;M23C6_WY;0,11868111453268321;0,09138144397962492;45,436259551857816;100;да
0,0;1,0;"B=0; Si=1";ось кремния;580,0;служба;MNS_Q;0,0736107709542433;0,05426557630176682;43,50200007657941;100;да
0,0;1,0;"B=0; Si=1";ось кремния;595,0;служба;FCC_A1;65,96846199306387;63,30389660165352;56,62657000241101;400;да
0,0;1,0;"B=0; Si=1";ось кремния;595,0;служба;P_PHASE;32,47030580302274;35,31309917046087;64,1764407188952;400;да
0,0;1,0;"B=0; Si=1";ось кремния;595,0;служба;GAMMA_PRIME;1,3689729142616671;1,2373192571314329;53,33509690090357;400;да
0,0;1,0;"B=0; Si=1";ось кремния;595,0;служба;M23C6_WY;0,11864850269949347;0,09141939026947914;45,4676208981629;400;да
0,0;1,0;"B=0; Si=1";ось кремния;595,0;служба;MNS_Q;0,07361077663130165;0,054265580484687506;43,50200010409088;400;да
0,0;2,0;"B=0; Si=2";ось кремния, перекрёстные узлы;580,0;служба;FCC_A1;63,58884674716509;60,49623474950143;55,53172593596413;100;да
0,0;2,0;"B=0; Si=2";ось кремния, перекрёстные узлы;580,0;служба;P_PHASE;34,15412089930079;37,50483009237145;64,09702401179155;100;да
0,0;2,0;"B=0; Si=2";ось кремния, перекрёстные узлы;580,0;служба;GAMMA_PRIME;2,0667616836054767;1,8534054068826646;52,3448306708006;100;да
0,0;2,0;"B=0; Si=2";ось кремния, перекрёстные узлы;580,0;служба;M23C6_WY;0,11745767689148917;0,0912641610570669;45,35369069758439;100;да
0,0;2,0;"B=0; Si=2";ось кремния, перекрёстные узлы;580,0;служба;MNS_Q;0,07281302617069754;0,05426559018739425;43,50200006167673;100;да
0,0;2,0;"B=0; Si=2";ось кремния, перекрёстные узлы;595,0;служба;FCC_A1;64,10480240847485;61,021941733893314;55,56345365593883;400;да
0,0;2,0;"B=0; Si=2";ось кремния, перекрёстные узлы;595,0;служба;P_PHASE;33,83056215731009;37,150427482706796;64,09857524939603;400;да
0,0;2,0;"B=0; Si=2";ось кремния, перекрёстные узлы;595,0;служба;GAMMA_PRIME;1,8743712083556927;1,6820692948024192;52,38199730185841;400;да
0,0;2,0;"B=0; Si=2";ось кремния, перекрёстные узлы;595,0;служба;M23C6_WY;0,11745122604446766;0,09129590832967259;45,37195938052857;400;да
0,0;2,0;"B=0; Si=2";ось кремния, перекрёстные узлы;595,0;служба;MNS_Q;0,07281301287462436;0,05426558026777943;43,502000084117086;400;да
0,0;3,5;"B=0; Si=3.5";ось кремния;595,0;служба;FCC_A1;50,34003443420353;48,42554345858425;55,2524422638337;300;да
0,0;3,5;"B=0; Si=3.5";ось кремния;595,0;служба;P_PHASE;33,94465222821103;37,868476834093016;64,0762309253684;300;да
0,0;3,5;"B=0; Si=3.5";ось кремния;595,0;служба;G_PHASE;14,376969467958;12,52515815981076;50,03873851606539;300;да
0,0;3,5;"B=0; Si=3.5";ось кремния;595,0;служба;GAMMA_PRIME;1,1511141792792088;1,0352507876912642;51,655628554170676;300;да
0,0;3,5;"B=0; Si=3.5";ось кремния;595,0;служба;M23C6_WY;0,11558093608663922;0,09130518347067028;45,373231438315;300;да
0,0;3,5;"B=0; Si=3.5";ось кремния;595,0;служба;MNS_Q;0,0716482652423947;0,05426557635003645;43,50200006540297;300;да
0,0;5,0;"B=0; Si=5";ось кремния, перекрёстные узлы;595,0;служба;P_PHASE;34,15425079661401;38,71487063659219;64,08131109365235;500;да
0,0;5,0;"B=0; Si=5";ось кремния, перекрёстные узлы;595,0;служба;FCC_A1;32,32834879179842;31,600089449433383;55,25901360992412;500;да
0,0;5,0;"B=0; Si=5";ось кремния, перекрёстные узлы;595,0;служба;G_PHASE;31,26374125390676;27,65167645510002;50,001019374852994;500;да
0,0;5,0;"B=0; Si=5";ось кремния, перекрёстные узлы;595,0;служба;GAMMA_PRIME;2,0693742433561164;1,8877698955984765;51,57133290469685;500;да
0,0;5,0;"B=0; Si=5";ось кремния, перекрёстные узлы;595,0;служба;M23C6_WY;0,11376438784274091;0,09132798879299128;45,38328192709544;500;да
0,0;5,0;"B=0; Si=5";ось кремния, перекрёстные узлы;595,0;служба;MNS_Q;0,07052019750818553;0,054265574482927126;43,50200004807887;500;да
0,1;0,1;"B=0.1; Si=0.1";ось бора;580,0;служба;FCC_A1;72,67046406824296;70,73062064076652;57,74716731007246;100;да
0,1;0,1;"B=0.1; Si=0.1";ось бора;580,0;служба;P_PHASE;24,116644606645917;26,099079656874952;64,20804689590845;100;да
0,1;0,1;"B=0.1; Si=0.1";ось бора;580,0;служба;M2B;1,646232106213462;1,7681590095281106;63,725228448163136;100;да
0,1;0,1;"B=0.1; Si=0.1";ось бора;580,0;служба;GAMMA_PRIME;1,3737062078480125;1,2495907656017258;53,970332845944796;100;да
0,1;0,1;"B=0.1; Si=0.1";ось бора;580,0;служба;M23C6;0,11894210128277442;0,09828435209876225;49,02639078248776;100;да
0,1;0,1;"B=0.1; Si=0.1";ось бора;580,0;служба;MNS_Q;0,07401101075401574;0,05426557512994125;43,50200009987957;100;да
0,1;0,1;"B=0.1; Si=0.1";ось бора;595,0;служба;FCC_A1;73,4526303973465;71,55270618991302;57,79627644575234;100;да
0,1;0,1;"B=0.1; Si=0.1";ось бора;595,0;служба;P_PHASE;23,472914391952678;25,40177270426909;64,20637625659408;100;да
0,1;0,1;"B=0.1; Si=0.1";ось бора;595,0;служба;M2B;1,646184212475231;1,769707253018286;63,78288323904491;100;да
0,1;0,1;"B=0.1; Si=0.1";ось бора;595,0;служба;GAMMA_PRIME;1,2354497766500385;1,1233612134978375;53,94801608375782;100;да
0,1;0,1;"B=0.1; Si=0.1";ось бора;595,0;служба;M23C6;0,11881000541058195;0,09818707279877165;49,03232035662847;100;да
0,1;0,1;"B=0.1; Si=0.1";ось бора;595,0;служба;MNS_Q;0,07401099867754535;0,05426556650299034;43,50200013411154;100;да
0,3;0,1;"B=0.3; Si=0.1";ось бора;580,0;служба;FCC_A1;74,82501990651065;73,46701109327348;57,73713536307096;100;да
0,3;0,1;"B=0.3; Si=0.1";ось бора;580,0;служба;P_PHASE;18,786137736327223;20,51218516967528;64,20725868683064;100;да
0,3;0,1;"B=0.3; Si=0.1";ось бора;580,0;служба;M2B;3,4379897537530324;3,7207988839808666;63,64163379609492;100;да
0,3;0,1;"B=0.3; Si=0.1";ось бора;580,0;служба;CR2B;1,457207623193652;0,9523726740091047;38,43219536402677;100;да
0,3;0,1;"B=0.3; Si=0.1";ось бора;580,0;служба;GAMMA_PRIME;1,3024226433444193;1,1951167568833498;53,95952273069741;100;да
0,3;0,1;"B=0.3; Si=0.1";ось бора;580,0;служба;M23C6;0,11786813312929298;0,09824983985581;49,01682175623363;100;да
0,3;0,1;"B=0.3; Si=0.1";ось бора;580,0;служба;MNS_Q;0,07335419321282605;0,05426558232210431;43,502000087989046;100;да
0,3;0,1;"B=0.3; Si=0.1";ось бора;595,0;служба;FCC_A1;76,1602819930399;74,78237385786846;57,74048212889528;100;да
0,3;0,1;"B=0.3; Si=0.1";ось бора;595,0;служба;P_PHASE;17,592444265935487;19,20761595974887;64,20324546749836;100;да
0,3;0,1;"B=0.3; Si=0.1";ось бора;595,0;служба;M2B;3,7329570149174316;4,033228013227676;63,53448122302115;100;да
0,3;0,1;"B=0.3; Si=0.1";ось бора;595,0;служба;CR2B;1,162176264599536;0,7594981881859291;38,42947424357328;100;да
0,3;0,1;"B=0.3; Si=0.1";ось бора;595,0;служба;GAMMA_PRIME;1,1610434836976922;1,0648992639383752;53,93488334138037;100;да
0,3;0,1;"B=0.3; Si=0.1";ось бора;595,0;служба;M23C6;0,11774283384431097;0,098119130325002;49,003704030357206;100;да
0,3;0,1;"B=0.3; Si=0.1";ось бора;595,0;служба;MNS_Q;0,07335419911431289;0,05426558670567869;43,502000120766645;100;да
0,5;0,1;"B=0.5; Si=0.1";ось бора, перекрёстные узлы;580,0;служба;FCC_A1;76,82206098353215;76,09942240342583;57,73881518792807;50;да
0,5;0,1;"B=0.5; Si=0.1";ось бора, перекрёстные узлы;580,0;служба;P_PHASE;13,664019572464085;15,051814960059975;64,20707072204141;50;да
0,5;0,1;"B=0.5; Si=0.1";ось бора, перекрёстные узлы;580,0;служба;M2B;5,138304634931876;5,607154708224561;63,605570431462475;50;да
0,5;0,1;"B=0.5; Si=0.1";ось бора, перекрёстные узлы;580,0;служба;CR2B;2,9487003828347813;1,9437553369374687;38,42230491838267;50;да
0,5;0,1;"B=0.5; Si=0.1";ось бора, перекрёстные узлы;580,0;служба;GAMMA_PRIME;1,2373945436226754;1,1453628096879922;53,951974367713284;50;да
0,5;0,1;"B=0.5; Si=0.1";ось бора, перекрёстные узлы;580,0;служба;M23C6;0,11681108085465997;0,09822421236743917;49,012513408852506;50;да
0,5;0,1;"B=0.5; Si=0.1";ось бора, перекрёстные узлы;580,0;служба;MNS_Q;0,0727089043466217;0,05426556929672252;43,502000077190885;50;да
0,5;0,1;"B=0.5; Si=0.1";ось бора, перекрёстные узлы;595,0;служба;FCC_A1;78,17023435982233;77,43962436656388;57,74232737989506;100;да
0,5;0,1;"B=0.5; Si=0.1";ось бора, перекрёстные узлы;595,0;служба;P_PHASE;12,456234325670572;13,720504989892321;64,20306886425672;100;да
0,5;0,1;"B=0.5; Si=0.1";ось бора, перекрёстные узлы;595,0;служба;M2B;5,442569942190427;5,929308994456724;63,4998245770986;100;да
0,5;0,1;"B=0.5; Si=0.1";ось бора, перекрёстные узлы;595,0;служба;CR2B;2,6443677917708954;1,743029726278051;38,41982620523559;100;да
0,5;0,1;"B=0.5; Si=0.1";ось бора, перекрёстные узлы;595,0;служба;GAMMA_PRIME;1,0972030146397886;1,0151767034504648;53,929589149338156;100;да
0,5;0,1;"B=0.5; Si=0.1";ось бора, перекрёстные узлы;595,0;служба;M23C6;0,11668166703998617;0,09808964601097751;48,99965282656559;100;да
0,5;0,1;"B=0.5; Si=0.1";ось бора, перекрёстные узлы;595,0;служба;MNS_Q;0,07270890962878372;0,0542655733475981;43,50200010650583;100;да
0,5;2,0;"B=0.5; Si=2";перекрёстные узлы;580,0;служба;FCC_A1;64,00341797697678;62,459359203245256;55,73492633573516;100;да
0,5;2,0;"B=0.5; Si=2";перекрёстные узлы;580,0;служба;P_PHASE;26,072502696630618;29,278844853074972;64,13635755164233;100;да
0,5;2,0;"B=0.5; Si=2";перекрёстные узлы;580,0;служба;CR2B;5,391048413537858;3,628424523252924;38,43951823264856;100;да
0,5;2,0;"B=0.5; Si=2";перекрёстные узлы;580,0;служба;M2B;2,532736241328168;2,8215385153133856;63,62519004637859;100;да
0,5;2,0;"B=0.5; Si=2";перекрёстные узлы;580,0;служба;GAMMA_PRIME;1,8134083308538755;1,6656345134508734;52,458658340837324;100;да
0,5;2,0;"B=0.5; Si=2";перекрёстные узлы;580,0;служба;M23C6_WY;0,11564229527487506;0,091932805001867;45,403243892129666;100;да
0,5;2,0;"B=0.5; Si=2";перекрёстные узлы;580,0;служба;MNS_Q;0,07124400943650866;0,05426558666072845;43,50200003403789;100;да
0,5;2,0;"B=0.5; Si=2";перекрёстные узлы;595,0;служба;FCC_A1;65,31784504153202;63,76063870660552;55,75115709389114;100;да
0,5;2,0;"B=0.5; Si=2";перекрёстные узлы;595,0;служба;P_PHASE;24,968719102203046;28,03712205511542;64,13132950956607;100;да
0,5;2,0;"B=0.5; Si=2";перекрёстные узлы;595,0;служба;CR2B;5,077516152786179;3,417200945191852;38,437247380484024;100;да
0,5;2,0;"B=0.5; Si=2";перекрёстные узлы;595,0;служба;M2B;2,846200755322455;3,1653864029395002;63,51762890282165;100;да
0,5;2,0;"B=0.5; Si=2";перекрёстные узлы;595,0;служба;GAMMA_PRIME;1,6027414675875677;1,4733572986416268;52,50222151238777;100;да
0,5;2,0;"B=0.5; Si=2";перекрёстные узлы;595,0;служба;M23C6_WY;0,11573352751918374;0,09202902053537876;45,41493365408184;100;да
0,5;2,0;"B=0.5; Si=2";перекрёстные узлы;595,0;служба;MNS_Q;0,07124398885990488;0,05426557097069856;43,50200004916485;100;да
1,0;0,1;"B=1; Si=0.1";ось бора;595,0;служба;FCC_A1;83,03642082133096;84,07423462216383;57,74566992495645;100;да
1,0;0,1;"B=1; Si=0.1";ось бора;595,0;служба;M2B;9,613278091596463;10,690333023599651;63,4227182636729;100;да
1,0;0,1;"B=1; Si=0.1";ось бора;595,0;служба;CR2B;6,212781032244697;4,182797173284199;38,39775926660837;100;да
1,0;0,1;"B=1; Si=0.1";ось бора;595,0;служба;GAMMA_PRIME;0,9522677243384778;0,9003490045812601;53,923360162390544;100;да
1,0;0,1;"B=1; Si=0.1";ось бора;595,0;служба;M23C6;0,11410908233842718;0,0980205946145068;48,99166990398688;100;да
1,0;0,1;"B=1; Si=0.1";ось бора;595,0;служба;MNS_Q;0,07114434106786414;0,05426558175654849;43,50200007851839;100;да
1,5;0,1;"B=1.5; Si=0.1";перекрёстные узлы;580,0;служба;FCC_A1;75,87494087280835;78,41228319379563;57,69851830670239;100;да
1,5;0,1;"B=1.5; Si=0.1";перекрёстные узлы;580,0;служба;CR2B;12,628718070407588;8,68102459401004;38,37873405804204;100;да
1,5;0,1;"B=1.5; Si=0.1";перекрёстные узлы;580,0;служба;M2B;10,610330261144025;12,072858220005028;63,52726010634481;100;да
1,5;0,1;"B=1.5; Si=0.1";перекрёстные узлы;580,0;служба;GAMMA_PRIME;0,7048012398563205;0,6811047163788457;53,95431147570191;100;да
1,5;0,1;"B=1.5; Si=0.1";перекрёстные узлы;580,0;служба;M23C6;0,11156556552073618;0,0984636810281781;49,27479464803082;100;да
1,5;0,1;"B=1.5; Si=0.1";перекрёстные узлы;580,0;служба;MNS_Q;0,06964569389346764;0,054265594782289546;43,502000028828945;100;да
1,5;0,1;"B=1.5; Si=0.1";перекрёстные узлы;595,0;служба;FCC_A1;76,7499740249346;79,27596954061679;57,668976666124905;100;да
1,5;0,1;"B=1.5; Si=0.1";перекрёстные узлы;595,0;служба;CR2B;12,294970057952403;8,451703757709218;38,37918169504109;100;да
1,5;0,1;"B=1.5; Si=0.1";перекрёстные узлы;595,0;служба;M2B;10,604146509895251;12,049246448142137;63,43998736489602;100;да
1,5;0,1;"B=1.5; Si=0.1";перекрёстные узлы;595,0;служба;TIB2;0,1698997891232708;0,07050121299409406;23,167686584721906;100;да
1,5;0,1;"B=1.5; Si=0.1";перекрёстные узлы;595,0;служба;M23C6;0,11136390959982757;0,09831346848293916;49,28871196072708;100;да
1,5;0,1;"B=1.5; Si=0.1";перекрёстные узлы;595,0;служба;MNS_Q;0,06964566364858582;0,05426557205480953;43,50200004184444;100;да
1,5;2,0;"B=1.5; Si=2";перекрёстные узлы;580,0;служба;FCC_A1;72,10754630467481;73,73123968267903;55,985962603405376;300;да
1,5;2,0;"B=1.5; Si=2";перекрёстные узлы;580,0;служба;CR2B;12,638505455809943;8,859639031741876;38,382091708292634;300;да
1,5;2,0;"B=1.5; Si=2";перекрёстные узлы;580,0;служба;M2B;10,151590320951954;11,759436724997474;63,42504264037722;300;да
1,5;2,0;"B=1.5; Si=2";перекрёстные узлы;580,0;служба;P_PHASE;3,6503987122005253;4,277205443086819;64,15464993022783;300;да
1,5;2,0;"B=1.5; Si=2";перекрёстные узлы;580,0;служба;GAMMA_PRIME;1,2727831977323651;1,2262494422122783;52,7512458017109;300;да
1,5;2,0;"B=1.5; Si=2";перекрёстные узлы;580,0;служба;M23C6_WY;0,11087555634240458;0,09196409263171064;45,41411019896979;300;да
1,5;2,0;"B=1.5; Si=2";перекрёстные узлы;580,0;служба;MNS_Q;0,06830045194703276;0,05426558265080059;43,502000015714415;300;да
1,5;2,0;"B=1.5; Si=2";перекрёстные узлы;595,0;служба;FCC_A1;73,41343545674201;75,08739936239859;56,00152403454036;100;да
1,5;2,0;"B=1.5; Si=2";перекрёстные узлы;595,0;служба;CR2B;12,29927469516646;8,621713728914015;38,38154285445183;100;да
1,5;2,0;"B=1.5; Si=2";перекрёстные узлы;595,0;служба;M2B;10,490751785061107;12,133411405150952;63,32637711130343;100;да
1,5;2,0;"B=1.5; Si=2";перекрёстные узлы;595,0;служба;P_PHASE;2,5244505988209345;2,9577015732576273;64,14987390047773;100;да
1,5;2,0;"B=1.5; Si=2";перекрёстные узлы;595,0;служба;GAMMA_PRIME;1,0928297125428348;1,0534510491730906;52,780098536338826;100;да
1,5;2,0;"B=1.5; Si=2";перекрёстные узлы;595,0;служба;M23C6_WY;0,11095726564689067;0,09205730669310447;45,42666455129637;100;да
1,5;2,0;"B=1.5; Si=2";перекрёстные узлы;595,0;служба;MNS_Q;0,06830044153376365;0,054265574412625806;43,50200002352207;100;да
2,0;0,1;"B=2; Si=0.1";ось бора;580,0;служба;FCC_A1;70,70887671740086;74,58799686247112;57,67936673728249;100;да
2,0;0,1;"B=2; Si=0.1";ось бора;580,0;служба;M2B;11,114549238493614;12,953230805832284;63,72527637831013;100;да
2,0;0,1;"B=2; Si=0.1";ось бора;580,0;служба;CR2B;9,91966938918587;6,966598593295627;38,40157772604774;100;да
2,0;0,1;"B=2; Si=0.1";ось бора;580,0;служба;CR5B3;7,826499731378666;5,23177172379396;36,551625;100;да
2,0;0,1;"B=2; Si=0.1";ось бора;580,0;служба;TIB2;0,25343578887548096;0,10738301147918902;23,168243735264802;100;да
2,0;0,1;"B=2; Si=0.1";ось бора;580,0;служба;M23C6;0,10876052789927595;0,09875355448066511;49,64858863326289;100;да
2,0;0,1;"B=2; Si=0.1";ось бора;580,0;служба;MNS_Q;0,06820868100340623;0,0542654486471546;43,502000033904594;100;да
2,0;0,1;"B=2; Si=0.1";ось бора;595,0;служба;FCC_A1;70,79340174451265;74,688872989909;57,688414420835464;100;да
2,0;0,1;"B=2; Si=0.1";ось бора;595,0;служба;M2B;11,104104630243611;12,926623439921118;63,654194969770636;100;да
2,0;0,1;"B=2; Si=0.1";ось бора;595,0;служба;CR2B;9,196401573250132;6,459166855188564;38,404671447911745;100;да
2,0;0,1;"B=2; Si=0.1";ось бора;595,0;служба;CR5B3;8,472935163157016;5,663893713119033;36,551625;100;да
2,0;0,1;"B=2; Si=0.1";ось бора;595,0;служба;TIB2;0,2565394666269805;0,10869950185226397;23,168549444035648;100;да
2,0;0,1;"B=2; Si=0.1";ось бора;595,0;служба;M23C6;0,10840866786430468;0,0984779771571781;49,670735282136164;100;да
2,0;0,1;"B=2; Si=0.1";ось бора;595,0;служба;MNS_Q;0,06820877421812073;0,05426552285284652;43,5020000509755;100;да
3,0;0,1;"B=3; Si=0.1";ось бора, перекрёстные узлы;580,0;служба;FCC_A1;64,60512661908805;71,01194117889061;57,7205213637704;100;да
3,0;0,1;"B=3; Si=0.1";ось бора, перекрёстные узлы;580,0;служба;CR5B3;18,84633303294936;13,118002464050123;36,551625;100;да
3,0;0,1;"B=3; Si=0.1";ось бора, перекрёстные узлы;580,0;служба;MOB;11,700949880318129;11,893159215627982;53,3755;100;да
3,0;0,1;"B=3; Si=0.1";ось бора, перекрёстные узлы;580,0;служба;CR2B;3,4006403395241773;2,4909335857156067;38,46513744823522;100;да
3,0;0,1;"B=3; Si=0.1";ось бора, перекрёстные узлы;580,0;служба;M2B;0,9946970688213156;1,2080492005508594;63,77634504581618;100;да
3,0;0,1;"B=3; Si=0.1";ось бора, перекрёстные узлы;580,0;служба;TIB2;0,2829945747262303;0,12486401647765526;23,169946632417613;100;да
3,0;0,1;"B=3; Si=0.1";ось бора, перекрёстные узлы;580,0;служба;M23C6;0,10375247572038261;0,09878476013159468;49,99854010172543;100;да
3,0;0,1;"B=3; Si=0.1";ось бора, перекрёстные узлы;580,0;служба;MNS_Q;0,06550599615157264;0,05426557855557234;43,5020000767576;100;да
3,0;0,1;"B=3; Si=0.1";ось бора, перекрёстные узлы;595,0;служба;FCC_A1;65,04946146134589;71,50510785130139;57,7243701722415;100;да
3,0;0,1;"B=3; Si=0.1";ось бора, перекрёстные узлы;595,0;служба;CR5B3;18,305422111232033;12,741501065503453;36,551625;100;да
3,0;0,1;"B=3; Si=0.1";ось бора, перекрёстные узлы;595,0;служба;MOB;12,72847870561006;12,937567069723096;53,3755;100;да
3,0;0,1;"B=3; Si=0.1";ось бора, перекрёстные узлы;595,0;служба;CR2B;3,4672434424054184;2,539402566856228;38,46033486696049;100;да
3,0;0,1;"B=3; Si=0.1";ось бора, перекрёстные узлы;595,0;служба;TIB2;0,2805026784692017;0,12376671600578604;23,170355516109105;100;да
3,0;0,1;"B=3; Si=0.1";ось бора, перекрёстные узлы;595,0;служба;M23C6;0,10338556399259013;0,0983891504445062;49,97504015908402;100;да
3,0;0,1;"B=3; Si=0.1";ось бора, перекрёстные узлы;595,0;служба;MNS_Q;0,06550599803903612;0,05426558016552918;43,50200010314447;100;да
3,0;2,0;"B=3; Si=2";перекрёстные узлы;580,0;служба;FCC_A1;59,792517687029665;65,02803764966207;56,07224596062934;100;да
3,0;2,0;"B=3; Si=2";перекрёстные узлы;580,0;служба;CR5B3;21,056939276975108;14,92821186298398;36,551625;100;да
3,0;2,0;"B=3; Si=2";перекрёстные узлы;580,0;служба;M2B;11,751990126416574;14,569608106996053;63,91909193435809;100;да
3,0;2,0;"B=3; Si=2";перекрёстные узлы;580,0;служба;CR2B;6,981613705580722;5,207947080911344;38,45961135619363;100;да
3,0;2,0;"B=3; Si=2";перекрёстные узлы;580,0;служба;TIB2;0,24914289672870119;0,11196327649429286;23,169743915696337;100;да
3,0;2,0;"B=3; Si=2";перекрёстные узлы;580,0;служба;M23C6;0,10348157728270843;0,09996644759127626;49,80642427411711;100;да
3,0;2,0;"B=3; Si=2";перекрёстные узлы;580,0;служба;MNS_Q;0,06431456432212442;0,054265575360996104;43,502000017557485;100;да
3,0;2,0;"B=3; Si=2";перекрёстные узлы;595,0;служба;FCC_A1;60,006903841139305;65,25893748471046;56,0703056115819;100;да
3,0;2,0;"B=3; Si=2";перекрёстные узлы;595,0;служба;CR5B3;20,832931182386254;14,769402453936125;36,551625;100;да
3,0;2,0;"B=3; Si=2";перекрёстные узлы;595,0;служба;M2B;11,348211903562772;14,04833898165333;63,825126644708654;100;да
3,0;2,0;"B=3; Si=2";перекрёстные узлы;595,0;служба;CR2B;6,909539192230231;5,153938490455727;38,45778706404165;100;да
3,0;2,0;"B=3; Si=2";перекрёстные узлы;595,0;служба;MOB;0,4865638676766764;0,5037182286510687;53,3755;100;да
3,0;2,0;"B=3; Si=2";перекрёстные узлы;595,0;служба;TIB2;0,24812438686592025;0,11150806383709927;23,170263244926442;100;да
3,0;2,0;"B=3; Si=2";перекрёстные узлы;595,0;служба;M23C6;0,10341089640292728;0,09989076292329284;49,802732453254606;100;да
3,0;2,0;"B=3; Si=2";перекрёстные узлы;595,0;служба;MNS_Q;0,06431451504835647;0,054265533832912306;43,5020000253901;100;да
3,0;5,0;"B=3; Si=5";перекрёстные узлы;580,0;служба;FCC_A1;33,00781754744093;36,29568606026689;55,11070916118815;200;да
3,0;5,0;"B=3; Si=5";перекрёстные узлы;580,0;служба;GAMMA_PRIME;26,39396315371048;27,11766139645087;51,49267187659345;200;да
3,0;5,0;"B=3; Si=5";перекрёстные узлы;580,0;служба;CR2B;18,4148234935853;14,094227315003515;38,359373975266635;200;да
3,0;5,0;"B=3; Si=5";перекрёстные узлы;580,0;служба;M2B;11,71590193055401;14,824119444691947;63,41485118985586;200;да
3,0;5,0;"B=3; Si=5";перекрёстные узлы;580,0;служба;CR5B3;10,304163020880063;7,514872397879023;36,551625;200;да
3,0;5,0;"B=3; Si=5";перекрёстные узлы;580,0;служба;M23C6;0,1008117902231464;0,09916781434796418;49,301168668997086;200;да
3,0;5,0;"B=3; Si=5";перекрёстные узлы;580,0;служба;MNS_Q;0,06251913429723169;0,05426557135980781;43,502000001151245;200;да
3,0;5,0;"B=3; Si=5";перекрёстные узлы;595,0;служба;FCC_A1;33,33320097944777;36,632354246283896;55,078944495139524;100;да
3,0;5,0;"B=3; Si=5";перекрёстные узлы;595,0;служба;GAMMA_PRIME;26,131834758946027;26,85089383121092;51,497558980152334;100;да
3,0;5,0;"B=3; Si=5";перекрёстные узлы;595,0;служба;CR2B;17,814699917239494;13,63587068736776;38,362081394991534;100;да
3,0;5,0;"B=3; Si=5";перекрёстные узлы;595,0;служба;M2B;11,746881750664977;14,843622172238513;63,33081748174474;100;да
3,0;5,0;"B=3; Si=5";перекрёстные узлы;595,0;служба;CR5B3;10,81006271515561;7,8838273205891705;36,551625;100;да
3,0;5,0;"B=3; Si=5";перекрёстные узлы;595,0;служба;M23C6;0,10080077864876176;0,09916617354364234;49,305738549540415;100;да
3,0;5,0;"B=3; Si=5";перекрёстные узлы;595,0;служба;MNS_Q;0,06251913129084347;0,05426556876609634;43,50200000183318;100;да
