B узла, масс. %;SI узла, масс. %;узел;оси задания;T, °C;режим;фаза;мольная доля фазы, %;массовая доля фазы, %;x(NI);x(CR);x(MO);x(B);x(SI);x(AL);x(C);x(FE);x(MN);x(NB);x(S);x(TI);NI, масс. %;CR, масс. %;MO, масс. %;B, масс. %;SI, масс. %;AL, масс. %;C, масс. %;FE, масс. %;MN, масс. %;NB, масс. %;S, масс. %;TI, масс. %
0,0;0,1;"B=0; Si=0.1";ось бора, перекрёстные узлы;580,0;служба;FCC_A1;70,15211416001122;68,1416543787429;0,7129801890617852;0,23453263881903164;0,028629225760653427;7,670582457379343e-08;0,0030228196443454866;0,0053913405672239515;1,349492685872793e-06;0,007383641475235516;0,0072020089103209855;0,0005350544268094421;9,99998573801415e-15;0,0003216551360739383;72,28360264655723;21,06548404091871;4,74468664082934;1,4324927343968192e-06;0,14665356121633333;0,2512821957250083;2,7999348086271054e-05;0,7123093857847329;0,6834782787390699;0,08587006888956111;5,539140568524921e-13;0,026603749498669255
0,0;0,1;"B=0; Si=0.1";ось бора, перекрёстные узлы;580,0;служба;GAMMA_PRIME;1,4330764087135646;1,2984022873084817;0,7481872089267729;0,04244800784647896;0,0057674512350461985;0,0;0,0001004491907438521;0,12141336835727622;0,0;0,010868998931162166;0,0;0,0006654914185877705;0,0;0,07054902409393202;81,32135208199793;4,0874970297359265;1,0247403738877823;0,0;0,005224669271916801;6,0668526046212765;0,0;1,1241379168511743;0,0;0,11450337660488727;0,0;6,255691947029085
0,0;0,1;"B=0; Si=0.1";ось бора, перекрёстные узлы;580,0;служба;M23C6;0,11945635254807248;0,09839113319232029;0,17068543755163648;0,5187417743905829;0,09669654843906822;1,1114244957849042e-06;0,0;0,0;0,2068954402996421;0,00022119361378191598;9,299965878841594e-06;0,0;0,0;0,006749194314913805;20,40722693792794;54,94707430627127;18,89879443704029;2,4477623278131617e-05;0,0;0,0;5,0623655402344925;0,02516493699218824;0,0010408247597604259;0,0;0,0;0,6583085391507931
0,0;0,1;"B=0; Si=0.1";ось бора, перекрёстные узлы;580,0;служба;MNS_Q;0,0743438416491912;0,054265567785663625;0,0;0,0;0,0;0,0;0,0;0,0;0,0;1,1186938543874237e-07;0,4999998881306146;0,0;0,5;0,0;0,0;0,0;0,0;0,0;0,0;0,0;0,0;1,4361568557751989e-05;63,14420897868792;0,0;36,855776659743526;0,0
0,0;0,1;"B=0; Si=0.1";ось бора, перекрёстные узлы;580,0;служба;P_PHASE;28,221009192277986;30,40728663297063;0,41861499825836446;0,36709928745592124;0,21428571428571427;0,0;0,0;0,0;0,0;0,0;0,0;0,0;0,0;0,0;38,259905524813355;29,72476816569136;32,01532630949528;0,0;0,0;0,0;0,0;0,0;0,0;0,0;0,0;0,0
0,0;0,1;"B=0; Si=0.1";ось бора, перекрёстные узлы;595,0;служба;FCC_A1;70,94025738602238;68,96786181778029;0,7104657046664948;0,23530265711493373;0,030275602307674548;7,600773550888855e-08;0,002989253042636247;0,005565629592754309;1,7370497356163566e-06;0,0073351894996390625;0,007121993064982485;0,0005302511224142166;9,999981869424616e-15;0,00041190653098922906;71,96533537249704;21,116060222546054;5,013126127973934;1,418207528979478e-06;0,14489752433623915;0,2591774179091625;3,6008708563036225e-05;0,7070128578811997;0,6752903084599545;0,08502435655989939;5,534267235581691e-13;0,034038384919877804
0,0;0,1;"B=0; Si=0.1";ось бора, перекрёстные узлы;595,0;служба;GAMMA_PRIME;1,2913320771087435;1,169415630353438;0,7480159958814775;0,04023295395409479;0,0057587249516145795;0,0;0,00011055237066267989;0,1218752192792751;0,0;0,010215962500255518;0,0;0,0006758510689127476;0,0;0,07311473999370705;81,34187274947693;3,876064788591943;1,0236823674493498;0,0;0,005752934008431581;6,092861644676344;0,0;1,0571054480514825;0,0;0,1163418082293689;0,0;6,486318259516139
0,0;0,1;"B=0; Si=0.1";ось бора, перекрёстные узлы;595,0;служба;M23C6;0,11931824358865223;0,09828771284100374;0,17335560877662903;0,5160558362087306;0,09643077271076474;1,0297656924673681e-06;0,0;0,0;0,2068955219584454;0,00023596119305440634;1,04227665411946e-05;0,0;0,0;0,007014846620142147;20,72429459461939;54,65682237756029;18,844868492961925;2,267681391868517e-05;0,0;0,0;5,061835275383652;0,02684220458199978;0,0011663626537100494;0,0;0,0;0,6841480154251147
0,0;0,1;"B=0; Si=0.1";ось бора, перекрёстные узлы;595,0;служба;MNS_Q;0,07434385363583773;0,054265576614539644;0,0;0,0;0,0;0,0;0,0;0,0;0,0;1,5032171422024409e-07;0,49999984967828576;0,0;0,49999999999999994;0,0;0,0;0,0;0,0;0,0;0,0;0,0;0,0;1,9298001810695396e-05;63,1442040718677;0,0;36,85577663013049;0,0
0,0;0,1;"B=0; Si=0.1";ось бора, перекрёстные узлы;595,0;служба;P_PHASE;27,57474832560498;29,71016926241074;0,41835967331253054;0,3673546124017551;0,21428571428571427;0,0;0,0;0,0;0,0;0,0;0,0;0,0;0,0;0,0;38,237587477263865;29,74623406834319;32,01617845439294;0,0;0,0;0,0;0,0;0,0;0,0;0,0;0,0;0,0
0,0;1,0;"B=0; Si=1";ось кремния;580,0;служба;FCC_A1;65,38782663403741;62,69844037011486;0,7138252536128066;0,21824886661717313;0,014297259160316437;8,21828625414108e-09;0,03200758427581744;0,005165809066836617;2,3289486511114516e-07;0,007878207700806501;0,007650587173623505;0,0005750392130031972;9,999997588867564e-15;0,0003511520664552684;74,04061388784469;20,055612285210273;2,4241891145395416;1,5702222417448477e-07;1,588726174638093;0,24633100412501766;4,9437109837245125e-06;0,7775731719542912;0,7428166096606149;0,0944184977391132;5,667071298724366e-13;0,029714153554593756
0,0;1,0;"B=0; Si=1";ось кремния;580,0;служба;GAMMA_PRIME;1,5126773172279295;1,3673112506547727;0,7476418477111266;0,030053233745962454;0,003397358525109173;0,0;0,005407970081717781;0,13815398058697115;0,0;0,008713182861701793;0,0;0,0003363621770329039;0,0;0,06629606431037828;82,2641183204589;2,9296374597121506;0,6110740349261019;0,0;0,284753568978671;6,988482344033067;0,0;0,912282644770999;0,0;0,05858757501101464;0,0;5,951064052109099
0,0;1,0;"B=0; Si=1";ось кремния;580,0;служба;M23C6_WY;0,11868111453268321;0,09138144397962492;0,012772255892702786;0,743292422067489;0,03703749562893962;4,1474754848647086e-05;0,0;0,0;0,20685507696928934;0,0;0,0;0,0;0,0;1,2746867305758274e-06;1,6497918308772326;85,0603310197899;7,82057626593335;0,0009868408603418807;0,0;0,0;5,468179718100376;0,0;0,0;0,0;0,0;0,0001343244388115023
0,0;1,0;"B=0; Si=1";ось кремния;580,0;служба;MNS_Q;0,0736107709542433;0,05426557630176682;0,0;0,0;0,0;0,0;0,0;0,0;0,0;8,424577163077866e-08;0,49999991575422836;0,0;0,5;0,0;0,0;0,0;0,0;0,0;0,0;0,0;0,0;1,0815304123906487e-05;63,14421250367876;0,0;36,85577668101712;0,0
0,0;1,0;"B=0; Si=1";ось кремния;580,0;служба;P_PHASE;32,90720408939064;35,788601358948966;0,41298216900903434;0,3727321167052513;0,21428571428571427;0,0;0,0;0,0;0,0;0,0;0,0;0,0;0,0;0,0;37,76726167585873;30,19860194887662;32,03413637526465;0,0;0,0;0,0;0,0;0,0;0,0;0,0;0,0;0,0
0,0;1,0;"B=0; Si=1";ось кремния;595,0;служба;FCC_A1;65,96846199306387;63,30389660165352;0,7119544115482149;0,21884649970988762;0,015595179153525842;1,040266048358176e-08;0,03173499483923445;0,005426435111784812;3,3101901879523703e-07;0,007838803426379033;0,007583248939555622;0,0005704818538932898;9,999996585782365e-15;0,0004496039958350065;73,78974995657632;20,095058906853836;2,642225174375854;1,9860493489754726e-07;1,573984081181979;0,2585598527683956;7,021208303063933e-06;0,7730887725220699;0,7357121051541152;0,09359813830909215;5,662710817661117e-13;0,03801579244454246
0,0;1,0;"B=0; Si=1";ось кремния;595,0;служба;GAMMA_PRIME;1,3689729142616671;1,2373192571314329;0,747452622167138;0,02872234681799526;0,00348858225148417;0,0;0,005535597378545222;0,13790618736344884;0,0;0,00818519114005836;0,0;0,0003473854812269523;0,0;0,06836208740010309;82,24976974635655;2,8001208058612916;0,627531589244607;0,0;0,29149664894018024;6,9764967662997766;0,0;0,8570686024029612;0,0;0,06051237618079017;0,0;6,13700346471384
0,0;1,0;"B=0; Si=1";ось кремния;595,0;служба;M23C6_WY;0,11864850269949347;0,09141939026947914;0,014008127751378645;0,7415303213284873;0,03756294077425376;4,023769591462739e-05;0,0;0,0;0,20685631402822324;0,0;0,0;0,0;0,0;2,0584217424755166e-06;1,8081812980050398;84,80014970247518;7,926054776328787;0,000956746189793742;0,0;0,0;5,464440713442688;0,0;0,0;0,0;0,0;0,00021676355851227286
0,0;1,0;"B=0; Si=1";ось кремния;595,0;служба;MNS_Q;0,07361077663130165;0,054265580484687506;0,0;0,0;0,0;0,0;0,0;0,0;0,0;1,1451142026847952e-07;0,4999998854885798;0,0;0,49999999999999994;0,0;0,0;0,0;0,0;0,0;0,0;0,0;0,0;1,4700747718338554e-05;63,14420864154346;0,0;36,85577665770883;0,0
0,0;1,0;"B=0; Si=1";ось кремния;595,0;служба;P_PHASE;32,47030580302274;35,31309917046087;0,4128875545748069;0,37282673113947873;0,21428571428571427;0,0;0,0;0,0;0,0;0,0;0,0;0,0;0,0;0,0;37,758981811000915;30,20656567297094;32,034452516028146;0,0;0,0;0,0;0,0;0,0;0,0;0,0;0,0;0,0
0,0;2,0;"B=0; Si=2";ось кремния, перекрёстные узлы;580,0;служба;FCC_A1;63,58884674716509;60,49623474950143;0,6996750657365328;0,2064163395714638;0,009190255756528955;1,4440385366379346e-09;0,06316515907008347;0,004750348889349709;3,990642471674909e-08;0,00819062998874817;0,00778176879280436;0,0005855644500334973;9,999999586494279e-15;0,00024482639398203137;73,94679152495563;19,327373337422074;1,5877646920215065;2,811275960987591e-08;3,1946154115730687;0,23080811268092896;8,631391500879911e-07;0,8237131212328803;0,7698568822299355;0,09796685426872206;5,774356574299374e-13;0,021109172362798707
0,0;2,0;"B=0; Si=2";ось кремния, перекрёстные узлы;580,0;служба;GAMMA_PRIME;2,0667616836054767;1,8534054068826646;0,7495449512279284;0,013718766516238651;0,0009254555695758965;0,0;0,06775464589412311;0,11552789125220331;0,0;0,0008519081933852422;0,0;0,00022304937026000564;0,0;0,0514533319762852;84,04037729002802;1,3627343419342752;0,16962172999184055;0,0;3,635360135611058;5,9549727814398885;0,0;0,0908905736560633;0,0;0,03958884525475006;0,0;4,706454302084108
0,0;2,0;"B=0; Si=2";ось кремния, перекрёстные узлы;580,0;служба;M23C6_WY;0,11745767689148917;0,0912641610570669;0,006729767693609866;0,7502939140515013;0,03607904315603528;4,520142122682835e-05;0,0;0,0;0,20685135030291107;0,0;0,0;0,0;0,0;7,233747155038371e-07;0,8708664275452226;86,01787804911703;7,632065543398846;0,001077470338944806;0,0;0,0;5,478036142757823;0,0;0,0;0,0;0,0;7,636684213699163e-05
0,0;2,0;"B=0; Si=2";ось кремния, перекрёстные узлы;580,0;служба;MNS_Q;0,07281302617069754;0,05426559018739425;0,0;0,0;0,0;0,0;0,0;0,0;0,0;6,785118958311242e-08;0,4999999321488104;0,0;0,5;0,0;0,0;0,0;0,0;0,0;0,0;0,0;0,0;8,710600384524082e-06;63,14421459575665;0,0;36,855776693642966;0,0
0,0;2,0;"B=0; Si=2";ось кремния, перекрёстные узлы;580,0;служба;P_PHASE;34,15412089930079;37,50483009237145;0,4010236903525728;0,3846905953617129;0,21428571428571427;0,0;0,0;0,0;0,0;0,0;0,0;0,0;0,0;0,0;36,719458897908744;31,206397652327677;32,07414344976358;0,0;0,0;0,0;0,0;0,0;0,0;0,0;0,0;0,0
0,0;2,0;"B=0; Si=2";ось кремния, перекрёстные узлы;595,0;служба;FCC_A1;64,10480240847485;61,021941733893314;0,6981962938829368;0,2068735688695885;0,010198406406349668;1,955848552521564e-09;0,06292965654287726;0,0050441573591913855;5,906855816327539e-08;0,008126587450827397;0,00771913625921898;0,0005813680472779697;9,999999389754923e-15;0,0003307641573155094;73,74836838208267;19,359124350963405;1,7609328546851553;3,805501154093686e-08;3,1808873504861257;0,2449436177889024;1,2768688866828017e-06;0,8168058309994;0,7632245296250509;0,09720924239534356;5,771059200485965e-13;0,02850252604946538
0,0;2,0;"B=0; Si=2";ось кремния, перекрёстные узлы;595,0;служба;GAMMA_PRIME;1,8743712083556927;1,6820692948024192;0,7494563717720478;0,01332374524182453;0,0009824705652889472;0,0;0,06537612502526195;0,11602989972946998;0,0;0,0008750252123215898;0,0;0,0002282761105875363;0,0;0,05372808634319777;83,97082342207857;1,3225563996761338;0,1799439328184561;0,0;3,5052522889039444;5,97660559353206;0,0;0,09329070205345165;0,0;0,040487787280187294;0,0;4,911039873657207
0,0;2,0;"B=0; Si=2";ось кремния, перекрёстные узлы;595,0;служба;M23C6_WY;0,11745122604446766;0,09129590832967259;0,007423882215869523;0,749289308566645;0,03638907015906018;4,4898613842520104e-05;0,0;0,0;0,2068516531102954;0,0;0,0;0,0;0,0;1,187334287346705e-06;0,9603015897884426;85,86811638765379;7,69454843635973;0,0010698213629711446;0,0;0,0;5,475838468139822;0,0;0,0;0,0;0,0;0,000125296695259225
0,0;2,0;"B=0; Si=2";ось кремния, перекрёстные узлы;595,0;служба;MNS_Q;0,07281301287462436;0,05426558026777943;0,0;0,0;0,0;0,0;0,0;0,0;0,0;9,253804297326677e-08;0,499999907461957;0,0;0,5;0,0;0,0;0,0;0,0;0,0;0,0;0,0;0,0;1,1879849376890823e-05;63,144211445519566;0,0;36,855776674631045;0,0
0,0;2,0;"B=0; Si=2";ось кремния, перекрёстные узлы;595,0;служба;P_PHASE;33,83056215731009;37,150427482706796;0,4012554258775931;0,3844588598366925;0,21428571428571427;0,0;0,0;0,0;0,0;0,0;0,0;0,0;0,0;0,0;36,739788447915366;31,18684432265447;32,073367229430175;0,0;0,0;0,0;0,0;0,0;0,0;0,0;0,0;0,0
0,0;3,5;"B=0; Si=3.5";ось кремния;595,0;служба;FCC_A1;50,34003443420353;48,42554345858425;0,695500268383132;0,19955361041023426;0,010000453039125055;1,3377629163664873e-09;0,07114575187546952;0,007692767887880643;4,066703560649666e-08;0,007382516534340512;0,008674099999862852;2,4979075470271013e-05;9,999999579950953e-15;2,551078967648734e-05;73,87711579606434;18,7792414267311;1,7364724983418076;2,6175412879992766e-08;3,616426591167042;0,3756625335880045;8,840365143268149e-07;0,7461957951552596;0,8624735600228663;0,004200205243760321;5,803544122077659e-13;0,0022106834732801236
0,0;3,5;"B=0; Si=3.5";ось кремния;595,0;служба;GAMMA_PRIME;1,1511141792792088;1,0352507876912642;0,7496522074977656;0,016608658354540284;0,0011018921901864546;0,0;0,09205413221391157;0,12590603793354935;0,0;0,00046855384271731355;0,0;5,4382279792809505e-06;0,0;0,014203079739350227;85,17385092295336;1,6718096826506448;0,20465443880065415;0,0;5,005042824292706;6,57651236434581;0,0;0,05065726076063992;0,0;0,0009781048030504977;0,0;1,316494401393132
0,0;3,5;"B=0; Si=3.5";ось кремния;595,0;служба;G_PHASE;14,376969467958;12,52515815981076;0,5517241379310344;0,18390992520382526;0,0;0,0;0,2413793103448275;0,0;0,0;0,009880964527400189;0,003496124823228592;0,002492155671350774;0,0;0,007117381498333189;64,71124295984458;19,1103548060628;0,0;0,0;13,548020637077235;0,0;0,0;1,1027900429275428;0,3838428210512672;0,4627159247638636;0,0;0,6810328082726996
0,0;3,5;"B=0; Si=3.5";ось кремния;595,0;служба;M23C6_WY;0,11558093608663922;0,09130518347067028;0,006637940120597277;0,7499277705111045;0,03653764752637677;4,5270114108741104e-05;0,0;0,0;0,2068512816100292;0,0;0,0;0,0;0,0;9,011778350911464e-08;0,858613533416702;85,93887435261647;7,725748844770327;0,0010786430415364204;0,0;0,0;5,475675116496236;0,0;0,0;0,0;0,0;9,509658751729957e-06
0,0;3,5;"B=0; Si=3.5";ось кремния;595,0;служба;MNS_Q;0,0716482652423947;0,05426557635003645;0,0;0,0;0,0;0,0;0,0;0,0;0,0;7,195046351058589e-08;0,4999999280495364;0,0;0,5;0,0;0,0;0,0;0,0;0,0;0,0;0,0;0,0;9,236856994240522e-06;63,144214072656986;0,0;36,855776690486024;0,0
0,0;3,5;"B=0; Si=3.5";ось кремния;595,0;служба;P_PHASE;33,94465222821103;37,868476834093016;0,39791746292156976;0,38779682279271604;0,21428571428571436;0,0;0,0;0,0;0,0;0,0;0,0;0,0;0,0;0,0;36,446862684647904;31,46858563109862;32,084551684253455;0,0;0,0;0,0;0,0;0,0;0,0;0,0;0,0;0,0
0,0;5,0;"B=0; Si=5";ось кремния, перекрёстные узлы;595,0;служба;FCC_A1;32,32834879179842;31,600089449433383;0,6975174761499875;0,1952382684762417;0,010354111589674461;1,3991753784930399e-09;0,07179423878428354;0,008037238903197616;4,2418357210860634e-08;0,006570666673694432;0,010464670960206956;1,1566023110471301e-05;9,999999561823592e-15;1,1718622060613464e-05;74,08257585671187;18,37095587581663;1,797667748696414;2,7373787602628594e-08;3,6489560012954496;0,3924374844744544;9,219977976011988e-07;0,6640582192004799;1,0403879035376058;0,001944583334577851;5,802853959952828e-13;0,0010153775603432152
0,0;5,0;"B=0; Si=5";ось кремния, перекрёстные узлы;595,0;служба;GAMMA_PRIME;2,0693742433561164;1,8877698955984765;0,7497087339683289;0,017962872016355897;0,0012348463358318083;0,0;0,09517419009164906;0,12756354807149847;0,0;0,0004270481521842342;0,0;2,321179370665245e-06;0,0;0,007926440184781088;85,31950430273615;1,811078831505977;0,22972289213202385;0,0;5,183140642803833;6,673981029719695;0,0;0,04624537860812368;0,0;0,00041816336118613876;0,0;0,7359087591330298
0,0;5,0;"B=0; Si=5";ось кремния, перекрёстные узлы;595,0;служба;G_PHASE;31,26374125390676;27,65167645510002;0,5517241379310344;0,18862613522273083;0,0;0,0;0,24137931034482757;0,0;0,0;0,009366599640359595;0,00450830117662809;0,0011556718019440715;0,0;0,0032398438824753546;64,76005901483205;19,61520914906337;0,0;0,0;13,558240822784398;0,0;0,0;1,0461716514088577;0,49534400125881883;0,2147342355066784;0,0;0,31024112514581326
0,0;5,0;"B=0; Si=5";ось кремния, перекрёстные узлы;595,0;служба;M23C6_WY;0,11376438784274091;0,09132798879299128;0,006895852876655094;0,7494804788094074;0,03672707512829734;4,55917946743885e-05;0,0;0,0;0,20685095992946356;0,0;0,0;0,0;0,0;4,146150228332493e-08;0,8917768573481167;85,8685959265266;7,764082803595425;0,001086067096285823;0,0;0,0;5,474453971186821;0,0;0,0;0,0;0,0;4,3742467380711325e-06
0,0;5,0;"B=0; Si=5";ось кремния, перекрёстные узлы;595,0;служба;MNS_Q;0,07052019750818553;0,054265574482927126;0,0;0,0;0,0;0,0;0,0;0,0;0,0;5,289203482199445e-08;0,4999999471079653;0,0;0,5;0,0;0,0;0,0;0,0;0,0;0,0;0,0;0,0;6,7901739355415495e-06;63,14421650466272;0,0;36,85577670516335;0,0
0,0;5,0;"B=0; Si=5";ось кремния, перекрёстные узлы;595,0;служба;P_PHASE;34,15425079661401;38,71487063659219;0,39867637661800354;0,387037909096282;0,21428571428571427;0,0;0,0;0,0;0,0;0,0;0,0;0,0;0,0;0,0;36,51347974062969;31,404512139208922;32,0820081201614;0,0;0,0;0,0;0,0;0,0;0,0;0,0;0,0;0,0
0,1;0,1;"B=0.1; Si=0.1";ось бора;580,0;служба;FCC_A1;72,67046406824296;70,73062064076652;0,7074835142361268;0,24330824212349306;0,026160328900811738;7,765538870930844e-07;0,002904987689578038;0,005285425852964484;1,2575757717073948e-06;0,00710559683760961;0,00692130225632334;0,0005135094511288565;9,999979658702665e-15;0,0003150585222953859;71,90345325090229;21,907663954360764;4,346225229139692;1,453807080836499e-05;0,14128490721901282;0,24695398183439723;2,615668144010052e-05;0,6871787571141486;0,6584608753468129;0,08261585233123037;5,552815188564742e-13;0,026122496998864733
0,1;0,1;"B=0.1; Si=0.1";ось бора;580,0;служба;GAMMA_PRIME;1,3737062078480125;1,2495907656017258;0,7482325355111438;0,0423844331301778;0,004912674657187478;0,0;0,00010504551792229316;0,12058034191364242;0,0;0,010121730819834055;0,0;0,000727675599483046;0,0;0,07293556285060909;81,36649376333911;4,083393354877772;0,873298313641919;0,0;0,005466440057036334;6,028206881442412;0,0;1,0473685658170726;0,0;0,1252645976981248;0,0;6,470508083126554
0,1;0,1;"B=0.1; Si=0.1";ось бора;580,0;служба;M23C6;0,11894210128277442;0,09828435209876225;0,1630258709398334;0,5264187669713046;0,09648009407728429;1,3181436668295765e-05;0,0;0,0;0,20688337028746961;0,0002051583731946158;8,768231490162354e-06;0,0;0,0;0,0069647896827550035;19,515995798892277;55,830481849822654;18,88023996471918;0,00029066898367694687;0,0;0,0;5,0684460366403234;0,023370024766114994;0,0009825506098209578;0,0;0,0;0,6801931055659651
0,1;0,1;"B=0.1; Si=0.1";ось бора;580,0;служба;M2B;1,646232106213462;1,7681590095281106;0,005390293968643369;0,08228327466725985;0,5784491487579853;0,333333;0,0;0,0;0,0;0,0005442826061115938;0,0;0,0;0,0;0,0;0,4964381622845295;6,713826303626483;87,08703394760568;5,65500218791899;0,0;0,0;0,0;0,04769939856432222;0,0;0,0;0,0;0,0
0,1;0,1;"B=0.1; Si=0.1";ось бора;580,0;служба;MNS_Q;0,07401101075401574;0,05426557512994125;0,0;0,0;0,0;0,0;0,0;0,0;0,0;1,0987850998962942e-07;0,49999989012148993;0,0;0,5;0,0;0,0;0,0;0,0;0,0;0,0;0,0;0,0;1,4105983939363335e-05;63,144209232739314;0,0;36,85577666127675;0,0
0,1;0,1;"B=0.1; Si=0.1";ось бора;580,0;служба;P_PHASE;24,116644606645917;26,099079656874952;0,4176091226974945;0,3681051630167912;0,21428571428571427;0,0;0,0;0,0;0,0;0,0;0,0;0,0;0,0;0,0;38,17197469166092;29,80934163477995;32,018683673559124;0,0;0,0;0,0;0,0;0,0;0,0;0,0;0,0;0,0
0,1;0,1;"B=0.1; Si=0.1";ось бора;595,0;служба;FCC_A1;73,4526303973465;71,55270618991302;0,7050859946266519;0,24402445442047807;0,027741822259495237;9,819268999493926e-07;0,0028740808330017693;0,005449937287368962;1,6199407399481998e-06;0,007059294638894823;0,00684759852188229;0,0005092402468539749;9,999973981322929e-15;0,0004049752977227887;71,59889800769247;21,953482667618612;4,605055189107395;1,836729348008554e-05;0,1396629717331965;0,2544241774029445;3,3664985746582296e-05;0,6821208076758956;0,6508955087241042;0,08185938780108255;5,548093846254477e-13;0,033549249964514256
0,1;0,1;"B=0.1; Si=0.1";ось бора;595,0;служба;GAMMA_PRIME;1,2354497766500385;1,1233612134978375;0,7480638453359247;0,04017402173160618;0,004932445695733895;0,0;0,00011518715526412081;0,12094711506641222;0,0;0,009502092754217387;0,0;0,000737825977538837;0,0;0,07552746628330269;81,38180098152597;3,8720393919833103;0,8771756116369628;0,0;0,005996678069028113;6,049044357780377;0,0;0,9836568841028162;0,0;0,12706446015213566;0,0;6,703221634749386
0,1;0,1;"B=0.1; Si=0.1";ось бора;595,0;служба;M23C6;0,11881000541058195;0,09818707279877165;0,16580874750728114;0,5236211908608228;0,09621474077531336;1,5495677974680062e-05;0,0;0,0;0,20688105604616325;0,00021891522526964953;9,839024794303775e-06;0,0;0,0;0,007230014882380744;19,84673643919606;55,527063051420036;18,826035893966594;0,00034165989568882266;0,0;0,0;5,067776409717782;0,024934081227875993;0,0011024082487183131;0,0;0,0;0,7060100563272497
0,1;0,1;"B=0.1; Si=0.1";ось бора;595,0;служба;M2B;1,646184212475231;1,769707253018286;0,005856546155400757;0,08057238171556605;0,5796897789716846;0,33333300000000005;0,0;0,0;0,0;0,0005482931573487522;0,0;0,0;0,0;0,0;0,5388917471357906;6,568285011484071;87,19492530011287;5,649890503529331;0,0;0,0;0,0;0,04800743773795303;0,0;0,0;0,0;0,0
0,1;0,1;"B=0.1; Si=0.1";ось бора;595,0;служба;MNS_Q;0,07401099867754535;0,05426556650299034;0,0;0,0;0,0;0,0;0,0;0,0;0,0;1,4753744731128608e-07;0,4999998524625527;0,0;0,5;0,0;0,0;0,0;0,0;0,0;0,0;0,0;0,0;1,8940563180065085e-05;63,144204427162094;0,0;36,855776632274726;0,0
0,1;0,1;"B=0.1; Si=0.1";ось бора;595,0;служба;P_PHASE;23,472914391952678;25,40177270426909;0,4173595500481999;0,36835473566608573;0,21428571428571427;0,0;0,0;0,0;0,0;0,0;0,0;0,0;0,0;0,0;38,150154891840984;29,830328313734668;32,01951679442435;0,0;0,0;0,0;0,0;0,0;0,0;0,0;0,0;0,0
0,3;0,1;"B=0.3; Si=0.1";ось бора;580,0;служба;CR2B;1,457207623193652;0,9523726740091047;0,0;0,6239469353345192;0,0;0,333333;0,0;0,0;0,0;0,04272006466548085;0,0;0,0;0,0;0,0;0,0;84,41553895726877;0,0;9,376677623712057;0,0;0,0;0,0;6,207783419019174;0,0;0,0;0,0;0,0
0,3;0,1;"B=0.3; Si=0.1";ось бора;580,0;служба;FCC_A1;74,82501990651065;73,46701109327348;0,7073865922549223;0,24515250903156102;0,02596306927694751;8,104095184586715e-07;0,002796371974292285;0,0051883224865010135;1,2622686671467463e-06;0,006024565457915545;0,006662350885737158;0,0004950191664955283;9,9999792732174e-15;0,00032912678743197667;71,90609447173166;22,077558540872946;4,314202377320467;1,5174527189411799e-05;0,1360259815283788;0,24245908603211436;2,6258852064206685e-05;0,5827339805005419;0,6339355609851305;0,07965488485165811;5,553779787628412e-13;0,0272936827972978
0,3;0,1;"B=0.3; Si=0.1";ось бора;580,0;служба;GAMMA_PRIME;1,3024226433444193;1,1951167568833498;0,7483228669009023;0,04204244388877731;0,004748913996684333;0,0;0,00010574255431908218;0,12026911580371372;0,0;0,009040046727142868;0,0;0,0007192093604506377;0,0;0,07475166076800963;81,39261957079641;4,051256945601623;0,844356632129178;0,0;0,0055038153768529425;6,013852225895314;0,0;0,9356263065750483;0,0;0,12383199321323486;0,0;6,632952510412322
0,3;0,1;"B=0.3; Si=0.1";ось бора;580,0;служба;M23C6;0,11786813312929298;0,09824983985581;0,16222936055672146;0,5272485812392722;0,09639459489181969;1,3767104207928687e-05;0,0;0,0;0,20688278461992995;0,0001723218131583179;8,362732572124614e-06;0,0;0,0;0,007050227042318347;19,424435999592596;55,929405962822884;18,867191104133695;0,00030364303163533664;0,0;0,0;5,069421143679047;0,019633374736763114;0,0009372941483888734;0,0;0,0;0,6886714778549942
0,3;0,1;"B=0.3; Si=0.1";ось бора;580,0;служба;M2B;3,4379897537530324;3,7207988839808666;0,0052824828604961785;0,0843375219244363;0,5765690889245885;0,33333299999999993;0,0;0,0;0,0;0,00047790629047907;0,0;0,0;0,0;0,0;0,4871479573824899;6,890479593960502;86,91800491586254;5,662430154678276;0,0;0,0;0,0;0,04193737811618267;0,0;0,0;0,0;0,0
0,3;0,1;"B=0.3; Si=0.1";ось бора;580,0;служба;MNS_Q;0,07335419321282605;0,05426558232210431;0,0;0,0;0,0;0,0;0,0;0,0;0,0;9,679763154580306e-08;0,4999999032023685;0,0;0,49999999999999994;0,0;0,0;0,0;0,0;0,0;0,0;0,0;0,0;1,2426686860384215e-05;63,14421090196252;0,0;36,85577667135063;0,0
0,3;0,1;"B=0.3; Si=0.1";ось бора;580,0;служба;P_PHASE;18,786137736327223;20,51218516967528;0,4174913741050516;0,368222911609234;0,2142857142857143;0,0;0,0;0,0;0,0;0,0;0,0;0,0;0,0;0,0;38,16168023266056;29,819243032035462;32,019076735303976;0,0;0,0;0,0;0,0;0,0;0,0;0,0;0,0;0,0
0,3;0,1;"B=0.3; Si=0.1";ось бора;595,0;служба;CR2B;1,162176264599536;0,7594981881859291;0,0;0,6246535363351655;0,0;0,333333;0,0;0,0;0,0;0,042013463664834536;0,0;0,0;0,0;0,0;0,0;84,51712107592766;0,0;9,377341569024082;0,0;0,0;0,0;6,105537355048254;0,0;0,0;0,0;0,0
0,3;0,1;"B=0.3; Si=0.1";ось бора;595,0;служба;FCC_A1;76,1602819930399;74,78237385786846;0,7030288171044942;0,2485695585486424;0,02676688972374707;1,0705117483269996e-06;0,002747366847736503;0,005319716712528919;1,5869937129841657e-06;0,006116833942453419;0,006545543408945645;0,0004871270667792899;9,999973424944725e-15;0,00041548913920137304;71,45898294329356;22,383988303809627;4,447512915399042;2,0043654095800355e-05;0,13363444286775272;0,24858495110476084;3,3012161976932736e-05;0,5916244766048541;0,6227850037654956;0,07838040218645;5,553454630469892e-13;0,034453505151814966
0,3;0,1;"B=0.3; Si=0.1";ось бора;595,0;служба;GAMMA_PRIME;1,1610434836976922;1,0648992639383752;0,7481477851650371;0,03987067031844074;0,004556976664527073;0,0;0,00011720161413571486;0,12032833764668478;0,0;0,008445285961125875;0,0;0,0007551816599351806;0,0;0,0777785609701135;81,41075087418972;3,8437375691644298;0,8106003278573849;0,0;0,006103037088212557;6,019562209484959;0,0;0,8744690928238982;0,0;0,1300850303624782;0,0;6,904691859028919
0,3;0,1;"B=0.3; Si=0.1";ось бора;595,0;служба;M23C6;0,11774283384431097;0,098119130325002;0,16258227190079888;0,5268815618851984;0,096071404045663;1,782570558449588e-05;0,0;0,0;0,20687872601855342;0,00018599011295880732;9,281009549393719e-06;0,0;0,0;0,007372939321693657;19,471902638108254;55,905434566357364;18,808966967948034;0,00039326354382232233;0,0;0,0;5,0706786912873545;0,02119633616262129;0,0010404929845889356;0,0;0,0;0,7203870436079749
0,3;0,1;"B=0.3; Si=0.1";ось бора;595,0;служба;M2B;3,7329570149174316;4,033228013227676;0,00546139406183217;0,08658039534550856;0,5740992335365008;0,333333;0,0;0,0;0,0;0,0005259770561585552;0,0;0,0;0,0;0,0;0,5044964739127972;7,0856551430435895;86,6916348496672;5,671979992014547;0,0;0,0;0,0;0,0462335413618571;0,0;0,0;0,0;0,0
0,3;0,1;"B=0.3; Si=0.1";ось бора;595,0;служба;MNS_Q;0,07335419911431289;0,05426558670567869;0,0;0,0;0,0;0,0;0,0;0,0;0,0;1,3285659075241937e-07;0,49999986714340927;0,0;0,5;0,0;0,0;0,0;0,0;0,0;0,0;0,0;0,0;1,7055864105449336e-05;63,144206300555105;0,0;36,855776643580796;0,0
0,3;0,1;"B=0.3; Si=0.1";ось бора;595,0;служба;P_PHASE;17,592444265935487;19,20761595974887;0,4168918492570843;0,36882243645720136;0,21428571428571425;0,0;0,0;0,0;0,0;0,0;0,0;0,0;0,0;0,0;38,10926138505633;29,869660429762508;32,02107818518116;0,0;0,0;0,0;0,0;0,0;0,0;0,0;0,0;0,0
0,5;0,1;"B=0.5; Si=0.1";ось бора, перекрёстные узлы;580,0;служба;CR2B;2,9487003828347813;1,9437553369374687;0,0;0,6265152151693941;0,0;0,33333300000000005;0,0;0,0;0,0;0,04015178483060595;0,0;0,0;0,0;0,0;0,0;84,78482797205147;0,0;9,379091313378945;0,0;0,0;0,0;5,83608071456958;0,0;0,0;0,0;0,0
0,5;0,1;"B=0.5; Si=0.1";ось бора, перекрёстные узлы;580,0;служба;FCC_A1;76,82206098353215;76,09942240342583;0,7076984352687818;0,24619029547180457;0,0259630310973403;8,331391421419162e-07;0,0026997886717444897;0,005097224732796004;1,2734762749770301e-06;0,005094290596800923;0,006432076208861435;0,0004786178977955699;9,99997893384509e-15;0,00034413343864748936;71,93570050015303;22,17037284483168;4,314070518024104;1,559967456273581e-05;0,13132398801999184;0,23819500377569133;2,649123209224964e-05;0,4927375908798077;0,6120066745607738;0,07701347129314036;5,553618020200034e-13;0,028537317554598523
0,5;0,1;"B=0.5; Si=0.1";ось бора, перекрёстные узлы;580,0;служба;GAMMA_PRIME;1,2373945436226754;1,1453628096879922;0,7484041145504547;0,04172431564891935;0,0046578445224679885;0,0;0,0001060041103577072;0,11999836119001316;0,0;0,008059083616646673;0,0;0,0007063662439324705;0,0;0,0763439101172078;81,41284540135705;4,021164270458122;0,8282803525221932;0,0;0,005518201097072422;6,001153100191942;0,0;0,8342153331986448;0,0;0,12163770756193218;0,0;6,775185633613059
0,5;0,1;"B=0.5; Si=0.1";ось бора, перекрёстные узлы;580,0;служба;M23C6;0,11681108085465997;0,09822421236743917;0,16207346665062147;0,5274322640426711;0,09632889263612476;1,3982843048655809e-05;0,0;0,0;0,20688256888108925;0,00014485586555791708;8,016717392259195e-06;0,0;0,0;0,007115952363494576;19,407475961040852;55,9538087189983;18,855988637874226;0,00030842841079787247;0,0;0,0;5,069861474155603;0,01650551045266706;0,0008985917870034958;0,0;0,0;0,6951526772805368
0,5;0,1;"B=0.5; Si=0.1";ось бора, перекрёстные узлы;580,0;служба;M2B;5,138304634931876;5,607154708224561;0,005248759867288959;0,08524856532193885;0,5757594946802324;0,333333;0,0;0,0;0,0;0,00041018013053983345;0,0;0,0;0,0;0,0;0,48431248162945845;6,968861960377854;86,84517023417473;5,66564066410361;0,0;0,0;0,0;0,03601465971434316;0,0;0,0;0,0;0,0
0,5;0,1;"B=0.5; Si=0.1";ось бора, перекрёстные узлы;580,0;служба;MNS_Q;0,0727089043466217;0,05426556929672252;0,0;0,0;0,0;0,0;0,0;0,0;0,0;8,491846116897607e-08;0,49999991508153885;0,0;0,49999999999999994;0,0;0,0;0,0;0,0;0,0;0,0;0,0;0,0;1,0901662664909009e-05;63,144212417838276;0,0;36,85577668049905;0,0
0,5;0,1;"B=0.5; Si=0.1";ось бора, перекрёстные узлы;580,0;служба;P_PHASE;13,664019572464085;15,051814960059975;0,4174632945129941;0,3682509912012916;0,21428571428571425;0,0;0,0;0,0;0,0;0,0;0,0;0,0;0,0;0,0;38,159225268248825;29,821604261303353;32,01917047044781;0,0;0,0;0,0;0,0;0,0;0,0;0,0;0,0;0,0
0,5;0,1;"B=0.5; Si=0.1";ось бора, перекрёстные узлы;595,0;служба;CR2B;2,6443677917708954;1,743029726278051;0,0;0,6271588695830745;0,0;0,33333299999999993;0,0;0,0;0,0;0,03950813041692546;0,0;0,0;0,0;0,0;0,0;84,87740784834087;0,0;9,379696419628566;0,0;0,0;0,0;5,742895732030569;0,0;0,0;0,0;0,0
0,5;0,1;"B=0.5; Si=0.1";ось бора, перекрёстные узлы;595,0;служба;FCC_A1;78,17023435982233;77,43962436656388;0,7033497665694756;0,2495763526664839;0,026766357035877156;1,0995343343725681e-06;0,002653260040085485;0,005224419578398652;1,6004437794820457e-06;0,005201670915550782;0,006321143285688584;0,0004711262607520457;9,999973000218199e-15;0,0004332036695641436;71,48932104585622;22,47393311299895;4,447282280686485;2,058639862348312e-05;0,12905287721701164;0,24412401132349806;3,329088228274629e-05;0,5030931879651097;0,6014149162094105;0,0758033955645059;5,55327692483426e-13;0,03592129489736007
0,5;0,1;"B=0.5; Si=0.1";ось бора, перекрёстные узлы;595,0;служба;GAMMA_PRIME;1,0972030146397886;1,0151767034504648;0,7482304019264479;0,039597383239929555;0,004474050350826325;0,0;0,00011715224120917036;0,1200056230058136;0,0;0,007536452454108566;0,0;0,0007422663312145838;0,0;0,0792966704504502;81,42773379463462;3,8177660379388314;0,7959274257952424;0,0;0,006101064967079457;6,004007388949331;0,0;0,7804403238435692;0,0;0,12787283152369597;0,0;7,040151132347632
0,5;0,1;"B=0.5; Si=0.1";ось бора, перекрёстные узлы;595,0;служба;M23C6;0,11668166703998617;0,09808964601097751;0,1624450168329241;0,527047893198104;0,09600856034025229;1,8091364434479183e-05;0,0;0,0;0,20687846035970342;0,0001572672437882138;8,90217411736742e-06;0,0;0,0;0,007435808486676203;19,457072627982846;55,92770698136679;18,798217431552796;0,0003991574013665581;0,0;0,0;5,07109141400535;0,017924420393196437;0,0009981042996181782;0,0;0,0;0,726589862998037
0,5;0,1;"B=0.5; Si=0.1";ось бора, перекрёстные узлы;595,0;служба;M2B;5,442569942190427;5,929308994456724;0,005428821170591409;0,08746264178259755;0,5733218781337238;0,33333300000000005;0,0;0,0;0,0;0,00045365891308731573;0,0;0,0;0,0;0,0;0,5017612515057563;7,161763914176365;86,62150069621923;5,675075619499698;0,0;0,0;0,0;0,039898518598938996;0,0;0,0;0,0;0,0
0,5;0,1;"B=0.5; Si=0.1";ось бора, перекрёстные узлы;595,0;служба;MNS_Q;0,07270890962878372;0,0542655733475981;0,0;0,0;0,0;0,0;0,0;0,0;0,0;1,1716813155659037e-07;0,49999988283186847;0,0;0,5;0,0;0,0;0,0;0,0;0,0;0,0;0,0;0,0;1,5041811013333863e-05;63,144208302526145;0,0;36,855776655662844;0,0
0,5;0,1;"B=0.5; Si=0.1";ось бора, перекрёстные узлы;595,0;служба;P_PHASE;12,456234325670572;13,720504989892321;0,41686546693834653;0,3688488187759391;0,21428571428571427;0,0;0,0;0,0;0,0;0,0;0,0;0,0;0,0;0,0;38,10695452321631;29,87187921129253;32,02116626549115;0,0;0,0;0,0;0,0;0,0;0,0;0,0;0,0;0,0
0,5;2,0;"B=0.5; Si=2";перекрёстные узлы;580,0;служба;CR2B;5,391048413537858;3,628424523252924;0,0;0,6220453854457156;0,0;0,33333299999999993;0,0;0,0;0,0;0,04462161455428444;0,0;0,0;0,0;0,0;0,0;84,14224045650032;0,0;9,374891332376876;0,0;0,0;0,0;6,482868211122792;0,0;0,0;0,0;0,0
0,5;2,0;"B=0.5; Si=2";перекрёстные узлы;580,0;служба;FCC_A1;64,00341797697678;62,459359203245256;0,7185390786255624;0,19135845904987414;0,010695868850981501;7,310922384794148e-08;0,06196742249190676;0,004785267877723363;5,9474172453294846e-08;0,004184210578528789;0,007564764294050496;0,0005716652122274772;9,99999867416494e-15;0,00033313043573860563;75,66361220342323;17,85213526043142;1,8411465216295235;1,4181122520176916e-06;3,122612980436607;0,23165706881131196;1,2816815815516981e-06;0,41926243298768506;0,745659944507872;0,09529277306900802;5,753303692449267e-13;0,028618114908923294
0,5;2,0;"B=0.5; Si=2";перекрёстные узлы;580,0;служба;GAMMA_PRIME;1,8134083308538755;1,6656345134508734;0,7494369137005816;0,015461524861912988;0,0014557557843788043;0,0;0,05566106323116076;0,12292325832704735;0,0;0,000877850201633349;0,0;0,00016296939563087027;0,0;0,05402066449765427;83,84593479175334;1,5325162178122067;0,26623862365267115;0,0;2,9800014732016367;6,322424012319148;0,0;0,09345511639296554;0,0;0,02886253735249115;0,0;4,930567227515567
0,5;2,0;"B=0.5; Si=2";перекрёстные узлы;580,0;служба;M23C6_WY;0,11564229527487506;0,091932805001867;0,009065595730803157;0,7471508204950186;0,03688621692556256;0,00133928877271296;0,0;0,0;0,20555726295142498;0,0;0,0;0,0;0,0;8,151244778946324e-07;1,171854184482766;85,56404946474137;7,794296945491837;0,031889904069849186;0,0;0,0;5,4378235422459325;0,0;0,0;0,0;0,0;8,595896824975596e-05
0,5;2,0;"B=0.5; Si=2";перекрёстные узлы;580,0;служба;M2B;2,532736241328168;2,8215385153133856;0,002488786613512773;0,08701900011967559;0,5766146106177449;0,33333299999999993;0,0;0,0;0,0;0,00054460264906673;0,0;0,0;0,0;0,0;0,22957398829078773;7,111397116337863;86,94733281321673;5,6638935936744;0,0;0,0;0,0;0,04780248848020658;0,0;0,0;0,0;0,0
0,5;2,0;"B=0.5; Si=2";перекрёстные узлы;580,0;служба;MNS_Q;0,07124400943650866;0,05426558666072845;0,0;0,0;0,0;0,0;0,0;0,0;0,0;3,744542548147569e-08;0,4999999625545745;0,0;0,5;0,0;0,0;0,0;0,0;0,0;0,0;0,0;0,0;4,807169038728597e-06;63,144218475771815;0,0;36,85577671705915;0,0
0,5;2,0;"B=0.5; Si=2";перекрёстные узлы;580,0;служба;P_PHASE;26,072502696630618;29,278844853074972;0,4068996299777259;0,37881465573655976;0,21428571428571427;0,0;0,0;0,0;0,0;0,0;0,0;0,0;0,0;0,0;37,23463600838869;30,71089096978784;32,05447302182347;0,0;0,0;0,0;0,0;0,0;0,0;0,0;0,0;0,0
0,5;2,0;"B=0.5; Si=2";перекрёстные узлы;595,0;служба;CR2B;5,077516152786179;3,417200945191852;0,0;0,6226350640134973;0,0;0,333333;0,0;0,0;0,0;0,04403193598650267;0,0;0,0;0,0;0,0;0,0;84,22698032451598;0,0;9,375445195978601;0,0;0,0;0,0;6,397574479505428;0,0;0,0;0,0;0,0
0,5;2,0;"B=0.5; Si=2";перекрёстные узлы;595,0;служба;FCC_A1;65,31784504153202;63,76063870660552;0,7136448636063802;0,1961048158293344;0,01144680520300529;1,0354498402129976e-07;0,06096998572594187;0,005073297814639845;8,337166535011677e-08;0,004356758598320399;0,007412534401175823;0,0005603067846154262;9,999998130832498e-15;0,000430445119927474;75,12636369953982;18,289604261826806;1,9698362301733503;2,0078952269439646e-06;3,071456492323764;0,24552923213250508;1,7961547790547594e-06;0,436424838735876;0,7304419067858575;0,09337220780283789;5,751628428505042e-13;0,03696732662860864
0,5;2,0;"B=0.5; Si=2";перекрёстные узлы;595,0;служба;GAMMA_PRIME;1,6027414675875677;1,4733572986416268;0,7492965009059591;0,015055282599128125;0,0014468549477014631;0,0;0,05280639618105015;0,12341770968184593;0,0;0,0009167560677564768;0,0;0,00017846037705590762;0,0;0,056882039239502746;83,76066835151853;1,4910120971539518;0,26439121942626026;0,0;2,8248214974921617;6,342588512570669;0,0;0,09751601863916538;0,0;0,03157982785736969;0,0;5,187422475341897
0,5;2,0;"B=0.5; Si=2";перекрёстные узлы;595,0;служба;M23C6_WY;0,11573352751918374;0,09202902053537876;0,00949256209798198;0,7465175153234073;0,03709204752339189;0,0015153545413324732;0,0;0,0;0,2053811971828055;0,0;0,0;0,0;0,0;1,3233310808947562e-06;1,2267296783345387;85,46951763138193;7,835772846217455;0,036072931584857505;0,0;0,0;5,431767396495934;0,0;0,0;0,0;0,0;0,0001395159852832816
0,5;2,0;"B=0.5; Si=2";перекрёстные узлы;595,0;служба;M2B;2,846200755322455;3,1653864029395002;0,0026196021248625183;0,08930259352572795;0,5741418863554302;0,3333330000000002;0,0;0,0;0,0;0,0006029179939792818;0,0;0,0;0,0;0,0;0,24205004400180208;7,310376242267879;86,72107811394231;5,673484865931315;0,0;0,0;0,0;0,05301073385669969;0,0;0,0;0,0;0,0
0,5;2,0;"B=0.5; Si=2";перекрёстные узлы;595,0;служба;MNS_Q;0,07124398885990488;0,05426557097069856;0,0;0,0;0,0;0,0;0,0;0,0;0,0;5,4086742041103356e-08;0,4999999459132579;0,0;0,49999999999999994;0,0;0,0;0,0;0,0;0,0;0,0;0,0;0,0;6,943548065274503e-06;63,144216352208645;0,0;36,855776704243276;0,0
0,5;2,0;"B=0.5; Si=2";перекрёстные узлы;595,0;служба;P_PHASE;24,968719102203046;28,03712205511542;0,4061485032857242;0,3795657824285614;0,21428571428571427;0,0;0,0;0,0;0,0;0,0;0,0;0,0;0,0;0,0;37,16881567890084;30,774198155694876;32,05698616540428;0,0;0,0;0,0;0,0;0,0;0,0;0,0;0,0;0,0
1,0;0,1;"B=1; Si=0.1";ось бора;595,0;служба;CR2B;6,212781032244697;4,182797173284199;0,0;0,6328890535942961;0,0;0,333333;0,0;0,0;0,0;0,03377794640570382;0,0;0,0;0,0;0,0;0,0;85,7021343412254;0,0;9,385086869206543;0,0;0,0;0,0;4,912778789568063;0,0;0,0;0,0;0,0
1,0;0,1;"B=1; Si=0.1";ось бора;595,0;служба;FCC_A1;83,03642082133096;84,07423462216383;0,7040383191358824;0,25154893346919865;0,026713031530662266;1,1677530147260213e-06;0,0024442041378690427;0,004998040616919535;1,6317174765925045e-06;0,0035204506432061776;0,00582265644994763;0,0004353716109996141;9,999972005294428e-15;0,0004761929348131816;71,555164229253;22,650249554056618;4,4381652310593935;2,1862380086003546e-05;0,1188776498797763;0,23353237221473072;3,3939442796008655e-05;0,3404698695618842;0,5539551285194726;0,07004647983604645;5,55295492698387e-13;0,039483683795659655
1,0;0,1;"B=1; Si=0.1";ось бора;595,0;служба;GAMMA_PRIME;0,9522677243384778;0,9003490045812601;0,7484022360010749;0,03905548620604769;0,004301243096962372;0,0;0,00011627248359137096;0,1191092519951238;0,0;0,00564512676394222;0,0;0,0007148836227846985;0,0;0,08265549983047299;81,45584232626918;3,7659542258755807;0,7652736429626009;0,0;0,006055948346080736;5,95984938141518;0,0;0,5846508701172616;0,0;0,12316974241194965;0,0;7,3392038626021705
1,0;0,1;"B=1; Si=0.1";ось бора;595,0;служба;M23C6;0,11410908233842718;0,0980205946145068;0,16230381781295478;0,5272418621830888;0,0958663628267114;1,860826383094053e-05;0,0;0,0;0,206877943460307;0,00010523271531055754;8,088112541211113e-06;0,0;0,0;0,007578084625255248;19,443327990473612;55,95740647297457;18,773434070770914;0,0004106288695007859;0,0;0,0;5,07190504788149;0,011995776962626967;0,0009069801614435192;0,0;0,0;0,7406130319058464
1,0;0,1;"B=1; Si=0.1";ось бора;595,0;служба;M2B;9,613278091596463;10,690333023599651;0,005367406750572544;0,08939390940838206;0,5715885481109594;0,333333;0,0;0,0;0,0;0,00031713573008610314;0,0;0,0;0,0;0,0;0,4966881124228556;7,3288024241947;86,46460890840676;5,681975105542105;0,0;0,0;0,0;0,027925449433571673;0,0;0,0;0,0;0,0
1,0;0,1;"B=1; Si=0.1";ось бора;595,0;служба;MNS_Q;0,07114434106786414;0,05426558175654849;0,0;0,0;0,0;0,0;0,0;0,0;0,0;8,637886750057735e-08;0,49999991362113244;0,0;0,5;0,0;0,0;0,0;0,0;0,0;0,0;0,0;0,0;1,1089146716467573e-05;63,14421223147891;0,0;36,85577667937437;0,0
1,5;0,1;"B=1.5; Si=0.1";перекрёстные узлы;580,0;служба;CR2B;12,628718070407588;8,68102459401004;0,0;0,6378293830064808;0,0;0,333333;0,0;0,0;0,0;0,028837616993519204;0,0;0,0;0,0;0,0;0,0;86,41394098265087;0,0;9,389739269539229;0,0;0,0;0,0;4,196319747809913;0,0;0,0;0,0;0,0
1,5;0,1;"B=1.5; Si=0.1";перекрёстные узлы;580,0;служба;FCC_A1;75,87494087280835;78,41228319379563;0,7494750318796923;0,21362435745015956;0,01935420096782659;1,7900717398568667e-06;0,002619325592047487;0,005729451230273781;2,1148032857526604e-06;0,0017197608687561361;0,006237998231228162;0,00047195626976784597;9,999960951249018e-15;0,0007640126352126064;76,2353885540065;19,251121893520466;3,2181797650037542;3,3540662997137247e-05;0,12749906076340997;0,2679261479921292;4,40234914355237e-05;0,16645745515837154;0,5939548482086473;0,07599459963336;5,557486695901905e-13;0,06340011155837648
1,5;0,1;"B=1.5; Si=0.1";перекрёстные узлы;580,0;служба;GAMMA_PRIME;0,7048012398563205;0,6811047163788457;0,7495501002036862;0,042278996682725126;0,004081812656180233;0,0;7,07217103079384e-05;0,11718169055497589;0,0;0,004521706355330568;0,0;0,0003503492407843887;0,0;0,08196462259600967;81,53397602111102;4,07444493570266;0,7258161498554032;0,0;0,0036813639921030325;5,86003673200534;0,0;0,46803254071710143;0,0;0,0603282403458514;0,0;7,273684016270525
1,5;0,1;"B=1.5; Si=0.1";перекрёстные узлы;580,0;служба;M23C6;0,11156556552073618;0,0984636810281781;0,2061164759231143;0,4834802185022549;0,09565930271056183;7,480904362204248e-06;0,0;0,0;0,2068890708197758;5,158554718211098e-05;7,83288481215051e-06;0,0;0,0;0,0077880327079365005;24,55002818040362;51,018046083826526;18,625249618200222;0,00016413271255108562;0,0;0,0;5,0430339636446035;0,005846595757643573;0,0008733126720947622;0,0;0,0;0,7567581127827221
1,5;0,1;"B=1.5; Si=0.1";перекрёстные узлы;580,0;служба;M2B;10,610330261144025;12,072858220005028;0,009645881452905788;0,08350562885384712;0,5733270653253776;0,333333;0,0;0,0;0,0;0,0001884243678695661;0,0;0,0;0,0;0,0;0,8911399319337235;6,834796071192405;86,58487483206139;5,672624723571358;0,0;0,0;0,0;0,016564441241124255;0,0;0,0;0,0;0,0
1,5;0,1;"B=1.5; Si=0.1";перекрёстные узлы;580,0;служба;MNS_Q;0,06964569389346764;0,054265594782289546;0,0;0,0;0,0;0,0;0,0;0,0;0,0;3,171499820037359e-08;0,4999999682850019;0,0;0,5;0,0;0,0;0,0;0,0;0,0;0,0;0,0;0,0;4,0715082141568e-06;63,144219207019496;0,0;36,855776721472274;0,0
1,5;0,1;"B=1.5; Si=0.1";перекрёстные узлы;595,0;служба;CR2B;12,294970057952403;8,451703757709218;0,0;0,6377131438480705;0,0;0,33333299999999993;0,0;0,0;0,0;0,028953856151929518;0,0;0,0;0,0;0,0;0,0;86,3971850442258;0,0;9,389629751969471;0,0;0,0;0,0;4,213185203804739;0,0;0,0;0,0;0,0
1,5;0,1;"B=1.5; Si=0.1";перекрёстные узлы;595,0;служба;FCC_A1;76,7499740249346;79,27596954061679;0,7477254220251147;0,2141830799974619;0,019505368997367482;2,3389888556616215e-06;0,0025901118762071073;0,006740218184762863;2,6327673512378247e-06;0,00184406388492922;0,006166877062195121;0,0004697927403361855;9,999950282437274e-15;0,000770093475408416;76,09638241496958;19,311359540891196;3,2449771259885654;4,384820050641095e-05;0,1261416298755745;0,3153540726304115;5,483393409041114e-05;0,17858030735984326;0,5874837939371418;0,07568497791015624;5,560327654383197e-13;0,06393745430238203
1,5;0,1;"B=1.5; Si=0.1";перекрёстные узлы;595,0;служба;M23C6;0,11136390959982757;0,09831346848293916;0,20838928726926975;0,4811992580236549;0,09563170086189907;9,700278348036386e-06;0,0;0,0;0,20688685144578986;5,9086427457034785e-05;8,697712894983756e-06;0,0;0,0;0,007815417980686412;24,813728708468823;50,7630157593367;18,614617862201595;0,00021276617920991902;0,0;0,0;5,041555913847674;0,006694838600818541;0,000969461225534466;0,0;0,0;0,7592046901396557
1,5;0,1;"B=1.5; Si=0.1";перекрёстные узлы;595,0;служба;M2B;10,604146509895251;12,049246448142137;0,01026814999008013;0,08493511309268939;0,5712434869676547;0,33333300000000016;0,0;0,0;0,0;0,000220249949575671;0,0;0,0;0,0;0,0;0,9499335481445372;6,961360371914564;86,38888880044564;5,680428405939529;0,0;0,0;0,0;0,01938887355573271;0,0;0,0;0,0;0,0
1,5;0,1;"B=1.5; Si=0.1";перекрёстные узлы;595,0;служба;MNS_Q;0,06964566364858582;0,05426557205480953;0,0;0,0;0,0;0,0;0,0;0,0;0,0;4,603348181223599e-08;0,4999999539665182;0,0;0,49999999999999994;0,0;0,0;0,0;0,0;0,0;0,0;0,0;0,0;5,909686580605646e-06;63,144217379868124;0,0;36,85577671044528;0,0
1,5;0,1;"B=1.5; Si=0.1";перекрёстные узлы;595,0;служба;TIB2;0,1698997891232708;0,07050121299409406;0,0;5,265088810154248e-08;7,306109626789085e-06;0,6666666153286522;0,0;0,0;0,0;0,0;0,0;0,0;0,0;0,3333260259108327;0,0;1,1816611761025618e-05;0,003025542300181107;31,109419371509397;0,0;0,0;0,0;0,0;0,0;0,0;0,0;68,88754326957867
1,5;2,0;"B=1.5; Si=2";перекрёстные узлы;580,0;служба;CR2B;12,638505455809943;8,859639031741876;0,0;0,6369574925233372;0,0;0,333333;0,0;0,0;0,0;0,02970950747666279;0,0;0,0;0,0;0,0;0,0;86,28826702034031;0,0;9,388917858849812;0,0;0,0;0,0;4,3228151208098735;0,0;0,0;0,0;0,0
1,5;2,0;"B=1.5; Si=2";перекрёстные узлы;580,0;служба;FCC_A1;72,10754630467481;73,73123968267903;0,7233356898997377;0,1981265480865184;0,011415720931120407;1,1630813875667262e-07;0,05350195445777362;0,004693054772825819;9,01663719220915e-08;0,0015459464283754806;0,006437142252834566;0,0004876044068889127;9,99999793525385e-15;0,00045613228940436315;75,8271710731172;18,400662443338966;1,9562479864641538;2,2459331404295714e-06;2,683939101964111;0,22617427509853816;1,9343925562697526e-06;0,15421092390083152;0,6316649828661066;0,0809159438573779;5,727505947577395e-13;0,03900908906646628
1,5;2,0;"B=1.5; Si=2";перекрёстные узлы;580,0;служба;GAMMA_PRIME;1,2727831977323651;1,2262494422122783;0,7489806955716186;0,01896804509147812;0,0019955443994399713;0,0;0,03231630492741748;0,13271301501538216;0,0;0,0008644697064055358;0,0;0,00015727770066630727;0,0;0,06400464758759188;83,33012112800681;1,8696477354938765;0,36293461277091094;0,0;1,720565207977603;6,788089018064475;0,0;0,09152018868920088;0,0;0,02770001873341595;0,0;5,809422090263707
1,5;2,0;"B=1.5; Si=2";перекрёстные узлы;580,0;служба;M23C6_WY;0,11087555634240458;0,09196409263171064;0,010425039807375075;0,7457495957939615;0,0369276925482569;0,0013852564266676186;0,0;0,0;0,2055112952974703;0,0;0,0;0,0;0,0;1,120126268299629e-06;1,3472587784153545;85,38314592758984;7,801193962752435;0,0329765510390719;0,0;0,0;5,43530668552857;0,0;0,0;0,0;0,0;0,00011809467474142626
1,5;2,0;"B=1.5; Si=2";перекрёстные узлы;580,0;служба;M2B;10,151590320951954;11,759436724997474;0,0028279597425644783;0,09158997706733951;0,5720375312527232;0,3333329999999999;0,0;0,0;0,0;0,0002115319373728128;0,0;0,0;0,0;0,0;0,2616836353302641;7,508567987247414;86,52935569876641;5,681766874691638;0,0;0,0;0,0;0,018625803964282865;0,0;0,0;0,0;0,0
1,5;2,0;"B=1.5; Si=2";перекрёстные узлы;580,0;служба;MNS_Q;0,06830045194703276;0,05426558265080059;0,0;0,0;0,0;0,0;0,0;0,0;0,0;1,7287580476997473e-08;0,4999999827124196;0,0;0,49999999999999994;0,0;0,0;0,0;0,0;0,0;0,0;0,0;0,0;2,2193451026392367e-06;63,14422104807172;0,0;36,855776732583166;0,0
1,5;2,0;"B=1.5; Si=2";перекрёстные узлы;580,0;служба;P_PHASE;3,6503987122005253;4,277205443086819;0,40963228288861603;0,37608200282566956;0,21428571428571425;0,0;0,0;0,0;0,0;0,0;0,0;0,0;0,0;0,0;37,47400805534643;30,480658596361348;32,04533334829222;0,0;0,0;0,0;0,0;0,0;0,0;0,0;0,0;0,0
1,5;2,0;"B=1.5; Si=2";перекрёстные узлы;595,0;служба;CR2B;12,29927469516646;8,621713728914015;0,0;0,637100014943695;0,0;0,333333;0,0;0,0;0,0;0,029566985056305072;0,0;0,0;0,0;0,0;0,0;86,30880864438736;0,0;9,389052119831643;0,0;0,0;0,0;4,302139235780996;0,0;0,0;0,0;0,0
1,5;2,0;"B=1.5; Si=2";перекрёстные узлы;595,0;служба;FCC_A1;73,41343545674201;75,08739936239859;0,7185799801547462;0,20259773857359525;0,012185749753876306;1,6239366628336783e-07;0,05264684408426449;0,004942259223583405;1,2480861518502873e-07;0,0016760461978179923;0,006322637409491974;0,00047907111125902805;9,999997127976238e-15;0,000569386289074046;75,30769878560893;18,810688095515715;2,087623241585032;3,134982407097805e-06;2,640308393422718;0,2381180998739208;2,676849073005203e-06;0,16714215125968696;0,6202564305007685;0,07947778753953882;5,725913953840094e-13;0,048681202861641154
1,5;2,0;"B=1.5; Si=2";перекрёстные узлы;595,0;служба;GAMMA_PRIME;1,0928297125428348;1,0534510491730906;0,7488199281324053;0,01840569551161096;0,001966617724848316;0,0;0,03114905744255846;0,1322176089015867;0,0;0,0008764418197498818;0,0;0,00017375226844172542;0,0;0,06639089819879876;83,26669104611982;1,8132261408394648;0,35747812102329446;0,0;1,6575127312440592;6,759052753238716;0,0;0,09273693620308822;0,0;0,03058481927925949;0,0;6,0227174520523095
1,5;2,0;"B=1.5; Si=2";перекрёстные узлы;595,0;служба;M23C6_WY;0,11095726564689067;0,09205730669310447;0,010891834472910292;0,7450627373328425;0,03714712150874503;0,0015605434457929372;0,0;0,0;0,20533600827834494;0,0;0,0;0,0;0,0;1,7549613641688238e-06;1,4071950285790082;85,28093020479737;7,845380841299944;0,03713905777391263;0,0;0,0;5,429169893480148;0,0;0,0;0,0;0,0;0,00018497406962714226
1,5;2,0;"B=1.5; Si=2";перекрёстные узлы;595,0;служба;M2B;10,490751785061107;12,133411405150952;0,002971721872215905;0,09368448516098977;0,5697676014859375;0,333333;0,0;0,0;0,0;0,00024319148085682942;0,0;0,0;0,0;0,0;0,2754150239382952;7,692242494575515;86,32027628942583;5,690619339657069;0,0;0,0;0,0;0,02144685240328887;0,0;0,0;0,0;0,0
1,5;2,0;"B=1.5; Si=2";перекрёстные узлы;595,0;служба;MNS_Q;0,06830044153376365;0,054265574412625806;0,0;0,0;0,0;0,0;0,0;0,0;0,0;2,5876865130709877e-08;0,4999999741231349;0,0;0,5;0,0;0,0;0,0;0,0;0,0;0,0;0,0;0,0;3,3220203350957345e-06;63,144219952011305;0,0;36,85577672596837;0,0
1,5;2,0;"B=1.5; Si=2";перекрёстные узлы;595,0;служба;P_PHASE;2,5244505988209345;2,9577015732576273;0,4089188036908135;0,3767954820234721;0,21428571428571427;0,0;0,0;0,0;0,0;0,0;0,0;0,0;0,0;0,0;37,41152262566664;30,540758215187314;32,04771915914604;0,0;0,0;0,0;0,0;0,0;0,0;0,0;0,0;0,0
2,0;0,1;"B=2; Si=0.1";ось бора;580,0;служба;CR2B;9,91966938918587;6,966598593295627;0,0;0,6318975034931856;0,0;0,33333299999999993;0,0;0,0;0,0;0,03476949650681439;0,0;0,0;0,0;0,0;0,0;85,55935598798432;0,0;9,38415366344607;0,0;0,0;0,0;5,056490348569616;0,0;0,0;0,0;0,0
2,0;0,1;"B=2; Si=0.1";ось бора;580,0;служба;CR5B3;7,826499731378666;5,23177172379396;0,0;0,625;0,0;0,375;0,0;0,0;0,0;0,0;0,0;0,0;0,0;0,0;0,0;88,90849586030717;0,0;11,091504139692832;0,0;0,0;0,0;0,0;0,0;0,0;0,0;0,0
2,0;0,1;"B=2; Si=0.1";ось бора;580,0;служба;FCC_A1;70,70887671740086;74,58799686247112;0,7863473752708434;0,1801678445225423;0,014090055943023545;3,6519377005212167e-06;0,0027534004529157037;0,007165142233562076;3,686216788592447e-06;0,0020040713354279316;0,006555656750692394;0,0004994099121596797;9,999926618454398e-15;0,00040970542433376876;80,01254185895063;16,241522356622664;2,3436456459913066;6,844925787788736e-05;0,13406982911686413;0,3351745740571439;7,676081127840389e-05;0,1940405697923527;0,6244081565769755;0,08044189748893574;5,55931288926745e-13;0,03400990133343665
2,0;0,1;"B=2; Si=0.1";ось бора;580,0;служба;M23C6;0,10876052789927595;0,09875355448066511;0,2560559142973996;0,4335295181850416;0,09648029413631312;4,480526553451683e-06;0,0;0,0;0,20689207119758452;6,202326480407645e-05;8,135129133596193e-06;0,0;0,0;0,00696756326316994;30,26857766515881;45,40270216754395;18,643670795581205;9,75636446126762e-05;0,0;0,0;5,005138586133614;0,006976660092191664;0,0009001821333589355;0,0;0,0;0,6719363797122552
2,0;0,1;"B=2; Si=0.1";ось бора;580,0;служба;M2B;11,114549238493614;12,953230805832284;0,02140505909945295;0,06896268311837861;0,5760352698969712;0,33333300000000005;0,0;0,0;0,0;0,0002639878851972475;0,0;0,0;0,0;0,0;1,9713730405639824;5,62694094904497;86,72355293656385;5,654997934581829;0,0;0,0;0,0;0,023135139245357067;0,0;0,0;0,0;0,0
2,0;0,1;"B=2; Si=0.1";ось бора;580,0;служба;MNS_Q;0,06820868100340623;0,0542654486471546;0,0;0,0;0,0;0,0;0,0;0,0;0,0;3,729877906063189e-08;0,499999962701221;0,0;0,5;0,0;0,0;0,0;0,0;0,0;0,0;0,0;0,0;4,7883428637203834e-06;63,14421849448505;0,0;36,855776717172084;0,0
2,0;0,1;"B=2; Si=0.1";ось бора;580,0;служба;TIB2;0,25343578887548096;0,10738301147918902;0,0;1,9307518246066885e-08;1,8930753197285767e-05;0,6666666528960481;0,0;0,0;0,0;0,0;0,0;0,0;0,0;0,3333143970432363;0,0;4,333145534007047e-06;0,007839249631956785;31,108673004370917;0,0;0,0;0,0;0,0;0,0;0,0;0,0;68,88348341285159
2,0;0,1;"B=2; Si=0.1";ось бора;595,0;служба;CR2B;9,196401573250132;6,459166855188564;0,0;0,6310941480364207;0,0;0,333333;0,0;0,0;0,0;0,035572851963579274;0,0;0,0;0,0;0,0;0,0;85,44369756113619;0,0;9,383397714748448;0,0;0,0;0,0;5,172904724115366;0,0;0,0;0,0;0,0
2,0;0,1;"B=2; Si=0.1";ось бора;595,0;служба;CR5B3;8,472935163157016;5,663893713119033;0,0;0,625;0,0;0,37500000000000006;0,0;0,0;0,0;0,0;0,0;0,0;0,0;0,0;0,0;88,90849586030717;0,0;11,091504139692834;0,0;0,0;0,0;0,0;0,0;0,0;0,0;0,0
2,0;0,1;"B=2; Si=0.1";ось бора;595,0;служба;FCC_A1;70,79340174451265;74,688872989909;0,7851113469400588;0,18082874984528793;0,01445831877403413;4,890505491881672e-06;0,002750112982328695;0,00715658724500513;4,711913448745133e-06;0,002243948042623119;0,006547828142621502;0,000498813632904906;9,999903975809956e-15;0,000394691976185158;79,87424409999018;16,29854412077534;2,4045228441567996;9,164969327643216e-05;0,1338887520841554;0,3347218795198067;9,810426062332077e-05;0,21723212120579968;0,6235646899135738;0,08033325125916194;5,558428396889855e-13;0,032758487140738576
2,0;0,1;"B=2; Si=0.1";ось бора;595,0;служба;M23C6;0,10840866786430468;0,0984779771571781;0,259211955334039;0,4303607697186625;0,09650053528006815;5,834692593695343e-06;0,0;0,0;0,20689071703154424;7,391113659238339e-05;9,06158289879017e-06;0,0;0,0;0,006947215223601174;30,627993671005882;45,050749611792774;18,639267774438256;0,0001269940162394301;0,0;0,0;5,002874203796179;0,008310155309416867;0,0010022505977936968;0,0;0,0;0,6696753390434587
2,0;0,1;"B=2; Si=0.1";ось бора;595,0;служба;M2B;11,104104630243611;12,926623439921118;0,02329698228331053;0,06892637479903403;0,5741247127052171;0,33333300000000005;0,0;0,0;0,0;0,00031893021243837997;0,0;0,0;0,0;0,0;2,1480122258349588;5,630258596079276;86,53243507846848;5,661312761415612;0,0;0,0;0,0;0,02798133820167671;0,0;0,0;0,0;0,0
2,0;0,1;"B=2; Si=0.1";ось бора;595,0;служба;MNS_Q;0,06820877421812073;0,05426552285284652;0,0;0,0;0,0;0,0;0,0;0,0;0,0;5,607865178222241e-08;0,4999999439213482;0,0;0,5;0,0;0,0;0,0;0,0;0,0;0,0;0,0;0,0;7,199265464603729e-06;63,144216098025275;0,0;36,85577670270927;0,0
2,0;0,1;"B=2; Si=0.1";ось бора;595,0;служба;TIB2;0,2565394666269805;0,10869950185226397;0,0;2,1318482170671816e-08;2,5291044957408712e-05;0,6666666522250906;0,0;0,0;0,0;0,0;0,0;0,0;0,0;0,33330803541147;0,0;4,784398788641513e-06;0,010472916567672444;31,108262494443128;0,0;0,0;0,0;0,0;0,0;0,0;0,0;68,88125980459041
3,0;0,1;"B=3; Si=0.1";ось бора, перекрёстные узлы;580,0;служба;CR2B;3,4006403395241773;2,4909335857156067;0,0;0,6153927716865208;0,0;0,333333;0,0;0,0;0,0;0,0512742283134792;0,0;0,0;0,0;0,0;0,0;83,18691854324936;0,0;9,368647305237529;0,0;0,0;0,0;7,444434151513089;0,0;0,0;0,0;0,0
3,0;0,1;"B=3; Si=0.1";ось бора, перекрёстные узлы;580,0;служба;CR5B3;18,84633303294936;13,118002464050123;0,0;0,625;0,0;0,375;0,0;0,0;0,0;0,0;0,0;0,0;0,0;0,0;0,0;88,90849586030717;0,0;11,091504139692832;0,0;0,0;0,0;0,0;0,0;0,0;0,0;0,0
3,0;0,1;"B=3; Si=0.1";ось бора, перекрёстные узлы;580,0;служба;FCC_A1;64,60512661908805;71,01194117889061;0,8152660246498725;0,15146084938147514;0,010623697423063483;6,8912296797632885e-06;0,002894121107850759;0,007531337931979725;6,107699508607862e-06;0,004567968156780062;0,006890702407090971;0,0005249337290686706;9,999870010707423e-15;0,0002273662836204705;82,89593000234724;13,643948700335764;1,7658148379242775;0,00012907209135966537;0,14082138631817956;0,35205346532572335;0,00012709444936499624;0,4419698776522486;0,6558523725989356;0,0844928317590647;5,555317661503507e-13;0,018860359197277035
3,0;0,1;"B=3; Si=0.1";ось бора, перекрёстные узлы;580,0;служба;M23C6;0,10375247572038261;0,09878476013159468;0,3046841262636217;0,3848176975545201;0,09698201009873103;2,892720072543237e-06;0,0;0,0;0,2068936590040654;0,00014499444597710387;8,552372112062013e-06;0,0;0,0;0,006466067540900088;35,76486700217644;40,019130481280435;18,60945145586593;6,25482196892899e-05;0,0;0,0;4,970144594706022;0,01619548252410649;0,0009397278763270299;0,0;0,0;0,6192087073510616
3,0;0,1;"B=3; Si=0.1";ось бора, перекрёстные узлы;580,0;служба;M2B;0,9946970688213156;1,2080492005508594;0,057264086702519076;0,03704391374216352;0,5717004052363751;0,33333300000000005;0,0;0,0;0,0;0,0006585943189422424;0,0;0,0;0,0;0,0;5,269711279560571;3,020140676850989;86,00200723163894;5,650469716336318;0,0;0,0;0,0;0,05767109561318498;0,0;0,0;0,0;0,0
3,0;0,1;"B=3; Si=0.1";ось бора, перекрёстные узлы;580,0;служба;MNS_Q;0,06550599615157264;0,05426557855557234;0,0;0,0;0,0;0,0;0,0;0,0;0,0;8,444179770930975e-08;0,49999991555820233;0,0;0,5;0,0;0,0;0,0;0,0;0,0;0,0;0,0;0,0;1,0840469560826944e-05;63,14421247866429;0,0;36,85577668086615;0,0
3,0;0,1;"B=3; Si=0.1";ось бора, перекрёстные узлы;580,0;служба;MOB;11,700949880318129;11,893159215627982;0,0;0,0;0,5;0,5;0,0;0,0;0,0;0,0;0,0;0,0;0,0;0,0;0,0;0,0;89,87269440098922;10,12730559901078;0,0;0,0;0,0;0,0;0,0;0,0;0,0;0,0
3,0;0,1;"B=3; Si=0.1";ось бора, перекрёстные узлы;580,0;служба;TIB2;0,2829945747262303;0,12486401647765526;0,0;2,0132273912471026e-08;5,437063266603501e-05;0,6666666622529003;0,0;0,0;0,0;0,0;0,0;0,0;0,0;0,3332789469821598;0,0;4,517911633375298e-06;0,022513295264483372;31,106387079598004;0,0;0,0;0,0;0,0;0,0;0,0;0,0;68,87109510722587
3,0;0,1;"B=3; Si=0.1";ось бора, перекрёстные узлы;595,0;служба;CR2B;3,4672434424054184;2,539402566856228;0,0;0,6166398714722182;0,0;0,33333299999999993;0,0;0,0;0,0;0,05002712852778182;0,0;0,0;0,0;0,0;0,0;83,36590637595606;0,0;9,369817177789944;0,0;0,0;0,0;7,264276446254015;0,0;0,0;0,0;0,0
3,0;0,1;"B=3; Si=0.1";ось бора, перекрёстные узлы;595,0;служба;CR5B3;18,305422111232033;12,741501065503453;0,0;0,625;0,0;0,37500000000000006;0,0;0,0;0,0;0,0;0,0;0,0;0,0;0,0;0,0;88,90849586030717;0,0;11,091504139692834;0,0;0,0;0,0;0,0;0,0;0,0;0,0;0,0
3,0;0,1;"B=3; Si=0.1";ось бора, перекрёстные узлы;595,0;служба;FCC_A1;65,04946146134589;71,50510785130139;0,8105797406778393;0,15549024391711821;0,011395734791409434;8,422495367564808e-06;0,0028743521673712893;0,007479893414173284;7,2347669640425e-06;0,004560796725568697;0,0068436325662047555;0,0005213480523818926;9,999843427376067e-15;0,0002386004255914886;82,4139351168863;14,005992094136923;1,894012516075178;0,00015774203711022897;0,13985014917586164;0,34962537096213087;0,00015053743461526995;0,44124658956490165;0,6513288664740701;0,08391008953286984;5,554932490132868e-13;0,01979092771949227
3,0;0,1;"B=3; Si=0.1";ось бора, перекрёстные узлы;595,0;служба;M23C6;0,10338556399259013;0,0983891504445062;0,3014085377395642;0,3880835672634516;0,09694853004221582;4,007145696448955e-06;0,0;0,0;0,20689254457844147;0,00015388638240065183;9,458627577592578e-06;0,0;0,0;0,00649946822065222;35,397004231760576;40,377742767581346;18,61177488330539;8,668577751294731e-05;0,0;0,0;4,9724549395483795;0,017196770168812044;0,001039795226184177;0,0;0,0;0,6226999266317989
3,0;0,1;"B=3; Si=0.1";ось бора, перекрёстные узлы;595,0;служба;MNS_Q;0,06550599803903612;0,05426558016552918;0,0;0,0;0,0;0,0;0,0;0,0;0,0;1,1347025454097909e-07;0,4999998865297454;0,0;0,5;0,0;0,0;0,0;0,0;0,0;0,0;0,0;0,0;1,4567084939370414e-05;63,14420877440439;0,0;36,855776658510656;0,0
3,0;0,1;"B=3; Si=0.1";ось бора, перекрёстные узлы;595,0;служба;MOB;12,72847870561006;12,937567069723096;0,0;0,0;0,5;0,5;0,0;0,0;0,0;0,0;0,0;0,0;0,0;0,0;0,0;0,0;89,87269440098922;10,12730559901078;0,0;0,0;0,0;0,0;0,0;0,0;0,0;0,0
3,0;0,1;"B=3; Si=0.1";ось бора, перекрёстные узлы;595,0;служба;TIB2;0,2805026784692017;0,12376671600578604;0,0;2,2390865802375744e-08;6,287741527762586e-05;0,6666666612163786;0,0;0,0;0,0;0,0;0,0;0,0;0,0;0,33327043897747793;0,0;5,0246767143943865e-06;0,02603524670798158;31,105838101618236;0,0;0,0;0,0;0,0;0,0;0,0;0,0;68,86812162699708
3,0;2,0;"B=3; Si=2";перекрёстные узлы;580,0;служба;CR2B;6,981613705580722;5,207947080911344;0,0;0,616827747547746;0,0;0,333333;0,0;0,0;0,0;0,04983925245225394;0,0;0,0;0,0;0,0;0,0;83,39287483810612;0,0;9,369993444875664;0,0;0,0;0,0;7,237131717018208;0,0;0,0;0,0;0,0
3,0;2,0;"B=3; Si=2";перекрёстные узлы;580,0;служба;CR5B3;21,056939276975108;14,92821186298398;0,0;0,625;0,0;0,375;0,0;0,0;0,0;0,0;0,0;0,0;0,0;0,0;0,0;88,90849586030717;0,0;11,091504139692832;0,0;0,0;0,0;0,0;0,0;0,0;0,0;0,0
3,0;2,0;"B=3; Si=2";перекрёстные узлы;580,0;служба;FCC_A1;59,792517687029665;65,02803764966207;0,8321008583408762;0,08561963259023198;0,002840270661186204;9,253241610416894e-07;0,06140378465165684;0,007989518005030899;8,860046343936111e-07;0,0017757035217081853;0,007309854852453344;0,0005568688462050416;9,999981886710975e-15;0,0004016972018458231;87,09478020608591;7,939540034275692;0,4859722712472314;1,784069700372926e-05;3,0755964279458157;0,38444955421407884;1,8978732671371344e-05;0,1768570401950134;0,7161988948437236;0,09226789276354393;5,718683346560122e-13;0,0343008589987326
3,0;2,0;"B=3; Si=2";перекрёстные узлы;580,0;служба;M23C6;0,10348157728270843;0,09996644759127626;0,273085666228601;0,4163754294676334;0,0973830375845317;2,4915831350338334e-06;0,0;0,0;0,20689406014100292;0,00015513785124002125;3,932964247516541e-05;0,0;0,0;0,00606484750138073;32,17937843268453;43,46800065679448;18,75848098317552;5,408239130880324e-05;0,0;0,0;4,989325358265014;0,017395313364633323;0,0043381791200447295;0,0;0,0;0,5830269942044678
3,0;2,0;"B=3; Si=2";перекрёстные узлы;580,0;служба;M2B;11,751990126416574;14,569608106996053;0,029661680665800345;0,05721574276778593;0,5791556279057183;0,33333300000000005;0,0;0,0;0,0;0,0006339486606954799;0,0;0,0;0,0;0,0;2,7235118422263995;4,654305420998428;86,92894291792572;5,637850842281666;0,0;0,0;0,0;0,05538897656778173;0,0;0,0;0,0;0,0
3,0;2,0;"B=3; Si=2";перекрёстные узлы;580,0;служба;MNS_Q;0,06431456432212442;0,054265575360996104;0,0;0,0;0,0;0,0;0,0;0,0;0,0;1,9315159274281338e-08;0,49999998068484075;0,0;0,5;0,0;0,0;0,0;0,0;0,0;0,0;0,0;0,0;2,479641624650423e-06;63,144220789336686;0,0;36,855776731021685;0,0
3,0;2,0;"B=3; Si=2";перекрёстные узлы;580,0;служба;TIB2;0,24914289672870119;0,11196327649429286;0,0;1,916980122875459e-08;5,015232882910385e-05;0,6666666617424288;0,0;0,0;0,0;0,0;0,0;0,0;0,0;0,3332831667589409;0,0;4,301959436051745e-06;0,02076680020880419;31,106659211778304;0,0;0,0;0,0;0,0;0,0;0,0;0,0;68,87256968605345
3,0;2,0;"B=3; Si=2";перекрёстные узлы;595,0;служба;CR2B;6,909539192230231;5,153938490455727;0,0;0,6173014666212282;0,0;0,333333;0,0;0,0;0,0;0,049365533378771725;0,0;0,0;0,0;0,0;0,0;83,46087882016629;0,0;9,37043792197148;0,0;0,0;0,0;7,168683257862242;0,0;0,0;0,0;0,0
3,0;2,0;"B=3; Si=2";перекрёстные узлы;595,0;служба;CR5B3;20,832931182386254;14,769402453936125;0,0;0,625;0,0;0,375;0,0;0,0;0,0;0,0;0,0;0,0;0,0;0,0;0,0;88,90849586030717;0,0;11,091504139692832;0,0;0,0;0,0;0,0;0,0;0,0;0,0;0,0
3,0;2,0;"B=3; Si=2";перекрёстные узлы;595,0;служба;FCC_A1;60,006903841139305;65,25893748471046;0,8292044977810844;0,088430675316304;0,003097482944959596;1,213256337078481e-06;0,06118440786060058;0,007960973895502628;1,1279280001649111e-06;0,0018750809480872817;0,007283734769989694;0,0005548793257585445;9,999976588155646e-15;0,00040592597336596396;86,79462586114278;8,200492834119261;0,5299998109481316;2,339297800696508e-05;3,064714322894551;0,38308928987911733;2,4161707453191343e-05;0,1867613250286974;0,7136644190343738;0,09194142965399689;5,718878215095078e-13;0,03466315261307886
3,0;2,0;"B=3; Si=2";перекрёстные узлы;595,0;служба;M23C6;0,10341089640292728;0,09989076292329284;0,272713313075677;0,41673060171443005;0,09735675514845489;3,399284019766367e-06;0,0;0,0;0,20689315244011813;0,00016996355903622213;4,18139804885217e-05;0,0;0,0;0,006091000797775483;32,1378839191895;43,50830426238487;18,754808479052368;7,379044828953476e-05;0,0;0,0;4,9896733202153145;0,019059104619219742;0,004612551052765148;0,0;0,0;0,5855845730376822
3,0;2,0;"B=3; Si=2";перекрёстные узлы;595,0;служба;M2B;11,348211903562772;14,04833898165333;0,030317753483216813;0,058735537263779454;0,5769114013308732;0,33333300000000016;0,0;0,0;0,0;0,000702307922130553;0,0;0,0;0,0;0,0;2,787850248750755;4,784969738592232;86,71957699636245;5,6461510574985425;0,0;0,0;0,0;0,0614519587960373;0,0;0,0;0,0;0,0
3,0;2,0;"B=3; Si=2";перекрёстные узлы;595,0;служба;MNS_Q;0,06431451504835647;0,054265533832912306;0,0;0,0;0,0;0,0;0,0;0,0;0,0;2,79319040695436e-08;0,49999997206809593;0,0;0,5;0,0;0,0;0,0;0,0;0,0;0,0;0,0;0,0;3,585842135215283e-06;63,144219689772136;0,0;36,855776724385734;0,0
3,0;2,0;"B=3; Si=2";перекрёстные узлы;595,0;служба;MOB;0,4865638676766764;0,5037182286510687;0,0;0,0;0,5;0,5;0,0;0,0;0,0;0,0;0,0;0,0;0,0;0,0;0,0;0,0;89,87269440098922;10,12730559901078;0,0;0,0;0,0;0,0;0,0;0,0;0,0;0,0
3,0;2,0;"B=3; Si=2";перекрёстные узлы;595,0;служба;TIB2;0,24812438686592025;0,11150806383709927;0,0;2,1930393642419693e-08;6,095732760219552e-05;0,6666666609432037;0,0;0,0;0,0;0,0;0,0;0,0;0,0;0,33327235979880043;0,0;4,921362937388908e-06;0,025240308874933566;31,105961961977943;0,0;0,0;0,0;0,0;0,0;0,0;0,0;68,86879280778419
3,0;5,0;"B=3; Si=5";перекрёстные узлы;580,0;служба;CR2B;18,4148234935853;14,094227315003515;0,0;0,6428566701462896;0,0;0,333333;0,0;0,0;0,0;0,023810329853710416;0,0;0,0;0,0;0,0;0,0;87,13900138849732;0,0;9,394478297074324;0,0;0,0;0,0;3,4665203144283656;0,0;0,0;0,0;0,0
3,0;5,0;"B=3; Si=5";перекрёстные узлы;580,0;служба;CR5B3;10,304163020880063;7,514872397879023;0,0;0,625;0,0;0,375;0,0;0,0;0,0;0,0;0,0;0,0;0,0;0,0;0,0;88,90849586030717;0,0;11,091504139692832;0,0;0,0;0,0;0,0;0,0;0,0;0,0;0,0
3,0;5,0;"B=3; Si=5";перекрёстные узлы;580,0;служба;FCC_A1;33,00781754744093;36,29568606026689;0,7923143723215277;0,09166135186890541;0,0025736542534282206;1,4492900807013752e-07;0,09845802933390681;0,0009307769392682297;2,0707080696018038e-07;0,00026334844905527924;0,012871620557374858;0,0008943402042636389;9,999996480000524e-15;3,215407244493894e-05;84,37730382954109;8,64808986187405;0,44803703823102853;2,8430545171603395e-06;5,017614588790066;0,045569718844463286;4,512965810554824e-06;0,0266866840551342;1,2831282720619859;0,15076911550961428;5,818467807950516e-13;0,0027935350716696986
3,0;5,0;"B=3; Si=5";перекрёстные узлы;580,0;служба;GAMMA_PRIME;26,39396315371048;27,11766139645087;0,7549196063966075;0,009597685869567095;0,00010880917233864107;0,0;0,21492022841458744;0,016430063216243997;0,0;3,0354324080105354e-07;0,0;0,00010786004499763133;0,0;0,003915443342416834;86,0437613445279;0,9691500873561298;0,020273082778045657;0,0;11,72233223710749;0,8609155278134376;0,0;3,292114926497366e-05;0,0;0,019460805041509297;0,0;0,36407399422622544
3,0;5,0;"B=3; Si=5";перекрёстные узлы;580,0;служба;M23C6;0,1008117902231464;0,09916781434796418;0,17339002010319385;0,516114005693092;0,10075921837366511;8,635146115819159e-06;0,0;0,0;0,20688791657802205;3,567437993543956e-05;0,00012862388692848998;0,0;0,0;0,0026759058390472086;20,64101228143049;54,43251055607062;19,607728724792686;0,00018935568299586117;0,0;0,0;5,0403080354995025;0,004041095069430577;0,014333005263059887;0,0;0,0;0,2598769461912367
3,0;5,0;"B=3; Si=5";перекрёстные узлы;580,0;служба;M2B;11,71590193055401;14,824119444691947;0,006279593321575265;0,08896872238684683;0,5712868042789107;0,33333300000000005;0,0;0,0;0,0;0,0001318800126673551;0,0;0,0;0,0;0,0;0,5811719575590633;7,294849080977562;86,42968480431637;5,682679995906794;0,0;0,0;0,0;0,0116141612402174;0,0;0,0;0,0;0,0
3,0;5,0;"B=3; Si=5";перекрёстные узлы;580,0;служба;MNS_Q;0,06251913429723169;0,05426557135980781;0,0;0,0;0,0;0,0;0,0;0,0;0,0;1,2664922497639116e-09;0,49999999873350776;0,0;0,5;0,0;0,0;0,0;0,0;0,0;0,0;0,0;0,0;1,6258974913956455e-07;63,144223092488865;0,0;36,855776744921386;0,0
3,0;5,0;"B=3; Si=5";перекрёстные узлы;595,0;служба;CR2B;17,814699917239494;13,63587068736776;0,0;0,6421536268523671;0,0;0,333333;0,0;0,0;0,0;0,024513373147633008;0,0;0,0;0,0;0,0;0,0;87,03756096553958;0,0;9,393815277891793;0,0;0,0;0,0;3,5686237565686256;0,0;0,0;0,0;0,0
3,0;5,0;"B=3; Si=5";перекрёстные узлы;595,0;служба;CR5B3;10,81006271515561;7,8838273205891705;0,0;0,625;0,0;0,375;0,0;0,0;0,0;0,0;0,0;0,0;0,0;0,0;0,0;88,90849586030717;0,0;11,091504139692832;0,0;0,0;0,0;0,0;0,0;0,0;0,0;0,0
3,0;5,0;"B=3; Si=5";перекрёстные узлы;595,0;служба;FCC_A1;33,33320097944777;36,632354246283896;0,7902645670022006;0,09266352388339134;0,002717277979080971;1,9695371780390718e-07;0,09936451412861061;0,0010151672565383147;2,7990623412417346e-07;0,00030270494517068943;0,012745943227942686;0,0008865956932633854;9,999995231399237e-15;3,922902383927861e-05;84,2075458462209;8,747685040090044;0,4733127181404751;3,865845038780545e-06;5,066731193088425;0,0497300305771036;6,103881998614056e-06;0,030692605364722098;1,2713326943266103;0,14954973242792308;5,821822658899081e-13;0,0034101700361930704
3,0;5,0;"B=3; Si=5";перекрёстные узлы;595,0;служба;GAMMA_PRIME;26,131834758946027;26,85089383121092;0,7550550201371067;0,009617804467637521;0,00010504387175721485;0,0;0,21469383935422984;0,016475637042256595;0,0;3,6517374465774206e-07;0,0;0,00010768474195076235;0,0;0,003944605211316856;86,05102845539903;0,9710894477387151;0,019569683021813354;0,0;11,708873089513151;0,8632216141593375;0,0;3,960160155505799e-05;0,0;0,019427331911848825;0,0;0,3667507766545643
3,0;5,0;"B=3; Si=5";перекрёстные узлы;595,0;служба;M23C6;0,10080077864876176;0,09916617354364234;0,17535873628928367;0,5141290386525977;0,1005787816343517;1,0859119560165776e-05;0,0;0,0;0,2068856926045777;4,338959683789482e-05;0,00013870808030534197;0,0;0,0;0,0028547940224859297;20,87344097376671;54,218138253665096;19,57080168326501;0,0002381019837011375;0,0;0,0;5,03978670023744;0,004914597947196753;0,015455289262442062;0,0;0,0;0,2772243998724168
3,0;5,0;"B=3; Si=5";перекрёстные узлы;595,0;служба;M2B;11,746881750664977;14,843622172238513;0,0066606952829835414;0,0905299515457819;0,5693137693976009;0,33333300000000005;0,0;0,0;0,0;0,00016258377363358373;0,0;0,0;0,0;0,0;0,6172606350312573;7,432708983949777;86,2454729117466;5,6902203481563545;0,0;0,0;0,0;0,014337121116006487;0,0;0,0;0,0;0,0
3,0;5,0;"B=3; Si=5";перекрёстные узлы;595,0;служба;MNS_Q;0,06251913129084347;0,05426556876609634;0,0;0,0;0,0;0,0;0,0;0,0;0,0;2,016698278186922e-09;0,49999999798330175;0,0;0,5;0,0;0,0;0,0;0,0;0,0;0,0;0,0;0,0;2,5889970285770524e-07;63,14422299675667;0,0;36,855776744343636;0,0
