T, °C;межфазная энергия, Дж/м²;места зарождения;t, ч;средний радиус, нм;число выделений, 1/м³;критический радиус, нм;скорость зарождения, 1/(м³·с)
580,0;0,05;объём зерна;0,001;0,0;3,241094109927014e-42;0,3231968743525252;7,893211319890276e-40
580,0;0,05;объём зерна;0,001769908906321979;0,0;1,9124538951070131e-13;0,3231968743524943;2,7057919411462903e-11
580,0;0,05;объём зерна;0,00314621515343438;0,4631147746896771;54717,9002479557;0,32319687435254324;441962,2693079581
580,0;0,05;объём зерна;0,0055181635654012115;0,4633347212222248;152456216080816,56;0,3231968743525571;405076886152543,2
580,0;0,05;объём зерна;0,010000000000000002;0,463904838968931;1,133391912584706e+20;0,323196897917634;8,617482100943744e+19
580,0;0,05;объём зерна;0,018225078629878277;0,46565982430092673;3,0394332499447324e+23;0,3232608282621194;7,836215993755136e+22
580,0;0,05;объём зерна;0,030932694084161712;0,4685381813150087;3,164269021843549e+25;0,3302899864980869;1,7556878766200247e+24
580,0;0,05;объём зерна;0,054689811824753014;0,5042113761171201;2,0502854720031976e+26;0,40867498257933754;1,2394357725313039e+24
580,0;0,05;объём зерна;0,09662204556622654;0,5338302041708117;2,743141814106799e+26;0,5353155046240247;1,6787451095325582e+23
580,0;0,05;объём зерна;0,10000000000000002;0,5346120847195974;2,7619129483369752e+26;0,5421293599099334;1,5314105117999558e+23
580,0;0,05;объём зерна;0,17162194446917792;0,5314129344481767;2,9950211930046224e+26;0,6248785764896168;7,180072546388113e+22
580,0;0,05;объём зерна;0,3031641164458512;0,5512463781950825;2,438835266003654e+26;0,676084096154701;6,667145222186349e+22
580,0;0,05;объём зерна;0,5376176503969462;0,7090728676112718;1,3398908375849285e+26;0,7675682245845806;1,1567597167502256e+22
580,0;0,05;объём зерна;0,9521209954413621;0,8043586946980924;1,0095767427145948e+26;0,8341854582127909;2,941926215865617e+21
580,0;0,05;объём зерна;1,0;0,8099648114073847;9,928808812716046e+25;0,8386252118062183;2,682864593490733e+21
580,0;0,05;объём зерна;1,686606222676785;0,8549942345254408;8,507518526712517e+25;0,8752733308345708;1,2590223953193824e+21
580,0;0,05;объём зерна;2,985544460989721;0,9494394232530651;6,0075279879582745e+25;0,9394334959956968;1,9982526127167036e+20
580,0;0,05;объём зерна;5,284577627573494;1,169961969984199;3,4340308640001343e+25;1,1548709762229863;6,9770762039930056e+16
580,0;0,05;объём зерна;9,364907494834162;1,378217435579395;2,091632257030981e+25;1,3654906899954005;5996483226463,663
580,0;0,05;объём зерна;10,0;1,411026286407597;1,95232951331739e+25;1,3972431022135092;1267377989113,9941
580,0;0,05;объём зерна;16,57937513646501;1,6961293464362064;1,1406367862385124e+25;1,6869150146313199;165454,78940282893
580,0;0,05;объём зерна;29,3799105895161;2,0857099731180773;6,251931487714022e+24;2,0833184727115652;4,925420707190336e-07
580,0;0,05;объём зерна;52,01059247599599;2,5367529561462274;3,5015160265076895e+24;2,5442259918429375;1,723249601028405e-23
580,0;0,05;объём зерна;92,03766501327858;3,0806437047430713;1,972721120730713e+24;3,0965326214227296;1,5514181722487714e-47
580,0;0,05;объём зерна;100,0;3,170638316531349;1,814376479990121e+24;3,185404605516249;7,605854726509824e-52
580,0;0,05;объём зерна;163,0789505806146;3,731409691808238;1,1195396665436741e+24;3,758404121386271;1,461789199209676e-82
580,0;0,05;объём зерна;200,0;4,0055485381174964;9,120268782100949e+23;4,028026325819552;9,039025554409436e-99
580,0;0,05;объём зерна;288,5544852652698;4,526253587317571;6,330564025828691e+23;4,562986070354525;2,958868389701827e-134
580,0;0,05;объём зерна;510,969581013836;5,471458906069365;3,5945067938944565e+23;5,518582061370216;1,2101107308229757e-208
580,0;0,05;объём зерна;905,6789773981349;6,618543126590652;2,0370103845387706e+23;6,682453209511086;0,0
580,0;0,05;объём зерна;1000,0;6,839252281872146;1,846918095738776e+23;6,905297638777422;0,0
580,0;0,05;объём зерна;1602,6744131502135;7,993705065882751;1,1605622354717705e+23;8,079879915056775;0,0
580,0;0,05;объём зерна;2842,4852291934176;9,686350502237133;6,5499331848801826e+22;9,797763193569075;0,0
580,0;0,05;объём зерна;5032,084494283861;11,686927002009876;3,720261180536263e+22;11,832249863090622;0,0
580,0;0,05;объём зерна;8909,554843201671;14,135993994148652;2,105720283952978e+22;14,314251554073987;0,0
580,0;0,05;объём зерна;10000,0;14,691360572240105;1,87716038659717e+22;14,869916718767312;0,0
580,0;0,05;объём зерна;15775,737388682537;17,082455753453345;1,196375308931391e+22;17,30353804196475;0,0
580,0;0,05;объём зерна;27935,32313204134;20,753283828472107;6,722452318609563e+21;20,676475719800013;0,0
580,0;0,05;объём зерна;49470,80189355105;24,979989232400698;3,824132425580238e+21;24,144384108866358;0,0
580,0;0,05;объём зерна;87600,0;30,458773114884316;2,1418461496262881e+21;30,442473871319866;0,0
580,0;0,075;объём зерна;0,001;0,0;6,880338316701121e-77;0,48479531152885263;1,864477336437097e-74
580,0;0,075;объём зерна;0,001769908906321979;0,0;7,935000079470645e-34;0,48479531152881156;1,1833633406661942e-31
580,0;0,075;объём зерна;0,0031355141082460083;0,595;2,272407251999366e-09;0,48479531152880206;1,9320503947654777e-07
580,0;0,075;объём зерна;0,005583153744469845;0,5951147326164968;2865324,8453567503;0,4847953115287665;11054728,452731522
580,0;0,075;объём зерна;0,009695613110880866;0,595324812353886;254561042805774,0;0,48479531152902205;330246857761191,75
580,0;0,075;объём зерна;0,010000000000000002;0,5953007353224775;616443171579318,5;0,4847953115291244;672587374354308,9
580,0;0,075;объём зерна;0,016915879170595685;0,5958972213220042;1,6213437519796068e+19;0,4847953222457213;7,089264783082804e+18
580,0;0,075;объём зерна;0,02954201647963165;0,5973332816260986;1,4725781814886097e+22;0,4848051169545129;2,1699424745294864e+21
580,0;0,075;объём зерна;0,05578890415939769;0,6014005064314993;2,2840181040773668e+24;0,4863581566506601;7,494083814050851e+22
580,0;0,075;объём зерна;0,09706033612666894;0,6173381256010184;2,5882933220258027e+25;0,5055368517121939;2,1232275344094745e+23
580,0;0,075;объём зерна;0,10000000000000002;0,6188613788430072;2,80902416924288e+25;0,5076647772131229;2,115391475087845e+23
580,0;0,075;объём зерна;0,17124233158355032;0,6539752888681224;6,640102743386237e+25;0,562451806768907;8,946052077647173e+22
580,0;0,075;объём зерна;0,3033218131235211;0,6931184939020122;8,560325433749447e+25;0,6311914442065935;1,677404351725537e+22
580,0;0,075;объём зерна;0,5379540348538125;0,7206805196920484;9,13049508097712e+25;0,6933251021822545;2,79972896774463e+21
580,0;0,075;объём зерна;0,9512718479755703;0,7502927118387663;8,204519509964883e+25;0,731502140707419;9,029745861876042e+20
580,0;0,075;объём зерна;1,0;0,7588934611779085;7,955623863242382e+25;0,7358580196585103;7,77052071267946e+20
580,0;0,075;объём зерна;1,6846722947772186;0,9108788965814824;5,27205428287243e+25;0,8473355317484169;7,843027071439497e+18
580,0;0,075;объём зерна;2,987044064975857;1,117947140355018;3,288274204070612e+25;1,0751131712820645;68976273011908,02
580,0;0,075;объём зерна;5,284253830705865;1,3613767540586152;1,9484399226284167e+25;1,327660251483128;6793609,482972878
580,0;0,075;объём зерна;9,359797707028486;1,6599521491438232;1,1322750673904945e+25;1,6348023991858536;0,00020533616331080954
580,0;0,075;объём зерна;10,0;1,6974407013067727;1,0637895447177504e+25;1,6735625306385729;6,7510525299706715e-06
580,0;0,075;объём зерна;16,59013708445057;2,01422608954481;6,566263005755993e+24;2,0008901753953157;8,195477068991715e-20
580,0;0,075;объём зерна;29,342500541694754;2,434547271379201;3,8056165274396627e+24;2,4292450650889847;8,887383230713567e-42
580,0;0,075;объём зерна;52,010376833600446;2,941311337163214;2,1937901793042732e+24;2,9461882569148754;5,9562859287320705e-74
580,0;0,075;объём зерна;92,0343690244192;3,555177800480061;1,263250270249992e+24;3,5673910415887984;8,264400608379157e-121
580,0;0,075;объём зерна;100,0;3,6555941412816253;1,1654678533031e+24;3,667197143660779;3,5881413510679274e-129
580,0;0,075;объём зерна;163,15815319750575;4,303963092049091;7,223512330272362e+23;4,327803079053257;2,42316066773324e-190
580,0;0,075;объём зерна;200,0;4,606932244018964;5,9145800113893546e+23;4,630722422252691;8,980665316865793e-222
580,0;0,075;объём зерна;288,72174904660227;5,19370852495513;4,13760217215027e+23;5,229530591119309;3,6725253448981803e-290
580,0;0,075;объём зерна;511,27693920930096;6,270914262278791;2,3612836189608246e+23;6,326043285124262;0,0
580,0;0,075;объём зерна;905,7643608749214;7,572077854986062;1,3480454922103171e+23;7,653033681215048;0,0
580,0;0,075;объём зерна;1000,0;7,834955466865768;1,2215111278905377e+23;7,907346115632819;0,0
580,0;0,075;объём зерна;1601,6867586394312;9,153756347755078;7,67215238656551e+22;9,267792511757557;0,0
580,0;0,075;объём зерна;2837,1256322974045;11,061964014998056;4,35775416144875e+22;11,19795282633824;0,0
580,0;0,075;объём зерна;5030,416191025389;13,374044435815666;2,4688116365484223e+22;13,549426838825925;0,0
580,0;0,075;объём зерна;8907,795070575256;16,19134306933721;1,3998714069130876e+22;16,387332786861524;0,0
580,0;0,075;объём зерна;10000,0;16,824033397900873;1,249016618130825e+22;17,02304961151747;0,0
580,0;0,075;объём зерна;15770,7721457349;19,566066719974224;7,93822643718198e+21;19,833603574637245;0,0
580,0;0,075;объём зерна;27908,659392485057;23,649344126507987;4,499353836745455e+21;23,95659661551639;0,0
580,0;0,075;объём зерна;49463,109099001966;28,5993775763627;2,543732963201874e+21;28,975922939473428;0,0
580,0;0,075;объём зерна;87600,0;34,578563635585176;1,4419968450687305e+21;35,02646546515158;0,0
580,0;0,1;объём зерна;0,001;0,0;2,108627821025256e-113;0,6463937487050415;6,3581750484716864e-111
580,0;0,1;объём зерна;0,001769908906321979;0,0;4,753077444477359e-56;0,6463937487050422;7,471603420337847e-54
580,0;0,1;объём зерна;0,0031355141082460083;0,0;1,6440183068623653e-23;0,6463937487050134;1,4364183161202843e-21
580,0;0,1;объём зерна;0,005569734889868991;0,745;0,000368575664461562;0,6463937487050665;0,002779969892066895
580,0;0,1;объём зерна;0,009979498180322337;0,7451488994874418;45120104,5806773;0,6463937487050123;71225442,44884135
580,0;0,1;объём зерна;0,010000000000000002;0,7451397965546444;50377008,71911915;0,6463937487050843;75785818,90297535
580,0;0,1;объём зерна;0,017231539926817828;0,7454218425938496;43858729053737,06;0,6463937487051263;24292274655126,938
580,0;0,1;объём зерна;0,03155394250852404;0,7462417805077335;4,0423682453236365e+17;0,6463937494046946;6,939763945075765e+16
580,0;0,1;объём зерна;0,05358732052212532;0,747596636795582;6,506103301238757e+19;0,6463938619364257;3,5555438932530253e+18
580,0;0,1;объём зерна;0,09801107498038794;0,7505621255223204;3,032973889427245e+21;0,6463990914704085;4,57573943913359e+19
580,0;0,1;объём зерна;0,10000000000000002;0,750667566129461;3,360592254516967e+21;0,646399671156503;4,864869387583005e+19
580,0;0,1;объём зерна;0,17155986804553358;0,757424129192534;3,0408833391225635e+22;0,6464488439119106;1,7108734617368422e+20
580,0;0,1;объём зерна;0,3070478726385391;0,7750736435580368;1,622252623074608e+23;0,6467101709865313;3,6741071398214907e+20
580,0;0,1;объём зерна;0,5410234374598968;0,8088851842274664;5,5196222362514925e+23;0,6476409601151812;5,3803443229029374e+20
580,0;0,1;объём зерна;0,9550528434713617;0,9075818048918762;1,4111729632187855e+24;0,6511388938593365;5,8167151268041346e+20
580,0;0,1;объём зерна;1,0;0,9200806222930625;1,5044130737068933e+24;0,6517029733871983;5,745946440014168e+20
580,0;0,1;объём зерна;1,6941917016176873;1,1579150987293216;2,612418546231461e+24;0,6674973716457269;3,078461562765134e+20
580,0;0,1;объём зерна;2,987202428651422;1,7474814151555984;3,0770441298666244e+24;0,751650375221229;4,6455298894513e+18
580,0;0,1;объём зерна;5,286525482482042;2,4560162778848853;3,0694013006425295e+24;1,2741160794646238;192,0777181991195
580,0;0,1;объём зерна;9,356990516238183;2,666593643570002;2,985643494757363e+24;2,571288345537914;1,3114095625378613e-75
580,0;0,1;объём зерна;10,0;2,6741108691588864;2,958047275604843e+24;2,6231646727637177;9,155562592047723e-80
580,0;0,1;объём зерна;16,546018034833875;2,778991248499667;2,599255905047641e+24;2,778658187600008;1,1442245154769321e-92
580,0;0,1;объём зерна;29,352308964280923;3,0291388676948507;1,996164316960067e+24;3,0297882342792453;3,7852625344391204e-115
580,0;0,1;объём зерна;51,97345119608812;3,432992503393524;1,3753371529323021e+24;3,4393822941390337;4,792945654347891e-156
580,0;0,1;объём зерна;92,15029980521817;4,019288223203384;8,67943564749302e+23;4,028300671836896;5,934812901127104e-224
580,0;0,1;объём зерна;100,0;4,127059453305647;8,053868293135193e+23;4,133882560891712;2,918537543880259e-237
580,0;0,1;объём зерна;163,00361878047173;4,785821886164573;5,1884397272387366e+23;4,812306923801295;0,0
580,0;0,1;объём зерна;200,0;5,105961272929473;4,287663263174278e+23;5,133175415278021;0,0
580,0;0,1;объём зерна;288,76516010078876;5,742914250970415;3,027407059860492e+23;5,7802432023071;0,0
580,0;0,1;объём зерна;511,03793869255117;6,919952050563754;1,7451638292027045e+23;6,974052951230385;0,0
580,0;0,1;объём зерна;905,0779489351327;8,34574665010216;1,003215063433307e+23;8,42135182832507;0,0
580,0;0,1;объём зерна;1000,0;8,633661304781306;9,079525756176364e+22;8,717871076331548;0,0
580,0;0,1;объём зерна;1602,716885346666;10,097027639787314;5,6987955505953925e+22;10,201809795784396;0,0
580,0;0,1;объём зерна;2837,558582255884;12,172247465274902;3,25078381638782e+22;12,324988305597609;0,0
580,0;0,1;объём зерна;5029,106592938318;14,73043033169675;1,8435771956035425e+22;14,913790583768483;0,0
580,0;0,1;объём зерна;8908,526025225527;17,801738733939786;1,0500944080200935e+22;18,026146082067285;0,0
580,0;0,1;объём зерна;10000,0;18,53796269737607;9,326781921613559e+21;18,751106414966795;0,0
580,0;0,1;объём зерна;15765,87477629241;21,497442708076473;5,951325628132435e+21;21,8257940427071;0,0
580,0;0,1;объём зерна;27941,397258082125;26,026989499353576;3,3637520894219413e+21;26,3856945924633;0,0
580,0;0,1;объём зерна;49469,21492132118;31,475156065251618;1,905520749666117e+21;31,91792423661133;0,0
580,0;0,1;объём зерна;87600,0;38,02373655614791;1,0835172104880996e+21;38,54381657950259;0,0
580,0;0,125;объём зерна;0,001;0,0;2,3792498353435987e-152;0,807992185881262;7,982847271381862e-150
580,0;0,125;объём зерна;0,001769908906321979;0,0;1,0482209211410194e-80;0,8079921858813186;1,7368387349483035e-78
580,0;0,125;объём зерна;0,0031355141082460083;0,0;4,379021814547284e-40;0,8079921858812;3,931817890501723e-38
580,0;0,125;объём зерна;0,005554586920350339;0,0;4,70689332947169e-17;0,8079921858812534;2,3590956337002972e-15
580,0;0,125;объём зерна;0,009914257247284893;0,895;0,007572925477286925;0,8079921858812299;0,0226802282079896
580,0;0,125;объём зерна;0,010000000000000002;0,895;0,007000794707365687;0,8079921858812934;0,03143961093639302
580,0;0,125;объём зерна;0,01741710633406007;0,8952192622773733;450803,6393624658;0,8079921858813771;302848,5121101748
580,0;0,125;объём зерна;0,030247892362848323;0,8955976963738375;13048560507,51773;0,8079921858813486;2987195591,423622
580,0;0,125;объём зерна;0,05556736646984028;0,89671714854161;12319177989769,96;0,8079921858813677;882425670354,9971
580,0;0,125;объём зерна;0,10000000000000002;0,898362584433568;960703664684749,5;0,8079921858849453;18072119760725,09
580,0;0,125;объём зерна;0,1712248186018213;0,9019593439708945;1,2977880477404536e+16;0,80799218593081;86932543640446,02
580,0;0,125;объём зерна;0,30792437525733035;0,9130633343684706;9,066604207597472e+16;0,8079921862409358;231406558157525,44
580,0;0,125;объём зерна;0,5385832378849453;0,9382755121000108;3,5271995167356666e+17;0,8079921874061103;391258773748303,25
580,0;0,125;объём зерна;0,9512541890327846;0,9925109004827033;1,0490539032068019e+18;0,8079921913408191;530344918459549,0
580,0;0,125;объём зерна;1,0;0,9999123539591271;1,1428595994955978e+18;0,8079921919805951;540707130501420,7
580,0;0,125;объём зерна;1,681872777960846;1,128577088094149;2,587420599392296e+18;0,8079922069433496;630157588921982,9
580,0;0,125;объём зерна;2,9771298665924735;1,4227433105655476;5,700075121938904e+18;0,8079922915289081;694814563080499,8
580,0;0,125;объём зерна;5,305471357736516;1,9486026544531208;1,1890781752308036e+19;0,8079928305448729;734558556907202,8
580,0;0,125;объём зерна;9,338147730204023;2,7894639376986534;2,274859482528849e+19;0,807995992208029;757314655022382,5
580,0;0,125;объём зерна;10,0;2,913424691877799;2,455527408947961e+19;0,807996878971542;759295809872450,5
580,0;0,125;объём зерна;16,58686519857705;4,001826767351329;4,2708509705614926e+19;0,8080134078333387;769852371950825,6
580,0;0,125;объём зерна;29,352587958989087;5,663103549322227;7,845098423994193e+19;0,8081016295133467;772598511538661,6
580,0;0,125;объём зерна;52,03141444802488;7,925319903262797;1,4093507602012955e+20;0,8085201461753686;753918654715509,1
580,0;0,125;объём зерна;92,11493185254515;12,460857191897608;1,9343162244480588e+20;0,8103481475943808;663068101397172,8
580,0;0,125;объём зерна;100,0;13,278637027311769;1,9729619953460996e+20;0,8108613612686982;639196345742621,2
580,0;0,125;объём зерна;163,240418914597;16,04294151140054;2,7996002567467808e+20;0,8166941398184178;419745517976541,4
580,0;0,125;объём зерна;200,0;17,175506677924375;3,267182728110199e+20;0,8217228584683349;291139439329242,4
580,0;0,125;объём зерна;288,6257401862318;21,51125537736203;3,6402548999329736e+20;0,8387510458690957;82883379438986,58
580,0;0,125;объём зерна;511,3805541338929;30,02910572205949;3,784499031929523e+20;0,9110860763266377;298570541130,4324
580,0;0,125;объём зерна;905,5988584453155;40,193111748298456;3,7847742214683086e+20;1,187886368582484;1,81323906929408
580,0;0,125;объём зерна;1000,0;41,939956743145224;3,784774221468308e+20;1,3024498493027252;5,62910158003037e-06
580,0;0,125;объём зерна;1604,601521896843;48,447300204067666;3,78477422146829e+20;3,2909318690786433;2,5856194584824834e-182
580,0;0,125;объём зерна;2836,0715497986175;49,07643266279614;3,8970189673948067e+20;38,219062405980466;0,0
580,0;0,125;объём зерна;5383,0114474893435;49,10666034315664;3,8970185102217255e+20;53,36318511093256;0,0
580,0;0,125;объём зерна;8964,618829824572;49,27111959565159;3,8829188917964256e+20;59,871443273189364;0,0
580,0;0,125;объём зерна;10000,0;49,95467930338862;3,8285467821166376e+20;60,71539663170917;0,0
580,0;0,125;объём зерна;16006,499591388896;60,872593473070374;3,127532776384467e+20;41,27736247288427;0,0
580,0;0,125;объём зерна;28740,286989032913;60,555442476214154;3,11682486715076e+20;15,562100703676501;0,0
580,0;0,125;объём зерна;49471,79879306267;60,71368321432099;3,0998525010898203e+20;22,677140552842737;0,0
580,0;0,125;объём зерна;87600,0;60,59453306188129;3,075773349209942e+20;59,29805144099298;0,0
580,0;0,15;объём зерна;0,001;0,0;2,483683298593915e-194;0,9695906230577149;9,272550555159727e-192
580,0;0,15;объём зерна;0,001769908906321979;0,0;2,138684859186111e-108;0,9695906230576438;3,7352632088593557e-106
580,0;0,15;объём зерна;0,0031355141082460083;0,0;1,0791047550565936e-59;0,969590623057475;9,95684833522219e-58
580,0;0,15;объём зерна;0,005554586920350339;0,0;4,222291819991799e-32;0,9695906230575743;2,14735811166148e-30
580,0;0,15;объём зерна;0,009835356723973405;0,0;1,9854072195438395e-16;0,9695906230576506;5,651332443649953e-15
580,0;0,15;объём зерна;0,010000000000000002;0,0;4,082882202035392e-16;0,9695906230575495;1,2066530532235934e-14
580,0;0,15;объём зерна;0,01741420532255206;0,9970000000000002;1,74460790789486e-07;0,9695906230576475;2,8853472529055117e-06
580,0;0,15;объём зерна;0,03159176210437088;0,9970000000000002;0,9269912819636658;0,969590623057491;0,34016043272272023
580,0;0,15;объём зерна;0,05328916720719292;1,0518274742735265;1279,1548313053636;0,9695906230575015;116,95456153718298
580,0;0,15;объём зерна;0,10000000000000002;1,0532981944560493;248072,26886932348;0,9695906230576434;6208,986801616716
580,0;0,15;объём зерна;0,17308872643589365;1,0556907723886657;5265057,1913473895;0,9695906230576821;42073,17207568523
580,0;0,15;объём зерна;0,299714099362242;1,060847443444531;42384764,63330823;0,96959062305759;127160,83905906964
580,0;0,15;объём зерна;0,5307216917615586;1,0717586946161202;198180189,67114156;0,969590623057567;245558,10080692763
580,0;0,15;объём зерна;0,9509781818049999;1,1024989122489512;663295475,8398681;0,9695906230575795;358112,9939846088
580,0;0,15;объём зерна;1,0;1,106802372062419;727063749,0434088;0,9695906230575644;366576,45638125186
580,0;0,15;объём зерна;1,6904430100085477;1,1818840344965207;1742492677,5424037;0,9695906230576358;441105,8659177623
580,0;0,15;объём зерна;2,9767035176408845;1,3802391345814464;3959119012,2143755;0,9695906230575663;495275,7007476778
580,0;0,15;объём зерна;5,295283876221892;1,824686814970208;8259552500,144659;0,9695906230576202;529412,7057561475
580,0;0,15;объём зерна;9,367974838398323;2,585626060666405;16068466139,08523;0,9695906230574629;549479,1931103149
580,0;0,15;объём зерна;10,0;2,690990799526561;17320484928,696144;0,9695906230576066;551161,5995748832
580,0;0,15;объём зерна;16,559175627214337;3,7091581896955357;30471270405,443863;0,9695906230576109;561143,6530233726
580,0;0,15;объём зерна;29,367744894911265;5,349345953961824;56778383235,31503;0,9695906230577036;567880,9637703826
580,0;0,15;объём зерна;51,9357544447358;7,6007072325263865;103099180240,14532;0,9695906230578923;571701,2620292235
580,0;0,15;объём зерна;92,20780813422;10,56525919065375;186871455120,80627;0,9695906230595629;573883,9592969354
580,0;0,15;объём зерна;100,0;11,3422856772549;196464908219,9289;0,9695906230601795;574103,7584850396
580,0;0,15;объём зерна;162,83345204871364;15,555057295611523;277735385879,8429;0,9695906230662857;575108,4767270223
580,0;0,15;объём зерна;200,0;17,406998452197282;325764579739,5324;0,9695906230719695;575405,9631473483
580,0;0,15;объём зерна;288,96694913512664;21,040746911546236;440908473577,1461;0,9695906230925058;575807,4784096048
580,0;0,15;объём зерна;512,0274673033441;28,55208184369744;688480976859,0258;0,9695906231934952;576200,9626154617
580,0;0,15;объём зерна;906,1410911608737;37,972688692720766;1098013190791,258;0,9695906235721229;576422,7683182104
580,0;0,15;объём зерна;1000,0;39,884928245363945;1194439809012,0098;0,9695906237054216;576449,8160512851
580,0;0,15;объём зерна;1601,6909897965254;50,00397504687187;1820608190152,497;0,9695906250231418;576547,8716241767
580,0;0,15;объём зерна;2840,4215923110273;62,021679270489635;3159703475454,757;0,9695906307580489;576618,6680033643
580,0;0,15;объём зерна;5030,988236019968;42,49916134440586;7935204283258,395;0,9695906488586907;576657,6427649244
580,0;0,15;объём зерна;8903,151200440574;21,332211823514648;5,791388434461536e+21;21,441753129530568;0,0
580,0;0,15;объём зерна;10000,0;22,504134951269187;4,965709095126593e+21;22,598470144871918;0,0
580,0;0,15;объём зерна;15801,925890199316;26,828197361679937;2,934749540308123e+21;27,05964189219817;0,0
580,0;0,15;объём зерна;27922,124907070374;32,752542602644844;1,616825971262975e+21;33,121850684860895;0,0
580,0;0,15;объём зерна;49377,98987293106;39,6689010801163;9,181399346537841e+20;38,746033989884374;0,0
580,0;0,15;объём зерна;87600,0;47,80267774519903;5,2975949181496223e+20;45,41217015013049;0,0
580,0;0,175;объём зерна;0,001;0,0;5,994205750991149e-240;1,1311890602338432;2,4901177053205484e-237
580,0;0,175;объём зерна;0,001769908906321979;0,0;1,0088347774801677e-139;1,1311890602339358;1,857215125344084e-137
580,0;0,175;объём зерна;0,0031355141082460083;0,0;6,1479365830324624e-83;1,1311890602339394;5,829478080918272e-81
580,0;0,175;объём зерна;0,005554586920350339;0,0;8,756718975705051e-51;1,1311890602338572;4,5190036069140494e-49
580,0;0,175;объём зерна;0,009835356723973405;0,0;1,5401168411069944e-32;1,131189060233851;4,419062345766032e-31
580,0;0,175;объём зерна;0,010000000000000002;0,0;3,5960432910836505e-32;1,1311890602338652;1,0706978955776213e-30
580,0;0,175;объём зерна;0,01741420532255206;0,0;3,8401878652929134e-22;1,1311890602338164;6,378500104385356e-21
580,0;0,175;объём зерна;0,03084270003851134;0,0;3,80424634328714e-16;1,1311890602338677;3,5071139252504495e-15
580,0;0,175;объём зерна;0,054614930997190225;0,0;1,1824592482729393e-12;1,1311890602337724;6,096682557521225e-12
580,0;0,175;объём зерна;0,09671041261606801;0,9970000000000002;1,4228410356499377e-10;1,1311890602339185;4,1201791839276344e-10
580,0;0,175;объём зерна;0,10000000000000002;0,0;9,208119121615827e-11;1,1311890602339234;4,931870406786992e-10
580,0;0,175;объём зерна;0,17127951419477566;0,9970000000000002;1,9700635990712983e-09;1,131189060233704;4,45125482854559e-09
580,0;0,175;объём зерна;0,3035281041009391;0,9970000000000002;1,5678116397207876e-08;1,1311890602338472;1,7081478812930265e-08
580,0;0,175;объём зерна;0,5373684155160052;0,9970000000000002;6,409903950986225e-08;1,1311890602339891;3,6448948669381446e-08
580,0;0,175;объём зерна;0,9511271808247345;0,9970000000000002;1,815367729354792e-07;1,1311890602337202;5,59176241377778e-08
580,0;0,175;объём зерна;1,0;0,9970000000000002;1,425422783442292e-07;1,1311890602338488;5,745742078794305e-08
580,0;0,175;объём зерна;1,6852501600765406;0,9970000000000002;3,522577192243036e-07;1,131189060233801;7,12364494863154e-08
580,0;0,175;объём зерна;2,9833301265324974;0,9970000000000002;7,849505378523283e-07;1,1311890602337928;8,165453500165977e-08
580,0;0,175;объём зерна;5,2830095737983225;0,9970000000000002;1,5773653382025844e-06;1,1311890602338317;8,820234825422e-08
580,0;0,175;объём зерна;9,35969844997168;0,9970000000000002;2,998407562028324e-06;1,1311890602338976;9,213166484069255e-08
580,0;0,175;объём зерна;10,0;0,9970000000000002;1,2787316581155599e-06;1,1311890602338224;9,246546841970213e-08
580,0;0,175;объём зерна;16,570959545682157;0,9970000000000002;3,537194395692931e-06;1,1311890602337626;9,442428844538841e-08
580,0;0,175;объём зерна;29,350528588955715;0,9970000000000002;7,987119836599677e-06;1,1311890602339119;9,574506691238722e-08
580,0;0,175;объём зерна;51,97073204951477;0,9970000000000002;1,5900250210326477e-05;1,1311890602338284;9,649862271593156e-08
580,0;0,175;объём зерна;92,06645694618066;0,9970000000000002;2,9947751426162643e-05;1,131189060233821;9,692706768971557e-08
580,0;0,175;объём зерна;100,0;0,9970000000000002;1,2148087533699538e-05;1,1311890602340067;9,69712332329001e-08
580,0;0,175;объём зерна;163,07792971802743;0,9970000000000002;3,4216220535861104e-05;1,1311890602339847;9,716972525887405e-08
580,0;0,175;объём зерна;200,0;0,9970000000000002;6,475971811265165e-06;1,1311890602338885;9,722789479313049e-08
580,0;0,175;объём зерна;288,7106794656684;0,9970000000000002;3,752594354316109e-05;1,1311890602337835;9,730689425024008e-08
580,0;0,175;объём зерна;511,2587749415865;0,9970000000000002;0,00011549970484946087;1,1311890602338652;9,738448514848243e-08
580,0;0,175;объём зерна;905,6521559651597;0,9970000000000002;0,0002537438353795364;1,1311890602337253;9,742834717956693e-08
580,0;0,175;объём зерна;1000,0;0,9970000000000002;0,00015201348545597807;1,1311890602337398;9,743371307144656e-08
580,0;0,175;объём зерна;1603,2837532047117;0,9970000000000002;0,0003634829774859515;1,1311890602337884;9,745309680925235e-08
580,0;0,175;объём зерна;2839,0358009060474;0,9970000000000002;0,0007967044770400552;1,131189060234061;9,746708464041483e-08
580,0;0,175;объём зерна;5028,633571792196;0,9970000000000002;0,0015643531223784252;1,1311890602337193;9,747498766709963e-08
580,0;0,175;объём зерна;8908,86767615496;0,9970000000000002;0,0029247395475567226;1,131189060233825;9,747945103141472e-08
580,0;0,175;объём зерна;10000,0;0,9970000000000002;0,003231896940857014;1,1311890602338508;9,748008219753959e-08
580,0;0,175;объём зерна;15765,470162594047;0,9970000000000002;0,0052532438653609915;1,1311890602339796;9,748196680335646e-08
580,0;0,175;объём зерна;27940,049585849076;0,9970000000000002;0,009521601772052609;1,1311890602338581;9,748339116834382e-08
580,0;0,175;объём зерна;49468,135641063185;0,9970000000000002;0,01706926579974344;1,1311890602337353;9,748419388110883e-08
580,0;0,175;объём зерна;87600,0;0,9970000000000002;0,02136589032712822;1,1311890602339156;9,748464736236353e-08
580,0;0,2;объём зерна;0,001;0,0;8,336854966842783e-290;1,29278749741001;3,853680510896259e-287
580,0;0,2;объём зерна;0,001769908906321979;0,0;2,742385224957221e-175;1,2927874974101328;5,321552910188262e-173
580,0;0,2;объём зерна;0,0031355141082460083;0,0;2,01850732453969e-110;1,2927874974100908;1,9668562659435726e-108
580,0;0,2;объём зерна;0,005554586920350339;0,0;1,0465735474890793e-73;1,2927874974102427;5,480448091736655e-72
580,0;0,2;объём зерна;0,009835356723973405;0,0;6,884825149240784e-53;1,29278749741011;1,9913361198129412e-51
580,0;0,2;объём зерна;0,010000000000000002;0,0;1,8252322913121365e-52;1,2927874974100806;5,475031895370628e-51
580,0;0,2;объём зерна;0,01741420532255206;0,0;4,871270848167431e-41;1,2927874974102416;8,12595131041329e-40
580,0;0,2;объём зерна;0,03084270003851134;0,0;3,194475148045689e-34;1,2927874974100908;2,9521509914963086e-33
580,0;0,2;объём зерна;0,054614930997190225;0,0;2,8857173452562454e-30;1,292787497410232;1,489909703419367e-29
580,0;0,2;объём зерна;0,09671041261606801;0,0;6,342893069023004e-28;1,2927874974101876;1,8381700531168376e-27
580,0;0,2;объём зерна;0,10000000000000002;0,0;4,213338549840392e-28;1,2927874974100717;2,257551916936006e-27
580,0;0,2;объём зерна;0,17127951419477566;0,0;1,2344238694477815e-26;1,2927874974100357;2,7900011150866703e-26
580,0;0,2;объём зерна;0,3035281041009391;0,0;1,1905826302821968e-25;1,2927874974101803;1,2974245193509277e-25
580,0;0,2;объём зерна;0,5373684155160052;0,0;5,424695459069028e-25;1,2927874974099416;3,085065805348387e-25
580,0;0,2;объём зерна;0,9511271808247345;0,0;1,6332898016899715e-24;1,2927874974103053;5,031298617773451e-25
580,0;0,2;объём зерна;1,0;0,0;1,2874720181550961e-24;1,292787497410022;5,189946201070587e-25
580,0;0,2;объём зерна;1,6852501600765406;0,0;3,2809375115666556e-24;1,292787497410217;6,635223952211737e-25
580,0;0,2;объём зерна;2,9833301265324974;0,0;7,455109946680079e-24;1,2927874974099882;7,755359283498931e-25
580,0;0,2;объём зерна;5,2830095737983225;0,0;1,5147248584142568e-23;1,2927874974100937;8,470078806718748e-25
580,0;0,2;объём зерна;9,35969844997168;0,0;2,897334847593977e-23;1,2927874974100866;8,902671171740274e-25
580,0;0,2;объём зерна;10,0;0,0;1,2362717624596393e-23;1,2927874974102818;8,939544012445309e-25
580,0;0,2;объём зерна;16,570959545682157;0,0;3,42999960290828e-23;1,2927874974100793;9,156301948407167e-25
580,0;0,2;объём зерна;29,350528588955715;0,0;7,760460899537112e-23;1,2927874974100704;9,302819714382725e-25
580,0;0,2;объём зерна;51,97073204951477;0,0;1,546635543849022e-22;1,2927874974100548;9,386543546361334e-25
580,0;0,2;объём зерна;92,06645694618066;0,0;2,914897736907164e-22;1,2927874974100393;9,434187645211749e-25
580,0;0,2;объём зерна;100,0;0,0;1,1824846113857166e-22;1,292787497410033;9,439100671136709e-25
580,0;0,2;объём зерна;163,07792971802743;0,0;3,3315511091040575e-22;1,2927874974102798;9,461185099623683e-25
580,0;0,2;объём зерна;200,0;0,0;6,306038654452932e-23;1,292787497410098;9,467658324374491e-25
580,0;0,2;объём зерна;288,7106794656684;0,0;3,654547934309964e-22;1,292787497410188;9,476450430908299e-25
580,0;0,2;объём зерна;511,2587749415865;0,0;1,1249477943337797e-21;1,29278749741027;9,485086766649673e-25
580,0;0,2;объём зерна;905,6521559651597;0,0;2,4715815468580252e-21;1,2927874974100866;9,489969311957552e-25
580,0;0,2;объём зерна;1000,0;0,0;1,4806928952523588e-21;1,2927874974099576;9,490566642643968e-25
580,0;0,2;объём зерна;1603,2837532047117;0,0;3,540619812286897e-21;1,2927874974101343;9,492724478294739e-25
580,0;0,2;объём зерна;2839,0358009060474;0,0;7,760708736232273e-21;1,2927874974100564;9,494281671130286e-25
580,0;0,2;объём зерна;5028,633571792196;0,0;1,5238560862169377e-20;1,2927874974100706;9,495161486667584e-25
580,0;0,2;объём зерна;8908,86767615496;0,0;2,8490442948434067e-20;1,2927874974101952;9,495658381482158e-25
580,0;0,2;объём зерна;10000,0;0,0;3,148255055195092e-20;1,2927874974101161;9,495728647924991e-25
580,0;0,2;объём зерна;15765,470162594047;0,0;5,1173034218141776e-20;1,2927874974101363;9,495938458974054e-25
580,0;0,2;объём зерна;27940,049585849076;0,0;9,275226579570748e-20;1,2927874974100433;9,496097030454842e-25
580,0;0,2;объём зерна;49468,135641063185;0,0;1,6627611407755465e-19;1,2927874974102933;9,496186394845189e-25
580,0;0,2;объём зерна;87600,0;0,0;2,0813077863621485e-19;1,292787497409968;9,496236881957515e-25
580,0;0,25;объём зерна;0,001;0,0;0,0;1,6159843717626743;0,0
580,0;0,25;объём зерна;0,001769908906321979;0,0;1,4880258695241346e-261;1,6159843717627138;3,2081589900298153e-259
580,0;0,25;объём зерна;0,0031355141082460083;0,0;1,5977079491108466e-180;1,6159843717623736;1,644082827832164e-178
580,0;0,25;объём зерна;0,005554586920350339;0,0;1,097720067288628e-134;1,6159843717625026;5,918722821601528e-133
580,0;0,25;объём зерна;0,009835356723973405;0,0;1,010267958405986e-108;1,6159843717628215;2,969194397163503e-107
580,0;0,25;объём зерна;0,010000000000000002;0,0;3,4527869381318625e-108;1,6159843717625166;1,0512142397102992e-106
580,0;0,25;объём зерна;0,01741420532255206;0,0;5,7555530830293e-94;1,6159843717625912;9,68390872808821e-93
580,0;0,25;объём зерна;0,03084270003851134;0,0;1,653965516540879e-85;1,6159843717625872;1,535964313290698e-84
580,0;0,25;объём зерна;0,054614930997190225;0,0;1,2619849567022315e-80;1,6159843717624907;6,533679903142733e-80
580,0;0,25;объём зерна;0,09671041261606801;0,0;9,255813165341889e-78;1,6159843717626423;2,6865196768937158e-77
580,0;0,25;объём зерна;0,10000000000000002;0,0;6,477424907952337e-78;1,615984371762784;3,4734024063074256e-77
580,0;0,25;объём зерна;0,17127951419477566;0,0;3,5587510895615656e-76;1,6159843717628068;8,048471097484987e-76
580,0;0,25;объём зерна;0,3035281041009391;0,0;5,041456586757787e-75;1,6159843717628488;5,496174895982504e-75
580,0;0,25;объём зерна;0,5373684155160052;0,0;2,8529109507128784e-74;1,6159843717626894;1,622887659100668e-74
580,0;0,25;объём зерна;0,9511271808247345;0,0;9,70790913545387e-74;1,615984371762651;2,9909423052958284e-74
580,0;0,25;объём зерна;1,0;0,0;7,712428982837678e-74;1,6159843717626945;3,1092918440284954e-74
580,0;0,25;объём зерна;1,6852501600765406;0,0;2,089960186603575e-73;1,6159843717629039;4,226952815158031e-74
580,0;0,25;объём зерна;2,9833301265324974;0,0;4,937905215017244e-73;1,6159843717625642;5,137008927840162e-74
580,0;0,25;объём зерна;5,2830095737983225;0,0;1,0256562849492387e-72;1,6159843717625695;5,735446480639009e-74
580,0;0,25;объём зерна;9,35969844997168;0,0;1,9864604124304053e-72;1,6159843717626823;6,103912979440953e-74
580,0;0,25;объём зерна;10,0;0,0;8,484928524161446e-73;1,6159843717626146;6,1355305990266006e-74
580,0;0,25;объём зерна;16,570959545682157;0,0;2,368260800415617e-72;1,6159843717625961;6,322051804369877e-74
580,0;0,25;объём зерна;29,350528588955715;0,0;5,379566964722744e-72;1,6159843717627316;6,4487593918994635e-74
580,0;0,25;объём зерна;51,97073204951477;0,0;1,0745366097154774e-71;1,615984371762834;6,521388026918813e-74
580,0;0,25;объём зерна;92,06645694618066;0,0;2,0277140173959338e-71;1,6159843717625177;6,56279071999435e-74
580,0;0,25;объём зерна;100,0;0,0;8,226892860406788e-72;1,6159843717626698;6,567063114993572e-74
580,0;0,25;объём зерна;163,07792971802743;0,0;2,319212489946774e-71;1,6159843717626823;6,586274720727194e-74
580,0;0,25;объём зерна;200,0;0,0;4,390613010642082e-72;1,6159843717625357;6,5919080107104885e-74
580,0;0,25;объём зерна;288,7106794656684;0,0;2,545088682844861e-71;1,615984371762615;6,599560838614393e-74
580,0;0,25;объём зерна;511,2587749415865;0,0;7,836110121642296e-71;1,6159843717626472;6,607079808541992e-74
580,0;0,25;объём зерна;905,6521559651597;0,0;1,721864633319223e-70;1,615984371762744;6,611331408413718e-74
580,0;0,25;объём зерна;1000,0;0,0;1,031563382558265e-70;1,6159843717626892;6,611851587306274e-74
580,0;0,25;объём зерна;1603,2837532047117;0,0;2,4668054851396887e-70;1,6159843717627222;6,613730781716729e-74
580,0;0,25;объём зерна;2839,0358009060474;0,0;5,407229609992031e-70;1,6159843717625288;6,615086960710488e-74
580,0;0,25;объём зерна;5028,633571792196;0,0;1,0617626620604874e-69;1,6159843717625395;6,61585322719109e-74
580,0;0,25;объём зерна;8908,86767615496;0,0;1,985127394564815e-69;1,6159843717627063;6,6162860011329765e-74
580,0;0,25;объём зерна;10000,0;0,0;2,193612412918647e-69;1,6159843717627504;6,61634720066909e-74
580,0;0,25;объём зерна;15765,470162594047;0,0;3,5656076679562e-69;1,6159843717626257;6,616529937982065e-74
580,0;0,25;объём зерна;27940,049585849076;0,0;6,462770424281001e-69;1,615984371762824;6,616668049710384e-74
580,0;0,25;объём зерна;49468,135641063185;0,0;1,1585775007927643e-68;1,6159843717626894;6,616745883527107e-74
580,0;0,25;объём зерна;87600,0;0,0;1,450214058900452e-68;1,615984371762685;6,61678985655399e-74
580,0;0,5;объём зерна;0,001;0,0;0,0;3,2319687435248152;0,0
580,0;0,5;объём зерна;0,001769908906321979;0,0;0,0;3,231968743525445;0,0
580,0;0,5;объём зерна;0,0031355141082460083;0,0;0,0;3,231968743525137;0,0
580,0;0,5;объём зерна;0,005554586920350339;0,0;0,0;3,2319687435254303;0,0
580,0;0,5;объём зерна;0,009835356723973405;0,0;0,0;3,231968743525079;0,0
580,0;0,5;объём зерна;0,010000000000000002;0,0;0,0;3,2319687435252944;0,0
580,0;0,5;объём зерна;0,01741420532255206;0,0;0,0;3,23196874352512;0,0
580,0;0,5;объём зерна;0,03084270003851134;0,0;0,0;3,2319687435251945;0,0
580,0;0,5;объём зерна;0,054614930997190225;0,0;0,0;3,231968743525625;0,0
580,0;0,5;объём зерна;0,09671041261606801;0,0;0,0;3,2319687435255147;0,0
580,0;0,5;объём зерна;0,10000000000000002;0,0;0,0;3,2319687435252007;0,0
580,0;0,5;объём зерна;0,17127951419477566;0,0;0,0;3,2319687435254916;0,0
580,0;0,5;объём зерна;0,3035281041009391;0,0;0,0;3,2319687435254743;0,0
580,0;0,5;объём зерна;0,5373684155160052;0,0;0,0;3,231968743525526;0,0
580,0;0,5;объём зерна;0,9511271808247345;0,0;0,0;3,231968743524805;0,0
580,0;0,5;объём зерна;1,0;0,0;0,0;3,231968743525059;0,0
580,0;0,5;объём зерна;1,6852501600765406;0,0;0,0;3,231968743525469;0,0
580,0;0,5;объём зерна;2,9833301265324974;0,0;0,0;3,2319687435251243;0,0
580,0;0,5;объём зерна;5,2830095737983225;0,0;0,0;3,231968743525356;0,0
580,0;0,5;объём зерна;9,35969844997168;0,0;0,0;3,2319687435252997;0,0
580,0;0,5;объём зерна;10,0;0,0;0,0;3,231968743525006;0,0
580,0;0,5;объём зерна;16,570959545682157;0,0;0,0;3,2319687435248445;0,0
580,0;0,5;объём зерна;29,350528588955715;0,0;0,0;3,2319687435256785;0,0
580,0;0,5;объём зерна;51,97073204951477;0,0;0,0;3,231968743525461;0,0
580,0;0,5;объём зерна;92,06645694618066;0,0;0,0;3,2319687435254796;0,0
580,0;0,5;объём зерна;100,0;0,0;0,0;3,231968743525025;0,0
580,0;0,5;объём зерна;163,07792971802743;0,0;0,0;3,2319687435254205;0,0
580,0;0,5;объём зерна;200,0;0,0;0,0;3,231968743525536;0,0
580,0;0,5;объём зерна;288,7106794656684;0,0;0,0;3,2319687435254623;0,0
580,0;0,5;объём зерна;511,2587749415865;0,0;0,0;3,2319687435253424;0,0
580,0;0,5;объём зерна;905,6521559651597;0,0;0,0;3,2319687435253575;0,0
580,0;0,5;объём зерна;1000,0;0,0;0,0;3,231968743525462;0,0
580,0;0,5;объём зерна;1603,2837532047117;0,0;0,0;3,231968743525764;0,0
580,0;0,5;объём зерна;2839,0358009060474;0,0;0,0;3,2319687435251083;0,0
580,0;0,5;объём зерна;5028,633571792196;0,0;0,0;3,231968743525182;0,0
580,0;0,5;объём зерна;8908,86767615496;0,0;0,0;3,2319687435249653;0,0
580,0;0,5;объём зерна;10000,0;0,0;0,0;3,231968743524894;0,0
580,0;0,5;объём зерна;15765,470162594047;0,0;0,0;3,2319687435254263;0,0
580,0;0,5;объём зерна;27940,049585849076;0,0;0,0;3,231968743524621;0,0
580,0;0,5;объём зерна;49468,135641063185;0,0;0,0;3,2319687435254285;0,0
580,0;0,5;объём зерна;87600,0;0,0;0,0;3,2319687435249596;0,0
580,0;0,05;границы зёрен;0,001;0,0;0,0;0,32319687435248234;0,0
580,0;0,05;границы зёрен;0,001769908906321979;0,0;1,9914236308807812e-218;0,32319687435256933;4,975523348604978e-216
580,0;0,05;границы зёрен;0,0031355141082460083;0,0;9,112334311136148e-115;0,3231968743525338;1,0120770052294726e-112
580,0;0,05;границы зёрен;0,005554586920350339;0,0;3,696413545433345e-56;0,3231968743524913;2,0762663814378592e-54
580,0;0,05;границы зёрен;0,009835356723973405;0,0;5,443472890125458e-23;0,32319687435254635;1,636095579793517e-21
580,0;0,05;границы зёрен;0,010000000000000002;0,0;2,6548526948710017e-22;0,323196874352507;8,252698971670247e-21
580,0;0,05;границы зёрен;0,017524065147659272;0,4630000000000001;0,003590551593038759;0,3231968743525264;0,00875211414577982
580,0;0,05;границы зёрен;0,031078977122457007;0,4646891235044765;460387556,31004757;0,3231968743525352;245970432,6658487
580,0;0,05;границы зёрен;0,05541301868740023;0,46703954043542867;1549187522869093,0;0,32319687435256184;210351675911554,7
580,0;0,05;границы зёрен;0,09675159537901787;0,4721765592286365;9,539633784320379e+18;0,32319687500712424;3,6309705175887456e+17
580,0;0,05;границы зёрен;0,10000000000000002;0,47261527140984344;1,416485270106474e+19;0,32319687532741126;5,023063844056899e+17
580,0;0,05;границы зёрен;0,17187657104251033;0,48640597263805013;2,2865919271068353e+21;0,32319704685521977;2,829144898504703e+19
580,0;0,05;границы зёрен;0,30298183153608527;0,5279768950001746;5,799331624733268e+22;0,3232026329625764;2,135844207723012e+20
580,0;0,05;границы зёрен;0,5364767795834141;0,7623842133821479;1,2101481224710697e+23;0,32323390554946196;0,0
580,0;0,05;границы зёрен;0,9544750656424599;1,24485496082771;1,2100194793782632e+23;0,32335332025138047;0,0
580,0;0,05;границы зёрен;1,0;1,2907076152449846;1,2100194793782632e+23;0,32337123777739085;0,0
580,0;0,05;границы зёрен;1,68528842184199;1,8807599112055915;1,2100194793782632e+23;0,3237343527483646;0,0
580,0;0,05;границы зёрен;2,9787341098710702;2,7109503645351998;1,2100194793782632e+23;0,32480682866525595;0,0
580,0;0,05;границы зёрен;5,281099313375601;3,7941709307293743;1,209928180183585e+23;0,3277007743441226;0,0
580,0;0,05;границы зёрен;9,343483271085594;5,198851562156517;1,209928180183585e+23;0,3353059002721892;0,0
580,0;0,05;границы зёрен;10,0;5,391098226563762;1,2099281801835849e+23;0,3368166872735189;0,0
580,0;0,05;границы зёрен;16,557381246113344;6,996276305208039;1,2097196722965155e+23;0,3564563273479079;0,0
580,0;0,05;границы зёрен;29,3373462606345;9,165661941311129;1,2097196722965156e+23;0,4254242599033847;0,0
580,0;0,05;границы зёрен;51,96842000950025;11,294682976022981;1,2097196722965158e+23;0,7801272071863703;0,0
580,0;0,05;границы зёрен;91,97350895623526;12,27154165965863;1,2097196722965156e+23;4,892111374181964;0,0
580,0;0,05;границы зёрен;100,0;12,305498739843047;1,2097196722965156e+23;6,59313620502874;0,0
580,0;0,05;границы зёрен;161,28319454126387;12,347388432865136;1,2097196722965155e+23;12,176479060154287;0,0
580,0;0,05;границы зёрен;200,0;12,346634929403198;1,2097196722965158e+23;12,2988123644141;0,0
580,0;0,05;границы зёрен;292,5190939722318;12,342069396279811;1,2097196722965155e+23;11,97043444371125;0,0
580,0;0,05;границы зёрен;522,8867392700279;12,328068226538479;1,2097196722965153e+23;10,904227378813369;0,0
580,0;0,05;границы зёрен;908,6522182251539;12,314618735424318;1,2096010818235908e+23;12,188190913739298;0,0
580,0;0,05;границы зёрен;1000,0;12,308604756721586;1,2096008020171025e+23;12,21345323436446;0,0
580,0;0,05;границы зёрен;1597,6704507861004;12,252724445679778;1,2091640509291674e+23;12,141833249595338;0,0
580,0;0,05;границы зёрен;2832,361787375086;12,145084959847338;1,1814008902988448e+23;12,18835434160609;0,0
580,0;0,05;границы зёрен;5022,922748362779;12,647266364150946;9,926661046899513e+22;12,779431337571038;0,0
580,0;0,05;границы зёрен;8906,600282681744;14,210396254478164;6,748966211959152e+22;14,37800443219093;0,0
580,0;0,05;границы зёрен;10000,0;14,687078035160333;6,092489946925203e+22;14,84289284621216;0,0
580,0;0,05;границы зёрен;15781,006870299745;16,933253465229075;3,9403793457476115e+22;17,15421860231727;0,0
580,0;0,05;границы зёрен;27923,257558865072;20,53968198136358;2,2075881863980975e+22;19,96205902938316;0,0
580,0;0,05;границы зёрен;49459,266890725325;24,881188602864928;1,2388926270043813e+22;23,40188331397844;0,0
580,0;0,05;границы зёрен;87600,0;30,18532265971822;6,950742152382397e+21;28,221595622728948;0,0
580,0;0,075;границы зёрен;0,001;0,0;0,0;0,4847953115287907;0,0
580,0;0,075;границы зёрен;0,001769908906321979;0,0;0,0;0,484795311528792;0,0
580,0;0,075;границы зёрен;0,0031355141082460083;0,0;2,667957622006939e-182;0,48479531152878724;3,5281874638778354e-180
580,0;0,075;границы зёрен;0,005554586920350339;0,0;1,6809126481050867e-94;0,48479531152882055;1,0367067498256467e-92
580,0;0,075;границы зёрен;0,009835356723973405;0,0;7,248872344652118e-45;0,48479531152882716;2,2932126674015088e-43
580,0;0,075;границы зёрен;0,010000000000000002;0,0;7,969302962593291e-44;0,4847953115288258;2,5979173436554262e-42
580,0;0,075;границы зёрен;0,01741420532255206;0,0;9,617586463749195e-17;0,4847953115287697;1,6834316065358898e-15
580,0;0,075;границы зёрен;0,030587200665208536;0,5953648031037323;6,916649441845453;0,48479531152880256;6,313599884743571
580,0;0,075;границы зёрен;0,054127621709595126;0,5966196901499339;21408636900,296577;0,4847953115287999;5679002804,674988
580,0;0,075;границы зёрен;0,0978193921759082;0,5987317280597483;1,440161058709763e+16;0,4847953115318173;892986931624620,5
580,0;0,075;границы зёрен;0,10000000000000002;0,5987238726706089;2,1411725658515304e+16;0,4847953115332341;1233752035808982,8
580,0;0,075;границы зёрен;0,17214907842829758;0,603837704178596;2,9904940825920844e+19;0,48479531796233355;5,3755075174091117e+17
580,0;0,075;границы зёрен;0,3042446278412657;0,6180622835361503;3,351835948416151e+21;0,48479608759075393;2,0269889562787193e+19
580,0;0,075;границы зёрен;0,5358397858808951;0,6612666645734009;5,1900773092201324e+22;0,4848104284682364;8,431362513321607e+19
580,0;0,075;границы зёрен;0,9525130075503843;0,9499787069536678;8,282674198941543e+22;0,48486852359577565;0,0
580,0;0,075;границы зёрен;1,0;0,9914878278685582;8,282674198941543e+22;0,4848783766237402;0,0
580,0;0,075;границы зёрен;1,685226342719292;1,5569494683228284;8,282017639286963e+22;0,48511248798678874;0,0
580,0;0,075;границы зёрен;2,9842043505468894;2,4060103681070877;8,282017639286963e+22;0,4859516310891579;0,0
580,0;0,075;границы зёрен;5,2637999478987005;3,506603689723737;8,28226502428642e+22;0,4884062888690982;0,0
580,0;0,075;границы зёрен;9,34802473411173;4,953920222399896;8,282265024286422e+22;0,49523477494675894;0,0
580,0;0,075;границы зёрен;10,0;5,149797586807489;8,28226502428642e+22;0,49658211914255346;0,0
580,0;0,075;границы зёрен;16,572636866275552;6,811010773219347;8,280958506021647e+22;0,5140112155214679;0,0
580,0;0,075;границы зёрен;29,31557350125546;9,118889490288206;8,280958506021645e+22;0,5698487682318247;0,0
580,0;0,075;границы зёрен;51,96814493067204;11,711138260501404;8,280958506021647e+22;0,7899959401017275;0,0
580,0;0,075;границы зёрен;91,96315676588978;13,600995952351704;8,280606138160648e+22;2,5156026650402006;0,0
580,0;0,075;границы зёрен;100,0;13,733125296841083;8,280606138160645e+22;3,3673970883501747;0,0
580,0;0,075;границы зёрен;163,2622860918517;13,983431466839157;8,280606138160648e+22;12,670894712751268;0,0
580,0;0,075;границы зёрен;200,0;13,988681995715737;8,280606138160648e+22;13,779453195471223;0,0
580,0;0,075;границы зёрен;287,61073849523694;13,983344410023081;8,280606138160648e+22;13,549996939626473;0,0
580,0;0,075;границы зёрен;509,02171453177226;13,973543817905885;8,280606138160641e+22;13,838174268913592;0,0
580,0;0,075;границы зёрен;909,9978442314342;13,945161151075807;8,280605980573692e+22;13,617740008425809;0,0
580,0;0,075;границы зёрен;1000,0;13,936706746938409;8,280604759612724e+22;13,47551199994584;0,0
580,0;0,075;границы зёрен;1610,0819950488633;13,86164727292556;8,278637497126113e+22;13,56388292528389;0,0
580,0;0,075;границы зёрен;2836,9669263593446;13,771664373943583;8,036400562319621e+22;13,875043088115572;0,0
580,0;0,075;границы зёрен;5028,534873236521;14,399320791860141;6,67840893419255e+22;14,558297923635354;0,0
580,0;0,075;границы зёрен;8907,978110732955;16,239360995912712;4,497540789224092e+22;16,43919823928052;0,0
580,0;0,075;границы зёрен;10000,0;16,773909850754162;4,061691560998072e+22;16,991456169168607;0,0
580,0;0,075;границы зёрен;15768,3094427109;19,41398802322361;2,6059029095374286e+22;19,68120180368394;0,0
580,0;0,075;границы зёрен;27913,134058292922;23,4987832684812;1,4673183830213745e+22;23,808640414119974;0,0
580,0;0,075;границы зёрен;49433,972269105856;28,48120890855784;8,236716270153169e+21;28,86056062352446;0,0
580,0;0,075;границы зёрен;87600,0;34,505292113668546;4,6417778607201777e+21;34,956274751100246;0,0
580,0;0,1;границы зёрен;0,001;0,0;0,0;0,6463937487050776;0,0
580,0;0,1;границы зёрен;0,001769908906321979;0,0;0,0;0,6463937487050404;0,0
580,0;0,1;границы зёрен;0,0031355141082460083;0,0;1,9951682631594033e-250;0,6463937487051175;3,141529062325731e-248
580,0;0,1;границы зёрен;0,005554586920350339;0,0;1,952365171827475e-133;0,6463937487050613;1,322148067700084e-131
580,0;0,1;границы зёрен;0,009835356723973405;0,0;2,4655633418302252e-67;0,6463937487050321;8,209776044898447e-66
580,0;0,1;границы зёрен;0,010000000000000002;0,0;6,110145566049723e-66;0,6463937487049602;2,0888438320367712e-64
580,0;0,1;границы зёрен;0,01741420532255206;0,0;6,510215982364406e-30;0,6463937487050586;1,1712946757240342e-28
580,0;0,1;границы зёрен;0,03084270003851134;0,745;1,194415884155891e-08;0,6463937487051334;1,1521581433482591e-07
580,0;0,1;границы зёрен;0,055162353400875414;0,7457447217375786;342379,51285661885;0,6463937487049943;115811,12060309913
580,0;0,1;границы зёрен;0,09601857333373472;0,7471133901465195;3058995150181,835;0,6463937487049772;347172849992,8192
580,0;0,1;границы зёрен;0,10000000000000002;0,7470676198595462;8035070820133,289;0,6463937487050404;773943880646,3744
580,0;0,1;границы зёрен;0,17212939571215588;0,7493481427796104;1,0208025520961965e+17;0,6463937487609926;2553916905429873,0
580,0;0,1;границы зёрен;0,30276457692382314;0,7557366990247958;4,112271944923713e+19;0,6463937718269573;3,248922636826574e+17
580,0;0,1;границы зёрен;0,5336324255973472;0,7682319868817609;1,7652573461788222e+21;0,6463947973431593;5,035976102994983e+18
580,0;0,1;границы зёрен;0,9522520609606948;0,82109430088753;2,000788274513508e+22;0,6464086116817571;1,8033546904335516e+19
580,0;0,1;границы зёрен;1,0;0,8298314970476323;2,3100853367453744e+22;0,6464115419644801;1,8416670659611185e+19
580,0;0,1;границы зёрен;1,6822005228352275;1,0986664128491392;4,571873177995234e+22;0,6464806159966129;0,0
580,0;0,1;границы зёрен;2,9910703324141736;1,9225883823714962;4,5718731779952356e+22;0,6468392869650184;0,0
580,0;0,1;границы зёрен;5,297160121393025;3,0906433150652965;4,571484028143046e+22;0,6482111193483212;0,0
580,0;0,1;границы зёрен;9,343069759002532;4,587310223274367;4,571484028143044e+22;0,6523641527857755;0,0
580,0;0,1;границы зёрен;10,0;4,792887629985524;4,571484028143044e+22;0,6532158137434306;0,0
580,0;0,1;границы зёрен;16,525289155794677;6,514290730201587;4,570918741181598e+22;0,6640774737824023;0,0
580,0;0,1;границы зёрен;29,312562510526828;8,97695123258967;4,570918741181599e+22;0,6973541841663584;0,0
580,0;0,1;границы зёрен;51,972619937495686;11,986492105952783;4,570918741181599e+22;0,8027575541209979;0,0
580,0;0,1;границы зёрен;92,0904703990649;15,1030824645028;4,570424864850167e+22;1,2875305089727453;0,0
580,0;0,1;границы зёрен;100,0;15,482949438956043;4,570424864850167e+22;1,473172499979566;0,0
580,0;0,1;границы зёрен;163,02150549154095;16,83888373339856;4,570424864850167e+22;5,959389796101644;0,0
580,0;0,1;границы зёрен;200,0;16,98580160686605;4,570424864850168e+22;11,328166127804403;0,0
580,0;0,1;границы зёрен;293,8095807505912;17,032425530984302;4,570424864850168e+22;16,736896408394173;0,0
580,0;0,1;границы зёрен;512,9083063551727;17,020027391922135;4,570424864850168e+22;16,42158791062589;0,0
580,0;0,1;границы зёрен;898,7729868319934;16,9983913304866;4,570424864850168e+22;16,459046068789643;0,0
580,0;0,1;границы зёрен;1000,0;16,99232885581507;4,570424864850168e+22;16,55225418385056;0,0
580,0;0,1;границы зёрен;1616,5530870524312;16,93974467963884;4,570424236875053e+22;16,592851071339805;0,0
580,0;0,1;границы зёрен;2842,332896004763;16,764638217194488;4,548335926591654e+22;16,851542348611073;0,0
580,0;0,1;границы зёрен;5031,461831476108;17,001667948623496;4,133197875058798e+22;17,16531789679184;0,0
580,0;0,1;границы зёрен;8907,130342449726;18,50490656795876;3,0860136246227168e+22;18,714738737686876;0,0
580,0;0,1;границы зёрен;10000,0;18,976824849867327;2,8362605623583953e+22;19,226438990066114;0,0
580,0;0,1;границы зёрен;15773,272772222115;21,533615063702;1,910146237236197e+22;21,847716474538633;0,0
580,0;0,1;границы зёрен;27942,33768150108;25,904769292394235;1,0934141824515686e+22;26,263215673895854;0,0
580,0;0,1;границы зёрен;49471,92606248729;31,373765558489943;6,165694948796523e+21;31,79373470190307;0,0
580,0;0,1;границы зёрен;87600,0;37,9106480544234;3,4954273651799396e+21;38,46480748418595;0,0
580,0;0,125;границы зёрен;0,001;0,0;0,0;0,807992185881388;0,0
580,0;0,125;границы зёрен;0,001769908906321979;0,0;0,0;0,8079921858812316;0,0
580,0;0,125;границы зёрен;0,0031355141082460083;0,0;0,0;0,807992185881306;0,0
580,0;0,125;границы зёрен;0,005554586920350339;0,0;3,848865239187454e-173;0,807992185881256;2,861936734111809e-171
580,0;0,125;границы зёрен;0,009835356723973405;0,0;1,4233693721081284e-90;0,8079921858812529;4,988546586202009e-89
580,0;0,125;границы зёрен;0,010000000000000002;0,0;7,951307115325941e-89;0,8079921858812271;2,850639861624278e-87
580,0;0,125;границы зёрен;0,01741420532255206;0,0;7,479635623831235e-44;0,8079921858812732;1,383224277305331e-42
580,0;0,125;границы зёрен;0,03084270003851134;0,0;2,4593678909965e-17;0,8079921858813623;2,4096280572064106e-16
580,0;0,125;границы зёрен;0,05503047369689916;0,8949999999999999;0,35198767371186207;0,8079921858812998;0,21834845554859927
580,0;0,125;границы зёрен;0,09873866211623358;0,8961274980881625;454232940,0973104;0,8079921858812636;60515934,12120162
580,0;0,125;границы зёрен;0,10000000000000002;0,8959475124213878;729024685,2698505;0,8079921858812951;82403703,67654723
580,0;0,125;границы зёрен;0,17217544139321783;0,897605477627912;56242322342572,89;0,8079921858813912;2068710411347,8435
580,0;0,125;границы зёрен;0,30610046664408325;0,9008618005055875;9,931641921776416e+16;0,8079921859994287;961130410958241,0
580,0;0,125;границы зёрен;0,5395920334771571;0,9161297115873496;8,617327351399342e+18;0,8079921966790459;2,9270880442265724e+16
580,0;0,125;границы зёрен;0,9529905176864824;0,9431428707947217;1,6355488384425686e+20;0,8079924109312446;2,0367203337375277e+17
580,0;0,125;границы зёрен;1,0;0,9469148711824096;1,9973680183655642e+20;0,8079924643600063;2,2929444445036262e+17
580,0;0,125;границы зёрен;1,6785497511043308;1,026358442895106;1,2044128319607393e+21;0,8079943978246066;5,94769771905558e+17
580,0;0,125;границы зёрен;2,97383359218286;1,248843072231152;4,986777614546575e+21;0,808010861423088;9,456668422999478e+17
580,0;0,125;границы зёрен;5,307270271100993;1,914187378472986;1,086094546110507e+22;0,8081510769805741;1,3424003911696685e+17
580,0;0,125;границы зёрен;9,383616312873531;3,6667612564559184;1,0895637692858291e+22;0,8089252629487304;0,0
580,0;0,125;границы зёрен;10,0;3,888213132529795;1,0895637692858294e+22;0,8090961966174075;0,0
580,0;0,125;границы зёрен;16,538705875611793;5,818530261098079;1,0895650510608758e+22;0,8116056430769751;0,0
580,0;0,125;границы зёрен;29,3037247320943;8,508138282263388;1,0895650510608758e+22;0,8194585972506409;0,0
580,0;0,125;границы зёрен;51,83205395736348;11,908511861742804;1,0895650510608756e+22;0,840965429765634;0,0
580,0;0,125;границы зёрен;91,98505503190083;16,19113777321391;1,0893751354495754e+22;0,903240615584098;0,0
580,0;0,125;границы зёрен;100,0;16,889020006213443;1,0893751354495754e+22;0,9197989458165277;0,0
580,0;0,125;границы зёрен;163,06866094847723;21,229403069419348;1,0893751354495754e+22;1,1182551895866477;0,0
580,0;0,125;границы зёрен;200,0;23,043703396108242;1,0893751354495754e+22;1,3198198675172526;0,0
580,0;0,125;границы зёрен;288,72572619623844;25,797443140126838;1,089375135449575e+22;2,380082653150451;0,0
580,0;0,125;границы зёрен;511,6819484678698;27,45503280076944;1,0893751354495754e+22;16,349748879091553;0,0
580,0;0,125;границы зёрен;954,1665977508836;27,533412073695164;1,089375135449575e+22;27,030108201611718;0,0
580,0;0,125;границы зёрен;1000,0;27,533434967966276;1,089375135449575e+22;27,189925942399956;0,0
580,0;0,125;границы зёрен;1576,767013469408;27,523041333142828;1,089375135449575e+22;27,0605032223506;0,0
580,0;0,125;границы зёрен;2848,537083757482;27,492181546109812;1,089228207922689e+22;26,38217027771195;0,0
580,0;0,125;границы зёрен;5012,248275571731;27,42281313327605;1,0892252778602141e+22;26,1960698165062;0,0
580,0;0,125;границы зёрен;8876,370223224349;27,196508832112194;1,0873398396281281e+22;26,433806008222223;0,0
580,0;0,125;границы зёрен;10000,0;27,124991725288872;1,0841240736657865e+22;26,763088912593066;0,0
580,0;0,125;границы зёрен;15759,721977495332;27,23257568467566;1,0221092210294542e+22;27,508366524150976;0,0
580,0;0,125;границы зёрен;27951,913671575756;29,182751929363086;7,922656338056235e+21;29,56190174643231;0,0
580,0;0,125;границы зёрен;49483,25088978887;33,69795954214567;5,004916465803421e+21;34,16196956815663;0,0
580,0;0,125;границы зёрен;87600,0;40,70151442259295;2,8356729558917663e+21;41,132824930741556;0,0
580,0;0,15;границы зёрен;0,001;0,0;0,0;0,9695906230574618;0,0
580,0;0,15;границы зёрен;0,001769908906321979;0,0;0,0;0,9695906230576343;0,0
580,0;0,15;границы зёрен;0,0031355141082460083;0,0;0,0;0,9695906230577039;0,0
580,0;0,15;границы зёрен;0,005554586920350339;0,0;8,432427164887303e-214;0,9695906230575766;6,884750121754967e-212
580,0;0,15;границы зёрен;0,009835356723973405;0,0;9,132029426932963e-115;0,9695906230575402;3,3687206506977386e-113
580,0;0,15;границы зёрен;0,010000000000000002;0,0;1,149936196335478e-112;0,9695906230576287;4,3234156507505614e-111
580,0;0,15;границы зёрен;0,01741420532255206;0,0;9,550227726273414e-59;0,9695906230576173;1,8153789286087919e-57
580,0;0,15;границы зёрен;0,03084270003851134;0,0;5,627813205685876e-27;0,9695906230576677;5,600620906559892e-26
580,0;0,15;границы зёрен;0,054614930997190225;0,9970000000000002;6,189141352355373e-09;0,9695906230575859;3,3322594706123024e-08
580,0;0,15;границы зёрен;0,09708252024922479;1,0515881927195692;2478,366983350025;0,9695906230576674;407,8862089718503
580,0;0,15;границы зёрен;0,10000000000000002;1,0516004321605223;6762,321292331994;0,9695906230575654;975,062023387766
580,0;0,15;границы зёрен;0,16641812852862706;1,05273038731993;1818095175,2035005;0,9695906230576056;103673224,67374949
580,0;0,15;границы зёрен;0,30483445625940003;1,054682722170034;22924834002918,406;0,9695906230576994;283235359585,34875
580,0;0,15;границы зёрен;0,5330061408127691;1,056939903453333;3974051823578379,0;0,9695906230667848;16628689453711,598
580,0;0,15;границы зёрен;0,9561593004481138;1,0718344480066895;1,3067228785355747e+17;0,969590623372585;184757967048053,47
580,0;0,15;границы зёрен;1,0;1,0737556363456298;1,6135683613035366e+17;0,9695906234486689;211033330317931,66
580,0;0,15;границы зёрен;1,6909634658083021;1,1105798131731637;1,2741958710799421e+18;0,9695906265102984;690221452256376,1
580,0;0,15;границы зёрен;2,9903876551473605;1,2467392544751736;6,37456144005624e+18;0,9695906491957809;1453995378057794,8
580,0;0,15;границы зёрен;5,283489558885241;1,577004560455636;2,185140446148716e+19;0,9695908372704825;2212624673445887,2
580,0;0,15;границы зёрен;9,366734680121786;2,2211201881057034;5,884577111882047e+19;0,9695925850975616;2793835400416013,0
580,0;0,15;границы зёрен;10,0;2,3211682840427246;6,526851351753701e+19;0,9695931320568336;2844612775102031,0
580,0;0,15;границы зёрен;16,559279563180237;3,3295880607982205;1,3614723907902536e+20;0,9696063234700641;3094959049086786,5
580,0;0,15;границы зёрен;29,310416976152503;5,092341649877082;2,7640319710468594e+20;0,9696986424449973;2845595065655733,0
580,0;0,15;границы зёрен;51,97604324081826;8,04130531126998;4,46736364799191e+20;0,9701930932325882;1134904142075695,5
580,0;0,15;границы зёрен;91,78410414211494;13,709724987910993;4,689655457180042e+20;0,9721178967881188;0,0
580,0;0,15;границы зёрен;100,0;14,645667714936193;4,689655457180029e+20;0,9726439495891598;0,0
580,0;0,15;границы зёрен;163,20049915496836;20,4891886856422;4,689655457180027e+20;0,9778100387411705;0,0
580,0;0,15;границы зёрен;200,0;23,23481122956517;4,6896554571800275e+20;0,981612662075362;0,0
580,0;0,15;границы зёрен;288,27476218748916;28,758608895559412;4,68897602497807e+20;0,9928423159298047;0,0
580,0;0,15;границы зёрен;511,36609190650887;39,239952475289826;4,68897602497807e+20;1,0335662463316349;0,0
580,0;0,15;границы зёрен;905,1004116355964;52,161875482617;4,6889760249780706e+20;1,1534413888149486;0,0
580,0;0,15;границы зёрен;1000,0;54,636515691520565;4,688976024978072e+20;1,1940217308893755;0,0
580,0;0,15;границы зёрен;1604,5656079551495;66,49443214576237;4,689174494710235e+20;1,6350694202435003;0,0
580,0;0,15;границы зёрен;2836,988214991571;76,70299393773195;4,689174494710235e+20;5,893083718764118;0,0
580,0;0,15;границы зёрен;5024,1431342140895;78,70107915528597;4,6891744947102325e+20;61,57386670311576;0,0
580,0;0,15;границы зёрен;8891,892719609114;78,72564439778326;4,689174494710233e+20;75,76015118455649;0,0
580,0;0,15;границы зёрен;10000,0;78,7270525662627;4,689174494710233e+20;78,07800527276908;0,0
580,0;0,15;границы зёрен;15780,05258088339;78,67175558985633;4,689174494710234e+20;65,28152061819853;0,0
580,0;0,15;границы зёрен;27883,713980865414;78,65888334683429;4,6891744947102325e+20;76,86910741490391;0,0
580,0;0,15;границы зёрен;49757,169729122856;78,56012050995139;4,689174490160233e+20;70,33331522154873;0,0
580,0;0,15;границы зёрен;87600,0;78,36576096010229;4,689140936818921e+20;75,61372332795361;0,0
580,0;0,175;границы зёрен;0,001;0,0;0,0;1,131189060233804;0,0
580,0;0,175;границы зёрен;0,001769908906321979;0,0;0,0;1,131189060233701;0,0
580,0;0,175;границы зёрен;0,0031355141082460083;0,0;0,0;1,131189060233917;0,0
580,0;0,175;границы зёрен;0,005554586920350339;0,0;1,3369354542703454e-255;1,1311890602338355;1,1985448493018342e-253
580,0;0,175;границы зёрен;0,009835356723973405;0,0;4,239893445783617e-140;1,131189060233907;1,6462428363075976e-138
580,0;0,175;границы зёрен;0,010000000000000002;0,0;1,2035022102069898e-137;1,131189060233743;4,74514576948728e-136
580,0;0,175;границы зёрен;0,01741420532255206;0,0;8,824395158021544e-75;1,1311890602337349;1,724169297469069e-73
580,0;0,175;границы зёрен;0,03084270003851134;0,0;9,31952503823973e-38;1,1311890602338632;9,42020323029882e-37
580,0;0,175;границы зёрен;0,054614930997190225;0,0;9,463233371060868e-17;1,1311890602338517;5,140199945449327e-16
580,0;0,175;границы зёрен;0,09691763678134549;0,9970000000000002;0,0010117218326439375;1,1311890602337435;0,0002846627286467984
580,0;0,175;границы зёрен;0,10000000000000002;0,9970000000000002;0,000457697860585613;1,1311890602337986;0,0008349407946244662
580,0;0,175;границы зёрен;0,16935380937339334;1,2099463880290824;13602,713887873591;1,1311890602338197;869,1981246828203
580,0;0,175;границы зёрен;0,31076654519942626;1,2123599416645066;393193560,2580643;1,1311890602338204;7714410,448593136
580,0;0,175;границы зёрен;0,5354102500961357;1,2153742435050707;149375131998,2738;1,1311890602339314;743300561,1693178
580,0;0,175;границы зёрен;0,9544701130925407;1,2249753706648001;7442642417935,111;1,1311890602338668;11915264006,188946
580,0;0,175;границы зёрен;1,0;1,2262781839554828;9507941732891,629;1,1311890602339878;14002200564,419628
580,0;0,175;границы зёрен;1,6910672484028832;1,2519405779640307;92710421739265,22;1,131189060234182;55805225811,731476
580,0;0,175;границы зёрен;2,9944927103704337;1,3218431528079435;539444634637944,3;1,131189060237023;133318702981,58281
580,0;0,175;границы зёрен;5,283360358085621;1,5309578160886228;2017724011541099,8;1,1311890602531285;217506603844,57312
580,0;0,175;границы зёрен;9,38728028289706;2,1085146450125176;5819478946249827,0;1,1311890604093655;287779045102,86414
580,0;0,175;границы зёрен;10,0;2,2011579073151917;6460755620613789,0;1,1311890604590567;294204983812,1878
580,0;0,175;границы зёрен;16,5857191968715;3,1554833419214705;1,4005514583549318e+16;1,131189061793836;336507125868,2592
580,0;0,175;границы зёрен;29,30712843489932;4,828389208150341;2,84959304583529e+16;1,1311890716589152;367658372203,6737
580,0;0,175;границы зёрен;51,944260188026306;7,103337192359079;5,322860854406045e+16;1,1311891271726076;386608354948,2531
580,0;0,175;границы зёрен;91,91685626005291;9,93875561359154;1,0139418592384498e+17;1,1311894065788377;397638293581,831
580,0;0,175;границы зёрен;100,0;10,37858283921808;1,1298188772886629e+17;1,1311895005989372;398800005113,80365
580,0;0,175;границы зёрен;163,2050496143338;13,697792645145029;2,0438597447639386e+17;1,1311908332692753;403777069275,8628
580,0;0,175;границы зёрен;200,0;15,409899780974873;2,579629002765896e+17;1,1311922012527407;405069909053,0149
580,0;0,175;границы зёрен;288,53737578578847;19,004264377271387;3,873178205373074e+17;1,131197731817792;406303845031,44965
580,0;0,175;границы зёрен;511,48190437397636;30,118037359081097;4,983678007006347e+17;1,1312267487618322;405035073769,57587
580,0;0,175;границы зёрен;904,5495455454054;40,03533434529831;6,812449848533752e+17;1,131322623344462;398019632779,6225
580,0;0,175;границы зёрен;1000,0;41,584464364057304;7,286541128230705e+17;1,1313543841211706;395773975359,9646
580,0;0,175;границы зёрен;1602,2410425869841;49,087843449474185;1,0792596255190994e+18;1,1316419629276995;376893082585,0692
580,0;0,175;границы зёрен;2838,032645534728;65,61761828508916;1,8491491396443907e+18;1,1328799391739368;308864495162,61566
580,0;0,175;границы зёрен;5024,443784786084;93,8690542684701;2,7294680975021553e+18;1,13779204726329;136511714155,82552
580,0;0,175;границы зёрен;8901,479421980508;22,69059298134148;1,531700090765064e+22;22,74694643790082;0,0
580,0;0,175;границы зёрен;10000,0;23,83719627908542;1,328500680527076e+22;23,862441320831326;0,0
580,0;0,175;границы зёрен;15773,39485662835;28,123880510970565;8,055791622318988e+21;28,221260962369232;0,0
580,0;0,175;границы зёрен;27908,522477925137;34,30227986282328;4,433450142496826e+21;34,49387405228257;0,0
580,0;0,175;границы зёрен;49414,07409767059;41,55249090438795;2,4994464218173475e+21;41,86979861344519;0,0
580,0;0,175;границы зёрен;87600,0;50,08947550311866;1,43216164506385e+21;50,49990159627638;0,0
580,0;0,2;границы зёрен;0,001;0,0;0,0;1,2927874974100644;0,0
580,0;0,2;границы зёрен;0,001769908906321979;0,0;0,0;1,2927874974101536;0,0
580,0;0,2;границы зёрен;0,0031355141082460083;0,0;0,0;1,2927874974101425;0,0
580,0;0,2;границы зёрен;0,005554586920350339;0,0;9,970876981320564e-299;1,2927874974099869;9,805678316598036e-297
580,0;0,2;границы зёрен;0,009835356723973405;0,0;9,252579568647222e-167;1,2927874974103657;3,7813167485694476e-165
580,0;0,2;границы зёрен;0,010000000000000002;0,0;5,920253529213416e-164;1,2927874974099784;2,447892750998101e-162
580,0;0,2;границы зёрен;0,01741420532255206;0,0;3,832449437330232e-92;1,292787497410242;7,696845893147797e-91
580,0;0,2;границы зёрен;0,03084270003851134;0,0;7,253842966263149e-50;1,2927874974102644;7,447399165325206e-49
580,0;0,2;границы зёрен;0,054614930997190225;0,0;6,800940308151592e-26;1,2927874974100386;3,7268462589957916e-25
580,0;0,2;границы зёрен;0,09671041261606801;0,0;3,0092721657673357e-12;1,2927874974100404;9,019577644041188e-12
580,0;0,2;границы зёрен;0,10000000000000002;0,0;6,166168504261618e-12;1,2927874974100744;3,360465076878752e-11
580,0;0,2;границы зёрен;0,16943079532218283;0,9970000000000002;0,002401257806188506;1,2927874974102291;0,0002558619383282886
580,0;0,2;границы зёрен;0,2976104320052323;1,357230727228113;196,05826795658177;1,2927874974100881;4,751522862010503
580,0;0,2;границы зёрен;0,5191994686316578;1,3615032824745505;156922,82454263407;1,2927874974100826;1216,3301004242617
580,0;0,2;границы зёрен;0,9400084764536125;1,3664646201855122;17899295,873930838;1,2927874974102074;34118,222971742674
580,0;0,2;границы зёрен;1,0;1,3674038658009655;25890382,90874438;1,292787497410033;43667,67664615945
580,0;0,2;границы зёрен;1,6896415936119598;1,3824351472692202;319986308,2149732;1,292787497410059;211633,0167945023
580,0;0,2;границы зёрен;2,9788606947660172;1,4288514809300537;2144644972,4858012;1,2927874974100892;569804,0726260477
580,0;0,2;границы зёрен;5,289329809162528;1,595936863177717;8849696067,489784;1,292787497410218;1004563,321768042
580,0;0,2;границы зёрен;9,328002810004984;2,0575784406193844;26020977916,501472;1,2927874974100204;1378600,0449920371
580,0;0,2;границы зёрен;10,0;2,146551496163278;29399135753,05285;1,2927874974100464;1417542,7194618138
580,0;0,2;границы зёрен;16,595323399018593;3,0255438391154446;66219056232,0624;1,2927874974101483;1653009,1794711235
580,0;0,2;границы зёрен;29,418506164845716;4,570771641863616;145080748964,93668;1,292787497410241;1829715,1535572668
580,0;0,2;границы зёрен;51,95919266714486;7,238669178423026;224349585678,73822;1,292787497410286;1937077,9900220511
580,0;0,2;границы зёрен;91,99045764260421;10,28830538983203;368384983518,844;1,2927874974116724;2000836,5034080695
580,0;0,2;границы зёрен;100,0;10,87503795291941;394568041010,7352;1,2927874974118214;2007584,1683355565
580,0;0,2;границы зёрен;163,23128828378185;14,665506613982858;589880983948,6503;1,2927874974169749;2037881,5209971832
580,0;0,2;границы зёрен;200,0;16,409430648467584;703430232407,3586;1,2927874974217137;2046775,8975606493
580,0;0,2;границы зёрен;288,6345914602024;19,924147999423994;980408744330,0339;1,2927874974390712;2058963,8375044307
580,0;0,2;границы зёрен;511,0828564258902;24,4729265841327;2030627872811,167;1,2927874975329958;2071004,449317682
580,0;0,2;границы зёрен;905,1231492095602;33,16780994860614;4303498367391,2314;1,2927874980110865;2077836,7805701678
580,0;0,2;границы зёрен;1000,0;35,12021257385745;4849474346366,069;1,2927874982056475;2078679,054989125
580,0;0,2;границы зёрен;1603,1291645234398;45,53193791162761;8388171012501,983;1,292787500361377;2081704,3737981333
580,0;0,2;границы зёрен;2840,9680461737967;60,42423170514196;17370394093090,455;1,292787511804867;2083889,5447400517
580,0;0,2;границы зёрен;5031,616834638985;82,73125081051442;33093235481884,13;1,2927875659676737;2085110,1066966923
580,0;0,2;границы зёрен;8918,396044612862;107,75900389790247;56770849013078,65;1,2927878015141177;2085755,436772036
580,0;0,2;границы зёрен;10000,0;93,01884374751077;76311891258405,88;1,292787896268835;2085833,7096002745
580,0;0,2;границы зёрен;15769,380722010059;27,388400803620822;8,943494633395869e+21;27,465629070633796;0,0
580,0;0,2;границы зёрен;27902,94851318258;34,55478248744183;4,4565810177539294e+21;34,73872899348054;0,0
580,0;0,2;границы зёрен;49437,44233001152;42,53233069178683;2,401008405563183e+21;42,857639421492436;0,0
580,0;0,2;границы зёрен;87600,0;51,674659202337935;1,3490369634620358e+21;52,057752795328625;0,0
580,0;0,25;границы зёрен;0,001;0,0;0,0;1,6159843717623061;0,0
580,0;0,25;границы зёрен;0,001769908906321979;0,0;0,0;1,6159843717626112;0,0
580,0;0,25;границы зёрен;0,0031355141082460083;0,0;0,0;1,6159843717626368;0,0
580,0;0,25;границы зёрен;0,005554586920350339;0,0;0,0;1,6159843717627587;0,0
580,0;0,25;границы зёрен;0,009835356723973405;0,0;8,092912205367509e-225;1,6159843717626587;3,6641024832675674e-223
580,0;0,25;границы зёрен;0,010000000000000002;0,0;2,6311968799564036e-221;1,6159843717626812;1,1964767682023097e-219
580,0;0,25;границы зёрен;0,01741420532255206;0,0;1,3276561714070318e-131;1,6159843717628186;2,817116190072891e-130
580,0;0,25;границы зёрен;0,03084270003851134;0,0;8,071292966358793e-79;1,615984371762722;8,549083771373467e-78
580,0;0,25;границы зёрен;0,054614930997190225;0,0;6,45140059437779e-49;1,6159843717626237;3,5982441680846614e-48
580,0;0,25;границы зёрен;0,09671041261606801;0,0;6,3802550729524e-32;1,6159843717626243;1,9315080955278786e-31
580,0;0,25;границы зёрен;0,10000000000000002;0,0;1,825343233070376e-31;1,6159843717627984;9,997997299815408e-31
580,0;0,25;границы зёрен;0,17127951419477566;0,0;2,364754820407751e-22;1,6159843717625737;5,440590710215777e-22
580,0;0,25;границы зёрен;0,3035281041009391;0,0;1,0790724206758751e-16;1,6159843717625206;1,1897832507779142e-16
580,0;0,25;границы зёрен;0,5373684155160052;0,0;2,1228759641913313e-13;1,6159843717626352;1,215980184045016e-13
580,0;0,25;границы зёрен;0,9511271808247345;0,0;1,966985971890381e-11;1,615984371762371;6,0848768866234136e-12
580,0;0,25;границы зёрен;1,0;0,0;1,929397718482444e-11;1,6159843717626687;7,800346390884787e-12
580,0;0,25;границы зёрен;1,6852501600765406;0,9970000000000002;2,7473172713121655e-10;1,6159843717625997;5,567442328474935e-11
580,0;0,25;границы зёрен;2,9833301265324974;0,9970000000000002;1,8617737396378676e-09;1,61598437176262;1,9392170407875704e-10
580,0;0,25;границы зёрен;5,2830095737983225;0,9970000000000002;7,015032666983779e-09;1,6159843717627091;3,9256416221068885e-10
580,0;0,25;границы зёрен;9,35969844997168;0,9970000000000002;1,9022269241721484e-08;1,6159843717625975;5,847546740648312e-10
580,0;0,25;границы зёрен;10,0;0,9970000000000002;8,357222653188276e-09;1,6159843717629299;6,044132499994651e-10
580,0;0,25;границы зёрен;16,570959545682157;0,9970000000000002;2,7420552752012497e-08;1,615984371762632;7,321024988152982e-10
580,0;0,25;границы зёрен;29,350528588955715;0,9970000000000002;6,933481183238907e-08;1,6159843717627178;8,312427632134445e-10
580,0;0,25;границы зёрен;51,97073204951477;0,9970000000000002;1,4713221387149862e-07;1,6159843717625808;8,930106435929879e-10
580,0;0,25;границы зёрен;92,06645694618066;0,9970000000000002;2,873077356275219e-07;1,6159843717623976;9,299232833206094e-10
580,0;0,25;границы зёрен;100,0;0,9970000000000002;1,1698076871710327e-07;1,6159843717625102;9,338045488397793e-10
580,0;0,25;границы зёрен;163,07792971802743;0,9970000000000002;3,3501907541274303e-07;1,615984371762641;9,514267424925787e-10
580,0;0,25;границы зёрен;200,0;0,9970000000000002;6,371839895288103e-08;1,6159843717626974;9,566468643075222e-10
580,0;0,25;границы зёрен;288,7106794656684;0,9970000000000002;3,716740235680041e-07;1,6159843717627171;9,637771005444582e-10
580,0;0,25;границы зёрен;511,2587749415865;0,9970000000000002;1,151410669320967e-06;1,6159843717627504;9,708262384926472e-10
580,0;0,25;границы зёрен;905,6521559651597;0,9970000000000002;2,5388557126211244e-06;1,615984371762762;9,748313901041365e-10
580,0;0,25;границы зёрен;1000,0;0,9970000000000002;1,5216691611807937e-06;1,6159843717623918;9,753223716572894e-10
580,0;0,25;границы зёрен;1603,2837532047117;0,9970000000000002;3,6443973878420504e-06;1,6159843717627953;9,770978285522965e-10
580,0;0,25;границы зёрен;2839,0358009060474;0,9970000000000002;7,997360836298827e-06;1,6159843717623188;9,783808350311191e-10
580,0;0,25;границы зёрен;5028,633571792196;0,9970000000000002;1,5713435886484493e-05;1,6159843717626254;9,79106386321393e-10
580,0;0,25;границы зёрен;8908,86767615496;0,9970000000000002;2,9389055085523866e-05;1,615984371762819;9,795163656535393e-10
580,0;0,25;границы зёрен;10000,0;0,9970000000000002;3,2477220253074684e-05;1,6159843717628857;9,795743532525584e-10
580,0;0,25;границы зёрен;15765,470162594047;0,9970000000000002;5,279798378650947e-05;1,6159843717627171;9,797475179776292e-10
580,0;0,25;границы зёрен;27940,049585849076;0,9970000000000002;9,570872035112695e-05;1,6159843717626658;9,798784116644535e-10
580,0;0,25;границы зёрен;49468,135641063185;0,9970000000000002;0,0001715874359975814;1,6159843717626425;9,799521846018859e-10
580,0;0,25;границы зёрен;87600,0;0,9970000000000002;0,00021478705914014818;1,615984371762563;9,799938646796056e-10
580,0;0,5;границы зёрен;0,001;0,0;0,0;3,231968743524944;0,0
580,0;0,5;границы зёрен;0,001769908906321979;0,0;0,0;3,231968743525566;0,0
580,0;0,5;границы зёрен;0,0031355141082460083;0,0;0,0;3,2319687435249596;0,0
580,0;0,5;границы зёрен;0,005554586920350339;0,0;0,0;3,231968743525284;0,0
580,0;0,5;границы зёрен;0,009835356723973405;0,0;0,0;3,231968743525321;0,0
580,0;0,5;границы зёрен;0,010000000000000002;0,0;0,0;3,2319687435253326;0,0
580,0;0,5;границы зёрен;0,01741420532255206;0,0;0,0;3,2319687435250217;0,0
580,0;0,5;границы зёрен;0,03084270003851134;0,0;0,0;3,2319687435256084;0,0
580,0;0,5;границы зёрен;0,054614930997190225;0,0;0,0;3,23196874352544;0,0
580,0;0,5;границы зёрен;0,09671041261606801;0,0;4,584383695586777e-274;3,2319687435258837;1,4588419582855774e-273
580,0;0,5;границы зёрен;0,10000000000000002;0,0;6,959056291085418e-273;3,231968743525063;3,908779801239091e-272
580,0;0,5;границы зёрен;0,17127951419477566;0,0;4,929747111155169e-255;3,231968743525788;1,1574634589786167e-254
580,0;0,5;границы зёрен;0,3035281041009391;0,0;4,9534879163805963e-244;3,231968743525078;5,535423827520184e-244
580,0;0,5;границы зёрен;0,5373684155160052;0,0;1,0011722431982177e-237;3,2319687435248787;5,7818679994395044e-238
580,0;0,5;границы зёрен;0,9511271808247345;0,0;4,657711568882339e-234;3,2319687435256883;1,4478339920099692e-234
580,0;0,5;границы зёрен;1,0;0,0;5,865469019627186e-234;3,231968743525485;2,379265761220577e-234
580,0;0,5;границы зёрен;1,6852501600765406;0,0;5,967101097280444e-232;3,2319687435249267;1,2120670116255098e-232
580,0;0,5;границы зёрен;2,9833301265324974;0,0;1,4097368113876264e-230;3,2319687435257376;1,470510110959486e-231
580,0;0,5;границы зёрен;5,2830095737983225;0,0;1,0759238153198173e-229;3,231968743525484;6,02610197471877e-231
580,0;0,5;границы зёрен;9,35969844997168;0,0;4,3474476762109246e-229;3,23196874352552;1,3370959738621358e-230
580,0;0,5;границы зёрен;10,0;0,0;1,9748333660377193e-229;3,23196874352541;1,4285094908091478e-230
580,0;0,5;границы зёрен;16,570959545682157;0,0;7,848445996023617e-229;3,231968743525527;2,0958440094964045e-230
580,0;0,5;границы зёрен;29,350528588955715;0,0;2,2533979009726532e-228;3,2319687435255684;2,701910331545109e-230
580,0;0,5;границы зёрен;51,97073204951477;0,0;5,1374070695759414e-228;3,231968743525101;3,118375772729131e-230
580,0;0,5;границы зёрен;92,06645694618066;0,0;1,0446921796281053e-227;3,231968743525447;3,3815002243081985e-230
580,0;0,5;границы зёрен;100,0;0,0;4,271479496754858e-228;3,2319687435252886;3,4097861909556143e-230
580,0;0,5;границы зёрен;163,07792971802743;0,0;1,246385368627106e-227;3,2319687435252322;3,5396953548589135e-230
580,0;0,5;границы зёрен;200,0;0,0;2,3835853823840578e-228;3,2319687435252633;3,578643872916602e-230
580,0;0,5;границы зёрен;288,7106794656684;0,0;1,4007198746505095e-227;3,2319687435253197;3,632188538929463e-230
580,0;0,5;границы зёрен;511,2587749415865;0,0;4,371035007964596e-227;3,2319687435255755;3,685515043228085e-230
580,0;0,5;границы зёрен;905,6521559651597;0,0;9,677893742711318e-227;3,2319687435253046;3,7159870155365685e-230
580,0;0,5;границы зёрен;1000,0;0,0;5,803402498010249e-227;3,2319687435254747;3,7197311303594287e-230
580,0;0,5;границы зёрен;1603,2837532047117;0,0;1,3924451778008423e-226;3,2319687435252025;3,7332861024743234e-230
580,0;0,5;границы зёрен;2839,0358009060474;0,0;3,0596321376413515e-226;3,2319687435253934;3,743096736764614e-230
580,0;0,5;границы зёрен;5028,633571792196;0,0;6,016111104020761e-226;3,231968743525622;3,7486504343468706e-230
580,0;0,5;границы зёрен;8908,86767615496;0,0;1,1256730693719603e-225;3,2319687435256443;3,7517904218639265e-230
580,0;0,5;границы зёрен;10000,0;0,0;1,244031108249842e-225;3,231968743524929;3,752234649967935e-230
580,0;0,5;границы зёрен;15765,470162594047;0,0;2,0227702655885714e-225;3,231968743525192;3,753561372430046e-230
580,0;0,5;границы зёрен;27940,049585849076;0,0;3,6672355279500366e-225;3,2319687435250826;3,7545643870549147e-230
580,0;0,5;границы зёрен;49468,135641063185;0,0;6,575147588833772e-225;3,231968743525255;3,7551297540105455e-230
580,0;0,5;границы зёрен;87600,0;0,0;8,230886804137878e-225;3,2319687435252984;3,755449192858553e-230
