T, °C;межфазная энергия, Дж/м²;места зарождения;t, ч;мольная доля P-фазы, %;объёмная доля P-фазы, %;движущая сила, Дж/м³
664,0;0,125;объём зерна;0,001;4,375112669649136e-23;4,6846572966550436e-23;239035263,589926
664,0;0,125;объём зерна;0,0017440984717019639;1,2145368717066332e-19;1,3004668559891868e-19;239035263,5899604
664,0;0,125;объём зерна;0,0033218317745330136;3,5053021465358185e-17;3,7533066043454625e-17;239035263,58992693
664,0;0,125;объём зерна;0,005921797047682754;1,0159739453824409e-15;1,0878553572950507e-15;239035263,58994162
664,0;0,125;объём зерна;0,00979795946779563;7,81371811976304e-15;8,366548330900281e-15;239035263,58986703
664,0;0,125;объём зерна;0,010000000000000002;8,407265623597118e-15;9,00209005398251e-15;239035263,58987755
664,0;0,125;объём зерна;0,017581200052690617;4,424063140683124e-14;4,737071073994968e-14;239035263,5899243
664,0;0,125;объём зерна;0,031046457863324148;1,6350542823408625e-13;1,7507363929920155e-13;239035263,58990324
664,0;0,125;объём зерна;0,05471907153953587;5,275255571648375e-13;5,648486421133602e-13;239035263,58989292
664,0;0,125;объём зерна;0,09653327841548859;1,9236735663774306e-12;2,0597758479749386e-12;239035263,58985958
664,0;0,125;объём зерна;0,10000000000000002;2,1036255429092025e-12;2,2524596491842606e-12;239035263,5898984
664,0;0,125;объём зерна;0,17156076131466094;9,585537408041774e-12;1,0263726022978886e-11;239035263,58989277
664,0;0,125;объём зерна;0,3042707661891717;5,883383190729048e-11;6,299639820630183e-11;239035263,5895643
664,0;0,125;объём зерна;0,5374637026226394;3,513239844100653e-10;3,76180590381942e-10;239035263,5878648
664,0;0,125;объём зерна;0,9508713168224479;1,9463601669957164e-09;2,0840675536143118e-09;239035263,57853156
664,0;0,125;объём зерна;1,0;2,255248287318802e-09;2,414809890093008e-09;239035263,57670787
664,0;0,125;объём зерна;1,6835835696478325;9,948032586478836e-09;1,0651868183092888e-08;239035263,5317508
664,0;0,125;объём зерна;2,9898597620739986;4,805534362171636e-08;5,145531855551933e-08;239035263,30880886
664,0;0,125;объём зерна;5,291923697953372;1,983120080142337e-07;2,1234282757393472e-07;239035262,430102
664,0;0,125;объём зерна;9,362453735090654;7,063016753639566e-07;7,562733911822517e-07;239035259,45912823
664,0;0,125;объём зерна;10,0;8,151300435807525e-07;8,728015007867914e-07;239035258,82273364
664,0;0,125;объём зерна;16,57803260261845;2,4701415309307566e-06;2,6449070915812487e-06;239035249,14355576
664,0;0,125;объём зерна;29,37898533210012;9,224394264749775e-06;9,877031491630932e-06;239035209,64218986
664,0;0,125;объём зерна;51,9909823052746;3,652430756380113e-05;3,9108446440578786e-05;239035049,98197907
664,0;0,125;объём зерна;92,16242023677853;0,00015778315560089078;0,00016894648994701542;239034340,81226194
664,0;0,125;объём зерна;100,0;0,00019454156380527615;0,00020830559113715276;239034125,83385575
664,0;0,125;объём зерна;163,1935830219518;0,0006713583891615414;0,0007188574832318516;239031337,18510228
664,0;0,125;объём зерна;200,0;0,0010740106583920443;0,0011499973656016037;239028982,2463889
664,0;0,125;объём зерна;289,3717434918904;22,295953419572196;23,502672937651173;11394891,894261442
664,0;0,125;объём зерна;511,3897205075709;22,422865252265233;23,63436438171282;9071629,259688575
664,0;0,125;объём зерна;907,3062767391416;22,512883097335436;23,727758266562844;7410143,7236378435
664,0;0,125;объём зерна;1000,0;22,526681011533462;23,742072624363715;7154462,978623057
664,0;0,125;объём зерна;1605,2716367799053;22,580108329885462;23,79749708470978;6161886,858922466
664,0;0,125;объём зерна;2840,896341842509;22,62277578899105;23,84175651454969;5366285,981647286
664,0;0,125;объём зерна;5024,644376638283;22,661114720729344;23,881523671476415;4649170,250595134
664,0;0,125;объём зерна;8893,686705782091;22,693599313144187;23,91521673796034;4039899,540709664
664,0;0,125;объём зерна;10000,0;22,70722827199348;23,929352259988036;3783824,372265395
664,0;0,125;объём зерна;15773,914414331944;22,747856586471197;23,97148906175351;3018855,6568985945
664,0;0,125;объём зерна;27937,134623865615;22,767424874606256;23,991783049532778;2649556,2627540664
664,0;0,125;объём зерна;49500,92726439408;22,79405063670317;24,019395353031708;2146165,71991859
664,0;0,125;объём зерна;87600,0;22,81362901690045;24,039698500878618;1775349,9959050992
664,0;0,15;объём зерна;0,001;0,0;0,0;239035263,58991128
664,0;0,15;объём зерна;0,001769908906321979;0,0;0,0;239035263,58992544
664,0;0,15;объём зерна;0,0031355141082460083;7,720805572928862e-34;8,267062106580384e-34;239035263,5899252
664,0;0,15;объём зерна;0,005554586920350339;1,9526193076197578e-32;2,0907695361737948e-32;239035263,58987278
664,0;0,15;объём зерна;0,009835356723973405;1,5471276248449001e-31;1,6565888158412812e-31;239035263,589932
664,0;0,15;объём зерна;0,010000000000000002;1,5344573023753804e-31;1,6430220524023482e-31;239035263,58985287
664,0;0,15;объём зерна;0,01590054447470125;9,230790461178103e-29;9,883880291320515e-29;239035263,58989334
664,0;0,15;объём зерна;0,025291960639474968;3,0284716230446584e-28;3,2427397321739516e-28;239035263,58990183
664,0;0,15;объём зерна;0,04904469344254844;1,2075282036542303e-27;1,292962316012584e-27;239035263,5898854
664,0;0,15;объём зерна;0,09662144099983742;2,00089898224788e-27;2,142465057433343e-27;239035263,58992845
664,0;0,15;объём зерна;0,10000000000000002;3,0339625283161477e-28;3,2486191257776335e-28;239035263,58993107
664,0;0,15;объём зерна;0,6706799316721115;5,1597828297505613e-26;5,524843840075287e-26;239035263,58996242
664,0;0,15;объём зерна;1,0;3,5147097976695644e-26;3,763379858420453e-26;239035263,58988953
664,0;0,15;объём зерна;1,6596284261808287;3,572836576612749e-26;3,8256191787918487e-26;239035263,58990416
664,0;0,15;объём зерна;2,9828476691377266;3,613462070763604e-26;3,869118976848313e-26;239035263,589935
664,0;0,15;объём зерна;5,311249217294933;3,651354421940157e-26;3,9096922586881365e-26;239035263,5899019
664,0;0,15;объём зерна;9,340891907655152;3,701888688455786e-26;3,963801886996871e-26;239035263,58986548
664,0;0,15;объём зерна;10,0;3,5211396880147865e-26;3,770264671451989e-26;239035263,58991215
664,0;0,15;объём зерна;16,49021999648011;3,595138851766945e-26;3,8494993674685657e-26;239035263,589908
664,0;0,15;объём зерна;29,184852665014454;3,7362927332760145e-26;4,000640060495717e-26;239035263,5899573
664,0;0,15;объём зерна;52,049007900957854;3,988279904366994e-26;4,2704556352817006e-26;239035263,5898596
664,0;0,15;объём зерна;91,86649277936745;4,425893092552311e-26;4,7390304972198786e-26;239035263,5899169
664,0;0,15;объём зерна;100,0;4,408877938111317e-26;4,720811499579275e-26;239035263,58988196
664,0;0,15;объём зерна;163,11933063855682;5,1019516379345156e-26;5,462921019985486e-26;239035263,58991528
664,0;0,15;объём зерна;200,0;2,115958354699467e-26;2,2656650226463762e-26;239035263,58993664
664,0;0,15;объём зерна;288,78988255255405;3,090548095440078e-26;3,309208191689334e-26;239035263,58992562
664,0;0,15;объём зерна;511,48852885567817;5,534972304822901e-26;5,92657843407073e-26;239035263,58989537
664,0;0,15;объём зерна;905,8136828876837;9,863236510173173e-26;1,0561072679694595e-25;239035263,58987635
664,0;0,15;объём зерна;1000,0;7,919272634554193e-26;8,479570958029769e-26;239035263,58996454
664,0;0,15;объём зерна;1603,312874325018;1,454144581146751e-25;1,5570271069171858e-25;239035263,5899065
664,0;0,15;объём зерна;2840,889550896684;2,812555022564673e-25;3,011546765436336e-25;239035263,5898644
664,0;0,15;объём зерна;5029,378769997585;2,911883297785763e-25;3,1179026388534093e-25;239035263,58989158
664,0;0,15;объём зерна;8905,812459359193;5,451387911058694e-25;5,837080341175814e-25;239035263,58998644
664,0;0,15;объём зерна;10000,0;1,5083603877200743e-25;1,6150787487913879e-25;239035263,58991307
664,0;0,15;объём зерна;15772,553299019673;8,152009282987982e-25;8,728774011895769e-25;239035263,58991653
664,0;0,15;объём зерна;27931,866102759686;5,384219303131311e-25;5,7651594712480435e-25;239035263,58988732
664,0;0,15;объём зерна;49465,323750793024;1,2241088711321573e-25;1,310716086200658e-25;239035263,58993888
664,0;0,15;объём зерна;87600,0;9,396246378218013e-26;1,006104241891846e-25;239035263,5898748
664,0;0,175;объём зерна;0,001;0,0;0,0;239035263,58988386
664,0;0,175;объём зерна;0,001769908906321979;0,0;0,0;239035263,58988646
664,0;0,175;объём зерна;0,0031355141082460083;0,0;0,0;239035263,58991882
664,0;0,175;объём зерна;0,005554586920350339;0,0;0,0;239035263,58988923
664,0;0,175;объём зерна;0,009835356723973405;0,0;0,0;239035263,58989334
664,0;0,175;объём зерна;0,010000000000000002;0,0;0,0;239035263,5898959
664,0;0,175;объём зерна;0,01741420532255206;0,0;0,0;239035263,58987415
664,0;0,175;объём зерна;0,03084270003851134;0,0;0,0;239035263,58987233
664,0;0,175;объём зерна;0,054614930997190225;0,0;0,0;239035263,58986223
664,0;0,175;объём зерна;0,09671041261606801;0,0;0,0;239035263,5899101
664,0;0,175;объём зерна;0,10000000000000002;0,0;0,0;239035263,58990514
664,0;0,175;объём зерна;0,17127951419477566;0,0;0,0;239035263,5899094
664,0;0,175;объём зерна;0,3035281041009391;0,0;0,0;239035263,5899393
664,0;0,175;объём зерна;0,5373684155160052;0,0;0,0;239035263,58992872
664,0;0,175;объём зерна;0,9511271808247345;0,0;0,0;239035263,58992517
664,0;0,175;объём зерна;1,0;0,0;0,0;239035263,5899574
664,0;0,175;объём зерна;1,6852501600765406;0,0;0,0;239035263,5899747
664,0;0,175;объём зерна;2,9833301265324974;0,0;0,0;239035263,58988896
664,0;0,175;объём зерна;5,2830095737983225;0,0;0,0;239035263,5899161
664,0;0,175;объём зерна;9,35969844997168;0,0;0,0;239035263,58995637
664,0;0,175;объём зерна;10,0;0,0;0,0;239035263,58987975
664,0;0,175;объём зерна;16,570959545682157;0,0;0,0;239035263,58986932
664,0;0,175;объём зерна;29,350528588955715;0,0;0,0;239035263,58991173
664,0;0,175;объём зерна;51,97073204951477;0,0;0,0;239035263,58991018
664,0;0,175;объём зерна;92,06645694618066;0,0;0,0;239035263,58991554
664,0;0,175;объём зерна;100,0;0,0;0,0;239035263,5898969
664,0;0,175;объём зерна;163,07792971802743;0,0;0,0;239035263,58990732
664,0;0,175;объём зерна;200,0;0,0;0,0;239035263,589942
664,0;0,175;объём зерна;288,7106794656684;0,0;0,0;239035263,58990127
664,0;0,175;объём зерна;511,2587749415865;0,0;0,0;239035263,58994314
664,0;0,175;объём зерна;905,6521559651597;0,0;0,0;239035263,58993816
664,0;0,175;объём зерна;1000,0;0,0;0,0;239035263,5899223
664,0;0,175;объём зерна;1603,2837532047117;0,0;0,0;239035263,5899678
664,0;0,175;объём зерна;2839,0358009060474;0,0;0,0;239035263,5898877
664,0;0,175;объём зерна;5028,633571792196;0,0;0,0;239035263,58988634
664,0;0,175;объём зерна;8908,86767615496;0,0;0,0;239035263,58992025
664,0;0,175;объём зерна;10000,0;0,0;0,0;239035263,5899013
664,0;0,175;объём зерна;15765,470162594047;0,0;0,0;239035263,58989817
664,0;0,175;объём зерна;27940,049585849076;0,0;0,0;239035263,58988512
664,0;0,175;объём зерна;49468,135641063185;0,0;0,0;239035263,58986452
664,0;0,175;объём зерна;87600,0;0,0;0,0;239035263,58992708
664,0;0,2;объём зерна;0,001;0,0;0,0;239035263,58995146
664,0;0,2;объём зерна;0,001769908906321979;0,0;0,0;239035263,5898983
664,0;0,2;объём зерна;0,0031355141082460083;0,0;0,0;239035263,5898544
664,0;0,2;объём зерна;0,005554586920350339;0,0;0,0;239035263,5898816
664,0;0,2;объём зерна;0,009835356723973405;0,0;0,0;239035263,5898973
664,0;0,2;объём зерна;0,010000000000000002;0,0;0,0;239035263,58989444
664,0;0,2;объём зерна;0,01741420532255206;0,0;0,0;239035263,58990073
664,0;0,2;объём зерна;0,03084270003851134;0,0;0,0;239035263,58993047
664,0;0,2;объём зерна;0,054614930997190225;0,0;0,0;239035263,58986977
664,0;0,2;объём зерна;0,09671041261606801;0,0;0,0;239035263,5899046
664,0;0,2;объём зерна;0,10000000000000002;0,0;0,0;239035263,58990183
664,0;0,2;объём зерна;0,17127951419477566;0,0;0,0;239035263,5898973
664,0;0,2;объём зерна;0,3035281041009391;0,0;0,0;239035263,58990103
664,0;0,2;объём зерна;0,5373684155160052;0,0;0,0;239035263,58987632
664,0;0,2;объём зерна;0,9511271808247345;0,0;0,0;239035263,58990443
664,0;0,2;объём зерна;1,0;0,0;0,0;239035263,58988142
664,0;0,2;объём зерна;1,6852501600765406;0,0;0,0;239035263,58990335
664,0;0,2;объём зерна;2,9833301265324974;0,0;0,0;239035263,5899154
664,0;0,2;объём зерна;5,2830095737983225;0,0;0,0;239035263,589884
664,0;0,2;объём зерна;9,35969844997168;0,0;0,0;239035263,58988315
664,0;0,2;объём зерна;10,0;0,0;0,0;239035263,58988762
664,0;0,2;объём зерна;16,570959545682157;0,0;0,0;239035263,58987662
664,0;0,2;объём зерна;29,350528588955715;0,0;0,0;239035263,58991873
664,0;0,2;объём зерна;51,97073204951477;0,0;0,0;239035263,58992997
664,0;0,2;объём зерна;92,06645694618066;0,0;0,0;239035263,58990532
664,0;0,2;объём зерна;100,0;0,0;0,0;239035263,58996302
664,0;0,2;объём зерна;163,07792971802743;0,0;0,0;239035263,5899379
664,0;0,2;объём зерна;200,0;0,0;0,0;239035263,5899549
664,0;0,2;объём зерна;288,7106794656684;0,0;0,0;239035263,589866
664,0;0,2;объём зерна;511,2587749415865;0,0;0,0;239035263,58987623
664,0;0,2;объём зерна;905,6521559651597;0,0;0,0;239035263,58992407
664,0;0,2;объём зерна;1000,0;0,0;0,0;239035263,58994082
664,0;0,2;объём зерна;1603,2837532047117;0,0;0,0;239035263,58989155
664,0;0,2;объём зерна;2839,0358009060474;0,0;0,0;239035263,58991078
664,0;0,2;объём зерна;5028,633571792196;0,0;0,0;239035263,58991188
664,0;0,2;объём зерна;8908,86767615496;0,0;0,0;239035263,58991817
664,0;0,2;объём зерна;10000,0;0,0;0,0;239035263,58987084
664,0;0,2;объём зерна;15765,470162594047;0,0;0,0;239035263,58991086
664,0;0,2;объём зерна;27940,049585849076;0,0;0,0;239035263,58993164
664,0;0,2;объём зерна;49468,135641063185;0,0;0,0;239035263,58991638
664,0;0,2;объём зерна;87600,0;0,0;0,0;239035263,5899348
664,0;0,125;границы зёрен;0,001;0,0;0,0;239035263,58988386
664,0;0,125;границы зёрен;0,001769908906321979;2,2777558394230955e-35;2,438909879321522e-35;239035263,58988646
664,0;0,125;границы зёрен;0,003145982973440365;1,179846827012586e-22;1,2633224477720859e-22;239035263,5899135
664,0;0,125;границы зёрен;0,005707007789979421;1,0559303132352581e-15;1,1306386875411596e-15;239035263,58995146
664,0;0,125;границы зёрен;0,010000000000000002;8,562499282213978e-12;9,168306685743906e-12;239035263,58986908
664,0;0,125;границы зёрен;0,017218020375563397;2,5583956774800277e-09;2,7394053326578672e-09;239035263,57490999
664,0;0,125;границы зёрен;0,030859245928006204;1,1655881684301065e-07;1,2480549713748246e-07;239035262,90820897
664,0;0,125;границы зёрен;0,054659657247484145;1,4677902833769442e-06;1,5716382578078664e-06;239035255,00562343
664,0;0,125;границы зёрен;0,09632795900056688;1,0768505149997045e-05;1,1530390106433622e-05;239035200,611634
664,0;0,125;границы зёрен;0,10000000000000002;1,2227784559249613e-05;1,3092915311466867e-05;239035192,07719764
664,0;0,125;границы зёрен;0,17156089755395446;8,231314567973913e-05;8,813689730491483e-05;239034782,19103676
664,0;0,125;границы зёрен;0,30435670571367784;0,0007592593595201555;0,0008129774605821757;239030823,09347177
664,0;0,125;границы зёрен;0,5375821994832066;0,006114124324764298;0,006546677855248474;238999501,77786654
664,0;0,125;границы зёрен;0,9521245375606208;0,038961284605117476;0,041716693683884414;238807235,7966987
664,0;0,125;границы зёрен;1,0;0,04485357760673806;0,048025499577507985;238772720,9030633
664,0;0,125;границы зёрен;1,6871029595763158;0,16597990781514274;0,17770232328023447;238061501,53889164
664,0;0,125;границы зёрен;2,9844194390223593;0,5301126582754061;0,5674059718278057;235903644,62346065
664,0;0,125;границы зёрен;5,271591528864967;1,4564150801879865;1,5578529855270047;230276937,5884846
664,0;0,125;границы зёрен;9,346577743706717;3,668170351728184;3,9175308630622365;215987155,71504688
664,0;0,125;границы зёрен;10,0;4,068368272276417;4,343707336544117;213263442,72133824
664,0;0,125;границы зёрен;16,553198280305462;8,376400509933005;8,91620016561322;180841062,66150114
664,0;0,125;границы зёрен;29,371871569453067;16,019024175922755;16,960169179457477;104445246,16808009
664,0;0,125;границы зёрен;51,988718277577924;21,719632795455446;22,90435452958927;21672334,67738976
664,0;0,125;границы зёрен;91,87640977067328;22,637797383495435;23,857337955618533;5085564,354472986
664,0;0,125;границы зёрен;100,0;22,647235661061398;23,867127825846605;4909017,167350256
664,0;0,125;границы зёрен;162,70656936569966;22,5263964098561;23,741777373078392;7159739,479568856
664,0;0,125;границы зёрен;200,0;22,651470028680773;23,87151988938999;4829769,784327782
664,0;0,125;границы зёрен;290,5270650811185;22,65172828801042;23,871787765951467;4824935,552863161
664,0;0,125;границы зёрен;511,39114623392584;22,622910898992206;23,84189666147909;5363762,506598677
664,0;0,125;границы зёрен;906,702183235064;22,64469064744592;23,86448801860929;4956635,398526588
664,0;0,125;границы зёрен;1000,0;22,650951396103718;23,87098194333878;4839477,526488562
664,0;0,125;границы зёрен;1603,0181989576652;22,64957315065845;23,869552371215825;4865273,582634118
664,0;0,125;границы зёрен;2844,8384786644087;22,65526556618307;23,87545675793236;4758713,286300778
664,0;0,125;границы зёрен;5033,826640988258;22,674401638281235;23,89530506590894;4400149,326699216
664,0;0,125;границы зёрен;8901,475708756625;22,706212117156262;23,92829834581225;3802926,247130596
664,0;0,125;границы зёрен;10000,0;22,713420716153927;23,935774777192695;3667385,213788309
664,0;0,125;границы зёрен;15770,956859506377;22,740352024727013;23,963706042909656;3160335,984596472
664,0;0,125;границы зёрен;27949,801129988966;22,755068631499498;23,97896863339014;2882812,586887636
664,0;0,125;границы зёрен;49482,81675692121;22,7766434112964;24,00134326858652;2475386,852883256
664,0;0,125;границы зёрен;87600,0;22,8006620721516;24,02625159762274;2021007,751610036
664,0;0,15;границы зёрен;0,001;0,0;0,0;239035263,5899379
664,0;0,15;границы зёрен;0,001769908906321979;0,0;0,0;239035263,5899449
664,0;0,15;границы зёрен;0,0031594584656720955;3,409507595390943e-30;3,6507344703490534e-30;239035263,58988824
664,0;0,15;границы зёрен;0,0055912736168852615;1,0839850001822533e-21;1,1606782782523522e-21;239035263,58991244
664,0;0,15;границы зёрен;0,010000000000000002;7,145308470245464e-17;7,650847872832245e-17;239035263,58991593
664,0;0,15;границы зёрен;0,017116235948873786;4,211539262994919e-14;4,509510869378496e-14;239035263,58988404
664,0;0,15;границы зёрен;0,030584486369807144;3,540498975374139e-12;3,790993652311187e-12;239035263,58985642
664,0;0,15;границы зёрен;0,05468679397153128;6,221420759785706e-11;6,661593965356625e-11;239035263,58957148
664,0;0,15;границы зёрен;0,09710310097889714;4,822302411984464e-10;5,163486265779804e-10;239035263,58708695
664,0;0,15;границы зёрен;0,10000000000000002;5,300402451337991e-10;5,675412473629116e-10;239035263,58678436
664,0;0,15;границы зёрен;0,17174119887216358;2,9755568328452926e-09;3,1860811551829146e-09;239035263,572501
664,0;0,15;границы зёрен;0,3045532560192222;2,3316778693504535e-08;2,496646959447898e-08;239035263,45352083
664,0;0,15;границы зёрен;0,5362115532516709;1,9998015687152025e-07;2,1412900002343618e-07;239035262,42034942
664,0;0,15;границы зёрен;0,953006906569111;1,56964064178643e-06;1,6806946546806866e-06;239035254,41003415
664,0;0,15;границы зёрен;1,0;1,8449573945621636e-06;1,9754904071680713e-06;239035252,7998789
664,0;0,15;границы зёрен;1,687205869263048;9,688364305715646e-06;1,0373827979601208e-05;239035206,92869633
664,0;0,15;границы зёрен;2,984660525428415;5,199666533533151e-05;5,5675491603578454e-05;239034959,4936199
664,0;0,15;границы зёрен;5,29155499350458;0,00024505306486878234;0,0002623908264883825;239033830,42128423
664,0;0,15;границы зёрен;9,360595160150325;0,0010443951206167478;0,0011182865394656623;239029155,4561417
664,0;0,15;границы зёрен;10,0;0,0012326304563896975;0,0013198394331102763;239028054,53810617
664,0;0,15;границы зёрен;16,571119813146304;0,004579005410128421;0,004902959816307795;239008481,53926903
664,0;0,15;границы зёрен;29,360860880833634;0,021475538413245447;0,022994609904973377;238909615,69508016
664,0;0,15;границы зёрен;51,974093221855526;1,757649820932251;1,8796682391209043;228403291,24896973
664,0;0,15;границы зёрен;92,13116120129766;20,032913333612225;21,150489527386938;49426347,684406504
664,0;0,15;границы зёрен;100,0;21,244821307164017;22,41105863363524;29820333,101334017
664,0;0,15;границы зёрен;160,76104156475245;22,61524811553596;23,83394816623587;5506840,394771763
664,0;0,15;границы зёрен;200,0;22,62227399876838;23,841236017254943;5375657,782078656
664,0;0,15;границы зёрен;295,39740947063876;22,694408230144372;23,916055728398028;4024708,275386546
664,0;0,15;границы зёрен;519,2988069247834;22,6714739535697;23,892268448380765;4455041,335314985
664,0;0,15;границы зёрен;902,1700215533922;22,622506133492166;23,8414768061603;5371322,309171909
664,0;0,15;границы зёрен;1000,0;22,623210141636747;23,842207059856197;5358173,40220725
664,0;0,15;границы зёрен;1605,7699695954416;22,618570263061383;23,837394192574862;5444820,28845493
664,0;0,15;границы зёрен;2842,184731561849;22,629598380821957;23,848833421030573;5238826,421302074
664,0;0,15;границы зёрен;5026,156545406415;22,655142222246553;23,875328821474994;4761022,742504673
664,0;0,15;границы зёрен;8898,349427990775;22,689531116753354;23,91099728224208;4116284,9199068476
664,0;0,15;границы зёрен;10000,0;22,693622755932722;23,915241052304296;4039459,304777366
664,0;0,15;границы зёрен;15786,844638992818;22,71625719773165;23,938716626441327;3614031,052075481
664,0;0,15;границы зёрен;27947,51874209579;22,743222516628812;23,96668305414806;3106229,5152073377
664,0;0,15;границы зёрен;49482,023312087455;22,777880154819403;24,002625842309026;2452011,106864946
664,0;0,15;границы зёрен;87600,0;22,80225274292006;24,02790115854693;1990885,9267498078
664,0;0,175;границы зёрен;0,001;0,0;0,0;239035263,5899114
664,0;0,175;границы зёрен;0,001769908906321979;0,0;0,0;239035263,5899139
664,0;0,175;границы зёрен;0,0031355141082460083;0,0;0,0;239035263,5899031
664,0;0,175;границы зёрен;0,005457346920544909;2,7015592844437047e-30;2,8926979417035956e-30;239035263,58990934
664,0;0,175;границы зёрен;0,00990678054533506;8,341341531733804e-24;8,93150175116799e-24;239035263,58991104
664,0;0,175;границы зёрен;0,010000000000000002;1,0176490830095688e-23;1,0896490129789979e-23;239035263,58988714
664,0;0,175;границы зёрен;0,016824612983877402;8,881686786942128e-21;9,510077100800669e-21;239035263,5899191
664,0;0,175;границы зёрен;0,03063432668685864;1,909809356471178e-18;2,044930728088031e-18;239035263,5898606
664,0;0,175;границы зёрен;0,054348757192997366;4,5940814756661034e-17;4,919118416242506e-17;239035263,58989865
664,0;0,175;границы зёрен;0,09697396630406459;4,168601582565528e-16;4,46353529500749e-16;239035263,58992624
664,0;0,175;границы зёрен;0,10000000000000002;4,605652010753632e-16;4,931507580983341e-16;239035263,58989152
664,0;0,175;границы зёрен;0,17132772795061982;2,346876553168234e-15;2,51292096896556e-15;239035263,58992845
664,0;0,175;границы зёрен;0,30321642389696435;1,4274800956357532e-14;1,5284760761112373e-14;239035263,58990306
664,0;0,175;границы зёрен;0,5372864810675667;1,2576795940072622e-13;1,3466619791971593e-13;239035263,58989018
664,0;0,175;границы зёрен;0,9535281649803364;1,0659564270443749e-12;1,1413741612899384e-12;239035263,58988988
664,0;0,175;границы зёрен;1,0;1,2648717064281074e-12;1,354362942457923e-12;239035263,589866
664,0;0,175;границы зёрен;1,6833722532226438;7,441081493767879e-12;7,967547203208337e-12;239035263,58985242
664,0;0,175;границы зёрен;2,9828917900699885;4,4374461367202703e-11;4,751400933536826e-11;239035263,58962372
664,0;0,175;границы зёрен;5,279599394819929;2,3392417353790485e-10;2,5047459783842505e-10;239035263,58853066
664,0;0,175;границы зёрен;9,364239494678381;1,1033244630010275e-09;1,1813860319593192e-09;239035263,58347246
664,0;0,175;границы зёрен;10,0;1,3124979728204866e-09;1,4053588260404336e-09;239035263,58219352
664,0;0,175;границы зёрен;16,584779519418934;4,872154512379734e-09;5,2168654638561006e-09;239035263,56137654
664,0;0,175;границы зёрен;29,337180054893313;1,8726745165867938e-08;2,005168552373667e-08;239035263,48041633
664,0;0,175;границы зёрен;51,936538565481264;6,824623914098965e-08;7,307474487766834e-08;239035263,19081327
664,0;0,175;границы зёрен;92,22012542177771;2,39678099507917e-07;2,566356211365456e-07;239035262,18815607
664,0;0,175;границы зёрен;100,0;2,816610431093809e-07;3,0158890985285265e-07;239035261,9425975
664,0;0,175;границы зёрен;163,13513046574474;7,011091910468766e-07;7,507135321897507e-07;239035259,48954955
664,0;0,175;границы зёрен;200,0;1,000711787370545e-06;1,0715133819881526e-06;239035257,73741308
664,0;0,175;границы зёрен;288,63448550324034;22,140057561554922;23,340874035598826;14218520,794738514
664,0;0,175;границы зёрен;511,3177710037636;22,29010521891133;23,496603927448074;11501414,02763838
664,0;0,175;границы зёрен;905,3327775924431;22,405159261989706;23,61599296566713;9397098,155481638
664,0;0,175;границы зёрен;1000,0;22,422286276498134;23,633763654068954;9082278,822444053
664,0;0,175;границы зёрен;1602,71210054431;22,494654528815023;23,708846997215673;7747513,823390153
664,0;0,175;границы зёрен;2842,272215813645;22,565699832596124;23,78255039616524;6429968,476831863
664,0;0,175;границы зёрен;5031,642926381154;22,62302537212436;23,84201540217218;5361624,449932472
664,0;0,175;границы зёрен;8915,598433011619;22,670573269056145;23,891334248853877;4471926,040649817
664,0;0,175;границы зёрен;10000,0;22,678817742249098;23,899885460131877;4317327,08868344
664,0;0,175;границы зёрен;15767,169419693724;22,70962297967675;23,931835946811745;3738802,2671067626
664,0;0,175;границы зёрен;27949,199247126035;22,74252394335723;23,96595855904187;3119398,167185061
664,0;0,175;границы зёрен;49493,818911330854;22,76980037326378;23,994246607090826;2604686,938828455
664,0;0,175;границы зёрен;87600,0;22,792447204947436;24,017732539672977;2176509,8566874983
664,0;0,2;границы зёрен;0,001;0,0;0,0;239035263,58992228
664,0;0,2;границы зёрен;0,001769908906321979;0,0;0,0;239035263,5899001
664,0;0,2;границы зёрен;0,0031355141082460083;0,0;0,0;239035263,5899088
664,0;0,2;границы зёрен;0,005554586920350339;0,0;0,0;239035263,58990636
664,0;0,2;границы зёрен;0,009835356723973405;5,241866605354026e-35;5,612735144220514e-35;239035263,58997974
664,0;0,2;границы зёрен;0,010000000000000002;6,655093659460435e-35;7,125949758503997e-35;239035263,5898488
664,0;0,2;границы зёрен;0,018074016998753155;7,537084019118468e-30;8,070342025842512e-30;239035263,58988237
664,0;0,2;границы зёрен;0,029805367065938202;7,3174677020638565e-28;7,8351875830114665e-28;239035263,5898869
664,0;0,2;границы зёрен;0,05266653940609259;2,341171058532098e-26;2,5068118035345487e-26;239035263,58992898
664,0;0,2;границы зёрен;0,09676718281877014;2,649600670271605e-27;2,837063191381855e-27;239035263,58989224
664,0;0,2;границы зёрен;0,10000000000000002;2,8456221728195276e-27;3,0469534574275196e-27;239035263,58992982
664,0;0,2;границы зёрен;0,1712483685655591;2,164739239925805e-24;2,31789721577323e-24;239035263,5899371
664,0;0,2;границы зёрен;0,38312444686995367;2,776220413440519e-23;2,972641437823772e-23;239035263,58991417
664,0;0,2;границы зёрен;0,5373776068370856;1,5626354467143323e-25;1,673193835268515e-25;239035263,58992586
664,0;0,2;границы зёрен;0,951253688956067;3,9381483621332214e-25;4,216777224495345e-25;239035263,58987164
664,0;0,2;границы зёрен;1,0;1,4936700238998643e-25;1,599349023580361e-25;239035263,5898994
664,0;0,2;границы зёрен;7,919534324596735;3,6296820169851e-21;3,8864865043053784e-21;239035263,5898954
664,0;0,2;границы зёрен;9,361040757979758;7,014506489167071e-19;7,51079148998143e-19;239035263,58992353
664,0;0,2;границы зёрен;10,0;1,42431694904707e-18;1,5250891329932094e-18;239035263,58989832
664,0;0,2;границы зёрен;16,583741986242263;2,190063941387372e-17;2,3450136711528935e-17;239035263,58992422
664,0;0,2;границы зёрен;29,34988241162786;1,4432802038548024e-16;1,545394061508455e-16;239035263,58992285
664,0;0,2;границы зёрен;52,006888321251395;6,236756824996658e-16;6,67801507612987e-16;239035263,5898552
664,0;0,2;границы зёрен;92,09268187912497;2,190694327654515e-15;2,345688658027304e-15;239035263,5898685
664,0;0,2;границы зёрен;100,0;2,606756167908905e-15;2,791187387540883e-15;239035263,58990386
664,0;0,2;границы зёрен;163,16203372811984;6,806758050981374e-15;7,288344593112518e-15;239035263,58991596
664,0;0,2;границы зёрен;200,0;9,843257553188528e-15;1,0539680186818484e-14;239035263,58986783
664,0;0,2;границы зёрен;288,78307367904404;1,8583895252479802e-14;1,989872880274516e-14;239035263,58989927
664,0;0,2;границы зёрен;510,8842723368809;22,15741366674112;23,358889073367894;13905790,993013846
664,0;0,2;границы зёрен;906,2054476697595;22,32578660948634;23,533631764945884;10850763,538374348
664,0;0,2;границы зёрен;1000,0;22,348661306042167;23,557368676230105;10432720,87914865
664,0;0,2;границы зёрен;1604,8632911378518;22,441593462425864;23,653795941584114;8726893,754310226
664,0;0,2;границы зёрен;2836,6341611820703;22,52645775901317;23,741841017890543;7158602,079483768
664,0;0,2;границы зёрен;5029,829084559343;22,593022068864453;23,81089292732289;5921364,851638191
664,0;0,2;границы зёрен;8910,6049471439;22,646341784397013;23,866200656199858;4925743,022286364
664,0;0,2;границы зёрен;10000,0;22,655949794039035;23,876166461555982;4745901,605289421
664,0;0,2;границы зёрен;15785,211236266046;22,69018811582246;23,911678710766555;4103950,579012654
664,0;0,2;границы зёрен;27944,091854338738;22,72648960665649;23,949329045295425;3421462,4662895342
664,0;0,2;границы зёрен;49435,109276265044;22,75657154112664;23,980527283115936;2854453,1673894534
664,0;0,2;границы зёрен;87600,0;22,781704323847983;24,006591710196375;2379716,131128496
