,"Время, ч","AL, матрица, ат.%","CR, матрица, ат.%","NI, матрица, ат.%"
0,0,9.8000000000000007,8.3000000000000007,81.899999999999991
1,2.7805555555555557e-06,9.8000000000000007,8.3000000000000007,81.899999999999991
2,5.5638916666666669e-06,9.7999840314318618,8.3000061312216147,81.900009837346516
3,5.6168677722938729e-06,9.7944566824644426,8.3021297506968494,81.903413566838708
4,5.6704390695941565e-06,9.788971241549735,8.3042398742704933,81.906788884179775
5,5.7245991278418458e-06,9.7835272670212809,8.3063366090377162,81.910136123941001
6,5.7793426655712695e-06,9.7781243226464731,8.3084200611904571,81.913455616163063
7,5.834665458342807e-06,9.7727619788874343,8.310490335814336,81.916747685298233
8,5.890564251214678e-06,9.7674398126969955,8.3125475369227839,81.92001265038023
9,5.9470366777027679e-06,9.7621574073201725,8.3145917674912866,81.923250825188546
10,6.0040811851270588e-06,9.7569143521090655,8.3166231294886508,81.926462518402275
11,6.0616969661348291e-06,9.751710242350752,8.3186417239053387,81.929648033743902
12,6.1198838961214523e-06,9.7465446791069699,8.3206476507790761,81.932807670113945
13,6.1786424762236954e-06,9.7414172690647014,8.3226410092179535,81.935941721717342
14,6.2379737815389255e-06,9.736327624397374,8.3246218974209754,81.939050478181656
15,6.2978794142126963e-06,9.7312753626349355,8.3265904126965982,81.942134224668479
16,6.3583614610281467e-06,9.7262601065431742,8.3285466514789892,81.945193241977847
17,6.4194224551518033e-06,9.7212814840101451,8.3304907093427047,81.948227806647139
18,6.4810653416880652e-06,9.7163391279406728,8.3324226810154158,81.951238191043913
19,6.5432934467266575e-06,9.7114326761565248,8.3343426603893551,81.954224663454127
20,6.6061104495700187e-06,9.7065617713032815,8.336250740531236,81.957187488165488
21,6.6695203578567098e-06,9.7017260607615032,8.3381470136912306,81.960126925547257
22,6.7335274853226421e-06,9.6969251965660206,8.3400315713099058,81.963043232124065
23,6.7981364319409959e-06,9.6921588353241734,8.341904504025873,81.965936660649959
24,6.8633520662325611e-06,9.6874266381430836,8.3437659016811594,81.968807460175768
25,6.929179509527631e-06,9.6827282705585507,8.3456158533263203,81.971655876115122
26,6.9956241219992034e-06,9.6780634024676147,8.3474544472249068,81.97448215030748
27,7.0626914902915788e-06,9.6734317080639034,8.3492817708573668,81.977286521078724
28,7.1303874165847505e-06,9.6688328657765368,8.3510979109242633,81.980069223299196
29,7.1987179089722307e-06,9.6642665582106595,8.3529029533493357,81.982830488440001
30,7.2676891730003569e-06,9.6597324720911342,8.3546969832819169,81.985570544626952
31,7.3373076042690965e-06,9.6552302982079503,8.3564800850991308,81.98828961669291
32,7.4075797819900395e-06,9.6507597313637135,8.3582523424078481,81.990987926228428
33,7.4785124634007978e-06,9.6463204703231575,8.3600138380462798,81.993665691630554
34,7.5501125789592593e-06,9.6419122177639203,8.3617646540855137,81.996323128150578
35,7.6223872282365483e-06,9.6375346802296153,8.3635048718307132,81.998960447939666
36,7.6953436764420312e-06,9.6331875680835459,8.3652345718222545,82.001577860094201
37,7.7689893515199212e-06,9.6288705954646137,8.36695383383673,82.004175570698663
38,7.8433318417641191e-06,9.6245834802438797,8.3686627368878046,82.006753782868316
39,7.9183788938964868e-06,9.6203259439827153,8.3703613592270347,82.009312696790246
40,7.9941384115666624e-06,9.616097711892138,8.3720497783444845,82.011852509763372
41,8.0706184542423798e-06,9.6118985127928909,8.373728070969495,82.014373416237603
42,8.1478272364343351e-06,9.6077280790771429,8.3753963130711089,82.016875607851745
43,8.2257731272445178e-06,9.6035861466706312,8.3770545798586706,82.019359273470698
44,8.3044646501975587e-06,9.5978022738971109,8.3793176998918835,82.022880026211013
45,8.3871103901599439e-06,9.5920787735493693,8.3815580669026328,82.026363159547998
46,8.4735916416793146e-06,9.5864109627107528,8.3837792464118213,82.029809790877422
47,8.5637845404656711e-06,9.5807977417946741,8.3859817144520434,82.033220543753288
48,8.6575587420235013e-06,9.5752381881073028,8.3881657531967271,82.036596058695977
49,8.7547814375140227e-06,9.5697314218366323,8.3903316310747869,82.039936947088577
50,8.8553209917264588e-06,9.5642766032061033,8.3924796036404423,82.043243793153451
51,8.95904994251935e-06,9.5588729294829733,8.3946099145080062,82.046517156009031
52,9.0658473498817065e-06,9.5535196319576343,8.3967227963259834,82.04975757171637
53,9.1756005273753768e-06,9.5482159729970952,8.3988184717497685,82.052965555253138
54,9.2882062185209699e-06,9.5429612432511544,8.4008971543806741,82.056141602368172
55,9.4035712972921861e-06,9.5377547590785845,8.40295904964416,82.059286191277252
56,9.52161307771771e-06,9.5325958601243084,8.4050043556190133,82.062399784256684
57,9.6422593158765045e-06,9.5274839072968689,8.4070332637544816,82.06548282894866
58,9.7654479797607637e-06,9.5224196147199933,8.4090454603579374,82.068534924922076
59,9.8911224269422063e-06,9.5174030827829803,8.4110408246055197,82.071556092611502
60,1.0019233124344539e-05,9.5124337560871428,8.4130195338784208,82.07454671003444
61,1.014973937655579e-05,9.5075111094208484,8.4149817390691162,82.077507151510034
62,1.0282608663515108e-05,9.5026346299092737,8.416927587500016,82.080437782590707
63,1.0417816008815102e-05,9.4978038164823566,8.4188572231771683,82.083338960340484
64,1.0555343356723262e-05,9.4930181795094786,8.4207707869035939,82.086211033586935
65,1.0695178972406014e-05,9.4882772404988973,8.422668416368289,82.089054343132801
66,1.0837316875070625e-05,9.4835805318492845,8.4245502462155919,82.091869221935127
67,1.0981756309867866e-05,9.4789275966428015,8.4264164080986657,82.094655995258535
68,1.1128501261428311e-05,9.4743179884720252,8.4282670307198124,82.097414980808153
69,1.1277560009827118e-05,9.4697512712936618,8.4301022398604175,82.100146488845922
70,1.1428944728235545e-05,9.4652270193038603,8.4319221584023278,82.102850822293803
71,1.158267112049411e-05,9.4607448168311432,8.4337269063423168,82.105528276826533
72,1.1738758096227661e-05,9.4563042582425449,8.4355166008011313,82.10817914095631
73,1.1897227480713579e-05,9.4519049478738015,8.4372913560252734,82.11080369610093
74,1.2058026758767228e-05,9.4475483048538234,8.4390505499098865,82.113401145236281
75,1.2221175539576556e-05,9.4432340152768095,8.4407942679875294,82.115971716735658
76,1.2386698959929235e-05,9.4389616933927272,8.4425226218776697,82.118515684729616
77,1.255462394242794e-05,9.4347309633742729,8.4442357202077272,82.121033316418007
78,1.272497903088602e-05,9.4291251431837448,8.4464705488565599,82.124404307959693
79,1.2905278390149818e-05,9.4235986039701309,8.4486725682666073,82.127728827763264
80,1.3095115370319183e-05,9.4181438782247504,8.4508482091876633,82.131007912587577
81,1.3294094566779177e-05,9.4127597694649161,8.4529981799459986,82.13424205058908
82,1.3501821562139142e-05,9.4074454399199627,8.4551227244424521,82.137431835637585
83,1.3717916478549278e-05,9.4022000765287821,8.4572220792518973,82.140577844219322
84,1.3942024963407556e-05,9.3970228900660402,8.459296473846539,82.143680636087424
85,1.417382552175711e-05,9.3919131152039981,8.4613461303822337,82.14674075441377
86,1.4413033708701367e-05,9.3868700110274865,8.4633712633510303,82.149758725621481
87,1.4659403805486969e-05,9.3818928617312611,8.4653720791959675,82.152735059072768
88,1.4912728606193718e-05,9.3769809773125736,8.4673487759523347,82.155670246735085
89,1.5172837879425509e-05,9.3721319189264687,8.4693022157473248,82.15856586532621
90,1.5439611639458254e-05,9.3673450277381978,8.4712326308303449,82.161422341431461
91,1.5712961100932107e-05,9.3626196877638144,8.4731401737342296,82.164240138501953
92,1.599282574658794e-05,9.3579552903204046,8.4750250185032012,82.167019691176392
93,1.6279170446137013e-05,9.3533512570114041,8.4768873288015349,82.169761414187064
94,1.6571982539131765e-05,9.3488070389802314,8.4787272580820883,82.172465702937686
95,1.6871269106046418e-05,9.3443221160926129,8.4805449498497794,82.175132934057601
96,1.7177054462612424e-05,9.3398959961218768,8.4823405379238626,82.177763465954271
97,1.748937788877428e-05,9.3355282139404867,8.4841141466975518,82.180357639361958
98,1.7808291588141771e-05,9.3312183307201231,8.4858658913939422,82.182915777885938
99,1.8133858864460336e-05,9.3269659331391548,8.4875958783190057,82.185438188541838
100,1.8466152496262229e-05,9.3227706325941551,8.4893042051127736,82.18792516229307
101,1.8805218463895978e-05,9.3186324178016164,8.4909908153533582,82.19037676684502
102,1.9150943082232111e-05,9.3145528942620324,8.492654988028292,82.192792117709672
103,1.9503405437786584e-05,9.3105316926996693,8.4942968229190274,82.195171484381305
104,1.9862688056891265e-05,9.3050565187119663,8.496467070240902,82.198476411047139
105,2.0249928183909956e-05,9.2999549851186991,8.4985624692312101,82.201482545650094
106,2.0659503843945186e-05,9.2949942014238616,8.5005631158295856,82.20444268274656
107,2.1089843040689122e-05,9.290131833618009,8.5025259187732036,82.207342247608779
108,2.1539879607091342e-05,9.2853664866075434,8.5044513479992538,82.210182165393192
109,2.2008644918515177e-05,9.2806968393517657,8.5063398192699982,82.212963341378241
110,2.2495285094264979e-05,9.2761216386134038,8.508191723587224,82.215686637799365
111,2.2999066013802617e-05,9.2716397119188496,8.5100074216329791,82.218352866448157
112,2.3519369549994572e-05,9.2672499730529783,8.5117872412683173,82.220962785678694
113,2.4055684244995153e-05,9.2629507619157287,8.5135317223919458,82.223517515692322
114,2.4607607549487116e-05,9.2587392229744125,8.5152419022556991,82.226018874769892
115,2.5174861100129159e-05,9.2546147115844626,8.5169179673605822,82.22846732105495
116,2.5757226676154952e-05,9.2505765109319427,8.5185600771458141,82.230863411922243
117,2.6354537704092127e-05,9.2466239391649427,8.5201684044585004,82.233207656376564
118,2.6966668215054794e-05,9.2427563653035421,8.5217431026599861,82.235500532036482
119,2.7593522568463401e-05,9.2389731979540972,8.5232843101079556,82.237742491937951
120,2.8235026412366153e-05,9.2352738743477296,8.5247921545553709,82.239933971096903
121,2.8891118821062302e-05,9.2316578498099631,8.5262667574045938,82.242075392785438
122,2.9561745517517576e-05,9.2281245877074731,8.5277082377983611,82.244167174494166
123,3.0246853077657747e-05,9.2246735498937564,8.5291167165385922,82.246209733567653
124,3.0946384015429358e-05,9.2213041876683217,8.530492319826795,82.248203492504885
125,3.1660204603450351e-05,9.2180161801545601,8.5318350803285448,82.250148739516888
126,3.2387819806200457e-05,9.2148103568643407,8.5331445558532053,82.252045087282454
127,3.3129119117829188e-05,9.2116859803726925,8.5344209642564106,82.253893055370895
128,3.3883974856915828e-05,9.2072508220270262,8.5361724793299913,82.256576698642974
129,3.4701164443427752e-05,9.2032925699292001,8.5378108714548198,82.258896558615973
130,3.5563512666737192e-05,9.1995350105012523,8.5393227554955562,82.261142234003188
131,3.6465727206996441e-05,9.1959249707539019,8.5407740671465664,82.263300962099521
132,3.7404092128270456e-05,9.1924558983436899,8.5421673595922503,82.265376742064063
133,3.8375278024187634e-05,9.189121606266097,8.5435050073081928,82.267373386425717
134,3.9376354318584608e-05,9.1859162916769517,8.5447892376127665,82.269294470710278
135,4.0404768211771297e-05,9.1828345410176997,8.5460221279906623,82.271143330991634
136,4.1458305356311954e-05,9.1798713012565898,8.5472056176252611,82.272923081118151
137,4.2535043704639217e-05,9.1770218342860961,8.5483415260820284,82.274636639631879
138,4.3633307671912782e-05,9.1742809224822697,8.5494318498948623,82.276287227622873
139,4.4751666120634725e-05,9.1716439112438231,8.550478425631395,82.277877663124769
140,4.5888876123516365e-05,9.169106924439836,8.551482732910678,82.279410342649484
141,4.7043821344906709e-05,9.1666661513473642,8.5524462441193005,82.280887604533334
142,4.8215493354464037e-05,9.164317874481938,8.5533704092625786,82.282311716255492
143,4.9402974917702766e-05,9.1620584575598141,8.554256655336987,82.283684887103206
144,5.0605427191616887e-05,9.1598843339164713,8.5551063909699447,82.28500927511358
145,5.1822080236655623e-05,9.1577920002780999,8.5559210087720583,82.286286990949847
146,5.3052226100539658e-05,9.1557780147499095,8.5567018858604609,82.287520099389639
147,5.4295213836747159e-05,9.153838997954983,8.5574503829991855,82.28871061904583
148,5.555044593220339e-05,9.1519716363820773,8.55816784275566,82.289860520862263
149,5.6817375723102297e-05,9.1501726871396549,8.5588555870165415,82.290971725843804
150,5.8095505470772713e-05,9.1484389834519604,8.5595149141499434,82.292046102398103
151,5.938438484900443e-05,9.1467674403701977,8.560147096046494,82.29308546358331
152,6.0683609660442303e-05,9.1451550602905538,8.5607533752195497,82.294091564489904
153,6.1992820652978284e-05,9.1435989380302196,8.5613349620897772,82.295066099880003
154,6.3311702347228313e-05,9.1420962649661384,8.561893032609234,82.296010702424624
155,6.4639981838662052e-05,9.1406443328240972,8.5624287261701912,82.296926941005708
156,6.5977032715315085e-05,9.139240836488316,8.562943035785004,82.297816127726691
157,6.7322557921136892e-05,9.1378833337723364,8.5634370078803457,82.298679658347311
158,6.8676415003970538e-05,9.1365694009107425,8.5639116768897612,82.299518922199496
159,7.0038496321524579e-05,9.1352967211859681,8.5643680345656819,82.300335244248345
160,7.1408727817209812e-05,9.1340630836285399,8.564807031155139,82.301129885216312
161,7.2787067727070513e-05,9.1328663820578662,8.5652295753729781,82.301904042569149
162,7.4173505202922976e-05,9.1306971465339704,8.566036062286031,82.303266791179993
163,7.5641409852329677e-05,9.1287521826184221,8.566739399330503,82.304508418051086
164,7.7177013136614202e-05,9.1269798634638377,8.5673655904699455,82.305654546066222
165,7.8769227225397031e-05,9.1253501645795367,8.567929147144195,82.306720688276272
166,8.040872799504926e-05,9.123838725156963,8.5684406334436556,82.307720641399385
167,8.2087928499198034e-05,9.1224252277571729,8.5689088821059016,82.308665890136922
168,8.3800856282876545e-05,9.121093086332845,8.5693411217540483,82.309565791913116
169,8.5542940037270534e-05,9.1198289448947136,8.5697431882275463,82.310427866877745
170,8.7310770963145066e-05,9.1186221276406538,8.5701197590928189,82.311258113266533
171,8.9101876108913227e-05,9.1174641205053639,8.5704745760109784,82.312061303483659
172,9.0914520913895424e-05,9.116348120530823,8.5708106386880107,82.312841240781168
173,9.2747545983713981e-05,9.1152686631133619,8.5711303656936959,82.31360097119294
174,9.4600236680271257e-05,9.11422132335972,8.5714357235424394,82.314342953097835
175,9.6472221291285732e-05,9.1132024818053203,8.5717283281021306,82.315069190092544
176,9.8363392763793799e-05,9.112209143153402,8.5720095231461784,82.315781333700428
177,0.00010027384921362807,9.1112387972662603,8.5722804406539108,82.31648076207982
178,0.00010220384906787711,9.110289313107371,8.5725420468551832,82.317168640037437
179,0.00010415377744585925,9.1093588580099194,8.5727951773023126,82.317845964687763
180,0.00010612412109019142,9.1084458362281868,8.5730405635792266,82.318513600192588
181,0.00010811544976306257,9.1075488420803126,8.5732788536764257,82.319172304243267
182,0.00011012840251534976,9.106666623859633,8.5735106276193527,82.319822748521005
183,0.00011216367765149597,9.1057980571471013,8.5737364094098574,82.320465533443041
184,0.00011422202534764874,9.1049424023832515,8.5739565703909513,82.321101027225794
185,0.00011630421087912162,9.1040986643453348,8.5741715637957423,82.321729771858926
186,0.0001184110501966911,9.1032659446302731,8.5743818204013973,82.322352234968335
187,0.00012054340417376285,9.1024434289263478,8.574587726138553,82.322968844935104
188,0.00012270217518568324,9.1016303667988137,8.574789638103038,82.323579995098157
189,0.00012488830545091893,9.1008260630201576,8.5749878884426494,82.3241860485372
190,0.00012710277613900198,9.100029870679645,8.5751827873603492,82.324787341960004
191,0.00012934660706927518,9.0992411855590696,8.5753746255640753,82.325384188876853
192,0.0001316208568766477,9.0984594414868951,8.5755636762898764,82.32597688222323
193,0.00013392662355334788,9.0976841064524585,8.5757501969928711,82.326565696554681
194,0.0001362650452994438,9.0969146793162139,8.5759344307778349,82.327150889905951
195,0.00013863730163282199,9.096150686991928,8.5761166076235007,82.327732705384577
196,0.00014104461472293911,9.0953916820050278,8.5762969454419942,82.328311372552974
197,0.0001434882509226036,9.0946372403559579,8.5764756510049143,82.328887108639123
198,0.00014596952248035523,9.0938869596311598,8.5766529207603881,82.329460119608456
199,0.00014848978942130076,9.0931404573186541,8.5768289415601835,82.330030601121166
200,0.00015105046158910327,9.0923973692938773,8.5770038913117173,82.330598739394418
201,0.00015365300084600262,9.0916573484483276,8.5771779395666918,82.331164711984982
202,0.00015629892342916186,9.0909200634394374,8.5773512480558463,82.331728688504711
203,0.00015898980246594832,9.0901851975435619,8.5775239711776088,82.332290831278826
204,0.00016172727065087459,9.089452447597548,8.5776962564468615,82.332851295955592
205,0.00016451302309016208,9.0887215230162681,8.5778682449092294,82.333410232074499
206,0.00016734882032022204,9.0879921448766403,8.5780400715253204,82.333967783598041
207,0.00017022607351170708,9.0872661720764185,8.5782114242405179,82.334522403683067
208,0.00017310176288673102,9.086552407759136,8.5783805183176547,82.335067073923213
209,0.00017597591691649863,9.0858509512970596,8.5785473276493871,82.33560172105355
210,0.00017884856419691603,9.0851618118315454,8.5787117874554983,82.336126400712956
211,0.00018171973320275432,9.0844848783587757,8.5788738812592484,82.336641240381979
212,0.00018458945204951748,9.0838199592164361,8.5790336250705259,82.337146415713036
213,0.00018745774833531394,9.0831668100328713,8.5791910562550679,82.337642133712066
214,0.00019032464903924427,9.0825251534702502,8.5793462257148629,82.338128620814885
215,0.00019319018045962718,9.0818946931173645,8.5794991924249242,82.338606114457718
216,0.00019605436818016125,9.0812751232094335,8.5796500196451166,82.339074857145448
217,0.00019891723705557174,9.0806661353704303,8.5797987723225404,82.339535092307031
218,0.00020177881121070791,9.0800674232317959,8.5799455153386166,82.339987061429582
219,0.00020463911404880008,9.079478685538934,8.5800903123541108,82.340431002106953
220,0.00020749816826773956,9.0788996282185526,8.5802332250686106,82.340867146712839
221,0.00021035599587076464,9.0783299655050378,8.5803743128005063,82.341295721694451
222,0.00021321261819846378,9.0777694208785871,8.5805136322497901,82.341716946871628
223,0.0002160680559433535,9.0772177273029779,8.5806512373737398,82.342131035323291
224,0.00021892232917434756,9.0766746273305152,8.5807871794264852,82.342538193243001
225,0.00022177545735941082,9.0761398730290956,8.5809215070128531,82.342938619958048
226,0.0002246274593879333,9.0756132257808755,8.5810542661936182,82.343332508025497
227,0.00022747835359256485,9.0750944560046989,8.581185500614561,82.343720043380742
228,0.00023032815777038784,9.0745833428317262,8.5813152516472861,82.344101405520988
229,0.000233176889203308,9.0740796737557297,8.5814435585348985,82.344476767709381
230,0.00023602456467763512,9.0735832442725162,8.5815704585364188,82.344846297191069
231,0.00023887120050283868,9.0730938575185345,8.5816959870673024,82.345210155414165
232,0.00024171681252946301,9.072611323822402,8.5818201778103127,82.345568498367285
233,0.00024456141616600185,9.0713947992749446,8.5822136503409965,82.346391550384055
234,0.0002474035504621922,9.0704550416114973,8.5825467835501748,82.346998174838319
235,0.00025024380541770934,9.0696413751282439,8.5828020756720207,82.347556549199737
236,0.00025308240644370249,9.0689026099560426,8.5830281899536836,82.348069200090279
237,0.00025591950251648796,9.0682241557834988,8.5832310352798693,82.348544808936623
238,0.00025875521371777096,9.0675947391465694,8.5834151755070121,82.348990085346415
239,0.00026158963783597198,9.0670055670133802,8.5835841655982659,82.34941026738835
240,0.00026442285528964363,9.0664497223385165,8.5837407968001784,82.349809480861296
241,0.00026725493284363261,9.0659217220064523,8.5838872762731455,82.350191001720404
242,0.00027008592644467172,9.0654171891729849,8.5840253604239862,82.350557450403031
243,0.00027291588340579701,9.0649326075087178,8.5841564550216845,82.350910937469607
244,0.00027574484410334182,9.0644651349363201,8.5842816911439197,82.351253173919758
245,0.00027777777777777778,9.0641324326820811,8.584370635497292,82.35149693182062
