"marka","sistema","baza","fajl_tdb","sha256_tdb","variant","nabor","popravki","T_C","plotnost_kg_m3","plotnost_datashit_g_sm3","otklonenie_pct","pokrytie_mass_pct","dolya_pryamyh","dolya_unasledovannyh","dolya_ocenennyh","fazy_i_obemnye_doli","fazy_bez_modeli","predupr","popravka_zadejstvovana","vne_shapki","vremya_s","pik_pamyati_MiB","otkaz","prichina","job_id"
"RS320","Al","mc_al 2.037","databases/converted/al/mc_al_v2037_with_mobility.thermogar.tdb","f9bdf21d434fbe78b5ef3f7f2de69763fa40b81335cdc58889907d41c80cd717","A","быстрый","включены (умолчание)","20","","2.659","","","","","","","","","","нет","15.2","1643","да","VerifiedLoaderError: BACKEND_FAILED: ValueError: Температура 293.15 K вне диапазона DP-параметра FCC_A1: 298.15–6000.00 K.","191e8e012af897ee"
"RS320","Al","mc_al 2.037","databases/converted/al/mc_al_v2037_with_mobility.thermogar.tdb","f9bdf21d434fbe78b5ef3f7f2de69763fa40b81335cdc58889907d41c80cd717","A","быстрый","включены (умолчание)","25","2722.921","2.659","+2.40","100.00","0.00","90.66","9.34","GP_MAT 91.07; SI_DIAMOND_A4 6.68; MG2SI_B 1.04; AL6MN 0.71; ALFESI_T4 0.50","","Плотность хрома посчитана по поправке проекта ThermoGar, а не по данным physical_data_v103.pdb: тепловая функция DTCRBCC заменена. Это не наша оценка величины,… | Плотность фаз AL6MN, ALFESI_T4, MG2SI_B, SI_DIAMOND_A4 оценена по правилу смеси; погрешность до 10 %. Суммарная мольная доля таких фаз 9.34 %. | Для упорядоченных или структурно родственных фаз использованы плотности связанных базовых моделей; такие значения являются оценочными.","нет","нет","15.0","1643","","","191e8e012af897ee"
"RS320","Al","mc_al 2.037","databases/converted/al/mc_al_v2037_with_mobility.thermogar.tdb","f9bdf21d434fbe78b5ef3f7f2de69763fa40b81335cdc58889907d41c80cd717","A0","быстрый","выключены (BL-14, physical_overrides=False)","20","","2.659","","","","","","","","","","нет","15.2","1649","да","VerifiedLoaderError: BACKEND_FAILED: ValueError: Температура 293.15 K вне диапазона DP-параметра FCC_A1: 298.15–6000.00 K.","4ef33adf684b6b15"
"RS320","Al","mc_al 2.037","databases/converted/al/mc_al_v2037_with_mobility.thermogar.tdb","f9bdf21d434fbe78b5ef3f7f2de69763fa40b81335cdc58889907d41c80cd717","A0","быстрый","выключены (BL-14, physical_overrides=False)","25","2722.921","2.659","+2.40","100.00","0.00","90.66","9.34","GP_MAT 91.07; SI_DIAMOND_A4 6.68; MG2SI_B 1.04; AL6MN 0.71; ALFESI_T4 0.50","","Поправки проекта ThermoGar к физической базе выключены пользователем: плотность посчитана строго по данным physical_data_v103.pdb. Не применены: DTCRBCC. У спл… | Плотность фаз AL6MN, ALFESI_T4, MG2SI_B, SI_DIAMOND_A4 оценена по правилу смеси; погрешность до 10 %. Суммарная мольная доля таких фаз 9.34 %. | Для упорядоченных или структурно родственных фаз использованы плотности связанных базовых моделей; такие значения являются оценочными.","нет","нет","14.6","1649","","","4ef33adf684b6b15"
"RS320","Al","mc_al 2.037","databases/converted/al/mc_al_v2037_with_mobility.thermogar.tdb","f9bdf21d434fbe78b5ef3f7f2de69763fa40b81335cdc58889907d41c80cd717","B","полный (автоматические фазы вкладки)","включены (умолчание)","20","","2.659","","","","","","","","","","нет","19.6","2021","да","VerifiedLoaderError: BACKEND_FAILED: ValueError: Температура 293.15 K вне диапазона DP-параметра FCC_A1: 298.15–6000.00 K.","55b3d554c6b24759"
"RS320","Al","mc_al 2.037","databases/converted/al/mc_al_v2037_with_mobility.thermogar.tdb","f9bdf21d434fbe78b5ef3f7f2de69763fa40b81335cdc58889907d41c80cd717","B","полный (автоматические фазы вкладки)","включены (умолчание)","25","2722.921","2.659","+2.40","100.00","0.00","90.64","9.36","FCCAL 91.05; SI_DIAMOND_A4 6.84; ALCRFEMNSI_A 1.07; MG2SI_B 1.04","","Плотность хрома посчитана по поправке проекта ThermoGar, а не по данным physical_data_v103.pdb: тепловая функция DTCRBCC заменена. Это не наша оценка величины,… | Плотность фаз ALCRFEMNSI_A, MG2SI_B, SI_DIAMOND_A4 оценена по правилу смеси; погрешность до 10 %. Суммарная мольная доля таких фаз 9.36 %. | Для упорядоченных или структурно родственных фаз использованы плотности связанных базовых моделей; такие значения являются оценочными.","нет","нет","17.3","2021","","","55b3d554c6b24759"
"RS320","Al","mc_al 2.037","databases/converted/al/mc_al_v2037_with_mobility.thermogar.tdb","f9bdf21d434fbe78b5ef3f7f2de69763fa40b81335cdc58889907d41c80cd717","C","одна фаза FCC_A1","включены (умолчание)","20","","2.659","","","","","","","","","","нет","4.7","226","да","VerifiedLoaderError: BACKEND_FAILED: ValueError: Температура 293.15 K вне диапазона DP-параметра FCC_A1: 298.15–6000.00 K.","bbc3aa1f850c88db"
"RS320","Al","mc_al 2.037","databases/converted/al/mc_al_v2037_with_mobility.thermogar.tdb","f9bdf21d434fbe78b5ef3f7f2de69763fa40b81335cdc58889907d41c80cd717","C","одна фаза FCC_A1","включены (умолчание)","25","2523.198","2.659","-5.11","100.00","100.00","0.00","0.00","FCC_A1 100.00","","Плотность хрома посчитана по поправке проекта ThermoGar, а не по данным physical_data_v103.pdb: тепловая функция DTCRBCC заменена. Это не наша оценка величины,…","нет","нет","2.8","226","","","bbc3aa1f850c88db"
"RS320","Al","mc_al 2.037","databases/converted/al/mc_al_v2037_with_mobility.thermogar.tdb","f9bdf21d434fbe78b5ef3f7f2de69763fa40b81335cdc58889907d41c80cd717","D","нет (правило смеси по элементам)","включены (умолчание)","20","","2.659","","","","","","","","","","нет","4.0","186","да","правило смеси не дало плотности: Нет плотности элементов: AL, FE, MG, MN, SI","f8dc9536159b5c39"
"RS320","Al","mc_al 2.037","databases/converted/al/mc_al_v2037_with_mobility.thermogar.tdb","f9bdf21d434fbe78b5ef3f7f2de69763fa40b81335cdc58889907d41c80cd717","D","нет (правило смеси по элементам)","включены (умолчание)","25","2722.921","2.659","+2.40","100.00","","","","","","Плотность хрома посчитана по поправке проекта ThermoGar, а не по данным physical_data_v103.pdb: тепловая функция DTCRBCC заменена. Это не наша оценка величины,…","","нет","2.6","186","","","f8dc9536159b5c39"
"AlSi10Mg","Al","mc_al 2.037","databases/converted/al/mc_al_v2037_with_mobility.thermogar.tdb","f9bdf21d434fbe78b5ef3f7f2de69763fa40b81335cdc58889907d41c80cd717","A","быстрый","включены (умолчание)","20","","2.67","","","","","","","","","","да: za_granicami_sostava — мольная доля основы AL = 0.8967, а база mc_al v2.037 (ThermoGar) оптимизирована при X(AL) > 0.9","15.3","1645","да","VerifiedLoaderError: BACKEND_FAILED: ValueError: Температура 293.15 K вне диапазона DP-параметра FCC_A1: 298.15–6000.00 K.","1d146e78e9b5b539"
"AlSi10Mg","Al","mc_al 2.037","databases/converted/al/mc_al_v2037_with_mobility.thermogar.tdb","f9bdf21d434fbe78b5ef3f7f2de69763fa40b81335cdc58889907d41c80cd717","A","быстрый","включены (умолчание)","25","2733.451","2.67","+2.38","100.00","0.00","88.51","11.49","GP_MAT 89.12; SI_DIAMOND_A4 8.59; AL6MN 1.07; MG2SI_B 0.73; ALFESI_T4 0.48","","Плотность хрома посчитана по поправке проекта ThermoGar, а не по данным physical_data_v103.pdb: тепловая функция DTCRBCC заменена. Это не наша оценка величины,… | Плотность фаз AL6MN, ALFESI_T4, MG2SI_B, SI_DIAMOND_A4 оценена по правилу смеси; погрешность до 10 %. Суммарная мольная доля таких фаз 11.49 %. | Для упорядоченных или структурно родственных фаз использованы плотности связанных базовых моделей; такие значения являются оценочными.","нет","да: za_granicami_sostava — мольная доля основы AL = 0.8967, а база mc_al v2.037 (ThermoGar) оптимизирована при X(AL) > 0.9","14.5","1645","","","1d146e78e9b5b539"
"AlSi10Mg","Al","mc_al 2.037","databases/converted/al/mc_al_v2037_with_mobility.thermogar.tdb","f9bdf21d434fbe78b5ef3f7f2de69763fa40b81335cdc58889907d41c80cd717","A0","быстрый","выключены (BL-14, physical_overrides=False)","20","","2.67","","","","","","","","","","да: za_granicami_sostava — мольная доля основы AL = 0.8967, а база mc_al v2.037 (ThermoGar) оптимизирована при X(AL) > 0.9","15.0","1651","да","VerifiedLoaderError: BACKEND_FAILED: ValueError: Температура 293.15 K вне диапазона DP-параметра FCC_A1: 298.15–6000.00 K.","dc1112c49774eda8"
"AlSi10Mg","Al","mc_al 2.037","databases/converted/al/mc_al_v2037_with_mobility.thermogar.tdb","f9bdf21d434fbe78b5ef3f7f2de69763fa40b81335cdc58889907d41c80cd717","A0","быстрый","выключены (BL-14, physical_overrides=False)","25","2733.451","2.67","+2.38","100.00","0.00","88.51","11.49","GP_MAT 89.12; SI_DIAMOND_A4 8.59; AL6MN 1.07; MG2SI_B 0.73; ALFESI_T4 0.48","","Поправки проекта ThermoGar к физической базе выключены пользователем: плотность посчитана строго по данным physical_data_v103.pdb. Не применены: DTCRBCC. У спл… | Плотность фаз AL6MN, ALFESI_T4, MG2SI_B, SI_DIAMOND_A4 оценена по правилу смеси; погрешность до 10 %. Суммарная мольная доля таких фаз 11.49 %. | Для упорядоченных или структурно родственных фаз использованы плотности связанных базовых моделей; такие значения являются оценочными.","нет","да: za_granicami_sostava — мольная доля основы AL = 0.8967, а база mc_al v2.037 (ThermoGar) оптимизирована при X(AL) > 0.9","14.5","1651","","","dc1112c49774eda8"
"AlSi10Mg","Al","mc_al 2.037","databases/converted/al/mc_al_v2037_with_mobility.thermogar.tdb","f9bdf21d434fbe78b5ef3f7f2de69763fa40b81335cdc58889907d41c80cd717","B","полный (автоматические фазы вкладки)","включены (умолчание)","20","","2.67","","0.00","0.00","0.00","0.00","","","Плотность хрома посчитана по поправке проекта ThermoGar, а не по данным physical_data_v103.pdb: тепловая функция DTCRBCC заменена. Это не наша оценка величины,…","нет","да: za_granicami_sostava — мольная доля основы AL = 0.8967, а база mc_al v2.037 (ThermoGar) оптимизирована при X(AL) > 0.9","19.8","2019","да","равновесие не дало ни одной фазы (решатель pycalphad при pdens 50 не сошёлся), плотности нет","13dceefb96064fd9"
"AlSi10Mg","Al","mc_al 2.037","databases/converted/al/mc_al_v2037_with_mobility.thermogar.tdb","f9bdf21d434fbe78b5ef3f7f2de69763fa40b81335cdc58889907d41c80cd717","B","полный (автоматические фазы вкладки)","включены (умолчание)","25","2733.451","2.67","+2.38","100.00","0.00","88.58","11.42","GP_MAT 89.19; SI_DIAMOND_A4 8.73; ALCRFEMNSI_A 1.34; MG2SI_B 0.73","","Плотность хрома посчитана по поправке проекта ThermoGar, а не по данным physical_data_v103.pdb: тепловая функция DTCRBCC заменена. Это не наша оценка величины,… | Плотность фаз ALCRFEMNSI_A, MG2SI_B, SI_DIAMOND_A4 оценена по правилу смеси; погрешность до 10 %. Суммарная мольная доля таких фаз 11.42 %. | Для упорядоченных или структурно родственных фаз использованы плотности связанных базовых моделей; такие значения являются оценочными.","нет","да: za_granicami_sostava — мольная доля основы AL = 0.8967, а база mc_al v2.037 (ThermoGar) оптимизирована при X(AL) > 0.9","17.4","2019","","","13dceefb96064fd9"
"AlSi10Mg","Al","mc_al 2.037","databases/converted/al/mc_al_v2037_with_mobility.thermogar.tdb","f9bdf21d434fbe78b5ef3f7f2de69763fa40b81335cdc58889907d41c80cd717","C","одна фаза FCC_A1","включены (умолчание)","20","","2.67","","","","","","","","","","да: za_granicami_sostava — мольная доля основы AL = 0.8967, а база mc_al v2.037 (ThermoGar) оптимизирована при X(AL) > 0.9","4.7","226","да","VerifiedLoaderError: BACKEND_FAILED: ValueError: Температура 293.15 K вне диапазона DP-параметра FCC_A1: 298.15–6000.00 K.","cef18e5ba6c0f5f1"
"AlSi10Mg","Al","mc_al 2.037","databases/converted/al/mc_al_v2037_with_mobility.thermogar.tdb","f9bdf21d434fbe78b5ef3f7f2de69763fa40b81335cdc58889907d41c80cd717","C","одна фаза FCC_A1","включены (умолчание)","25","2491.026","2.67","-6.70","100.00","100.00","0.00","0.00","FCC_A1 100.00","","Плотность хрома посчитана по поправке проекта ThermoGar, а не по данным physical_data_v103.pdb: тепловая функция DTCRBCC заменена. Это не наша оценка величины,…","нет","да: za_granicami_sostava — мольная доля основы AL = 0.8967, а база mc_al v2.037 (ThermoGar) оптимизирована при X(AL) > 0.9","2.7","226","","","cef18e5ba6c0f5f1"
"AlSi10Mg","Al","mc_al 2.037","databases/converted/al/mc_al_v2037_with_mobility.thermogar.tdb","f9bdf21d434fbe78b5ef3f7f2de69763fa40b81335cdc58889907d41c80cd717","D","нет (правило смеси по элементам)","включены (умолчание)","20","","2.67","","","","","","","","","","да: za_granicami_sostava — мольная доля основы AL = 0.8967, а база mc_al v2.037 (ThermoGar) оптимизирована при X(AL) > 0.9","4.0","186","да","правило смеси не дало плотности: Нет плотности элементов: AL, FE, MG, MN, SI","ec11473fded5aa82"
"AlSi10Mg","Al","mc_al 2.037","databases/converted/al/mc_al_v2037_with_mobility.thermogar.tdb","f9bdf21d434fbe78b5ef3f7f2de69763fa40b81335cdc58889907d41c80cd717","D","нет (правило смеси по элементам)","включены (умолчание)","25","2733.450","2.67","+2.38","100.00","","","","","","Плотность хрома посчитана по поправке проекта ThermoGar, а не по данным physical_data_v103.pdb: тепловая функция DTCRBCC заменена. Это не наша оценка величины,…","","да: za_granicami_sostava — мольная доля основы AL = 0.8967, а база mc_al v2.037 (ThermoGar) оптимизирована при X(AL) > 0.9","2.6","186","","","ec11473fded5aa82"
"VJ159","Ni","mc_ni 2.036","databases/converted/mc_ni_v2036_with_mobility.garcalc.tdb","1882d841a337063e0585d261c690ae7e565838234e231e21b8541a5cb0dba391","A","быстрый","включены (умолчание)","20","","8.23","","0.00","0.00","0.00","0.00","","","Плотность хрома посчитана по поправке проекта ThermoGar, а не по данным physical_data_v103.pdb: тепловая функция DTCRBCC заменена. Это не наша оценка величины,…","нет","да: za_granicami_sostava — состав вне границ оптимизации базы mc_ni v2.036 (ThermoGar garcalc): CR 27 масс.% при пределе оптимизации базы < 20 масс.%; MO 7.4 масс.% при пределе оптимизации базы < 5 масс.%","16.2","1425","да","равновесие не дало ни одной фазы (решатель pycalphad при pdens 50 не сошёлся), плотности нет","7dd94a7c205dfe57"
"VJ159","Ni","mc_ni 2.036","databases/converted/mc_ni_v2036_with_mobility.garcalc.tdb","1882d841a337063e0585d261c690ae7e565838234e231e21b8541a5cb0dba391","A","быстрый","включены (умолчание)","25","8111.248","8.23","-1.44","100.00","3.03","18.75","78.22","NI2CR 58.50; GAMMA_PRIME 17.43; ETA 15.60; G_PHASE 3.53; FCC_A1 2.85; M23C6_WY 1.27; SIGMA 0.82","","Плотность хрома посчитана по поправке проекта ThermoGar, а не по данным physical_data_v103.pdb: тепловая функция DTCRBCC заменена. Это не наша оценка величины,… | Плотность фаз ETA, G_PHASE, NI2CR, SIGMA оценена по правилу смеси; погрешность до 10 %. Суммарная мольная доля таких фаз 78.22 %. | Для упорядоченных или структурно родственных фаз использованы плотности связанных базовых моделей; такие значения являются оценочными.","да: DTCRBCC вычислена 11 раз","да: za_granicami_sostava — состав вне границ оптимизации базы mc_ni v2.036 (ThermoGar garcalc): CR 27 масс.% при пределе оптимизации базы < 20 масс.%; MO 7.4 масс.% при пределе оптимизации базы < 5 масс.%","15.3","1425","","","7dd94a7c205dfe57"
"VJ159","Ni","mc_ni 2.036","databases/converted/mc_ni_v2036_with_mobility.garcalc.tdb","1882d841a337063e0585d261c690ae7e565838234e231e21b8541a5cb0dba391","A0","быстрый","выключены (BL-14, physical_overrides=False)","20","","8.23","","0.00","0.00","0.00","0.00","","","Поправки проекта ThermoGar к физической базе выключены пользователем: плотность посчитана строго по данным physical_data_v103.pdb. Не применены: DTCRBCC. У спл…","нет","да: za_granicami_sostava — состав вне границ оптимизации базы mc_ni v2.036 (ThermoGar garcalc): CR 27 масс.% при пределе оптимизации базы < 20 масс.%; MO 7.4 масс.% при пределе оптимизации базы < 5 масс.%","16.2","1425","да","равновесие не дало ни одной фазы (решатель pycalphad при pdens 50 не сошёлся), плотности нет","83a9402aba6a78f0"
"VJ159","Ni","mc_ni 2.036","databases/converted/mc_ni_v2036_with_mobility.garcalc.tdb","1882d841a337063e0585d261c690ae7e565838234e231e21b8541a5cb0dba391","A0","быстрый","выключены (BL-14, physical_overrides=False)","25","8111.249","8.23","-1.44","100.00","3.03","18.75","78.22","NI2CR 58.50; GAMMA_PRIME 17.43; ETA 15.60; G_PHASE 3.53; FCC_A1 2.85; M23C6_WY 1.27; SIGMA 0.82","","Поправки проекта ThermoGar к физической базе выключены пользователем: плотность посчитана строго по данным physical_data_v103.pdb. Не применены: DTCRBCC. У спл… | Плотность фаз ETA, G_PHASE, NI2CR, SIGMA оценена по правилу смеси; погрешность до 10 %. Суммарная мольная доля таких фаз 78.22 %. | Для упорядоченных или структурно родственных фаз использованы плотности связанных базовых моделей; такие значения являются оценочными.","да: DTCRBCC вычислена 11 раз","да: za_granicami_sostava — состав вне границ оптимизации базы mc_ni v2.036 (ThermoGar garcalc): CR 27 масс.% при пределе оптимизации базы < 20 масс.%; MO 7.4 масс.% при пределе оптимизации базы < 5 масс.%","15.5","1425","","","83a9402aba6a78f0"
"VJ159","Ni","mc_ni 2.036","databases/converted/mc_ni_v2036_with_mobility.garcalc.tdb","1882d841a337063e0585d261c690ae7e565838234e231e21b8541a5cb0dba391","B","полный (автоматические фазы вкладки)","включены (умолчание)","20","","8.23","","","","","","","","","","да: za_granicami_sostava — состав вне границ оптимизации базы mc_ni v2.036 (ThermoGar garcalc): CR 27 масс.% при пределе оптимизации базы < 20 масс.%; MO 7.4 масс.% при пределе оптимизации базы < 5 масс.%","19.0","1692","да","VerifiedLoaderError: BACKEND_FAILED: ValueError: Температура 293.15 K вне диапазона DP-параметра FCC_A1: 298.15–6000.00 K.","bd5775605b0ee503"
"VJ159","Ni","mc_ni 2.036","databases/converted/mc_ni_v2036_with_mobility.garcalc.tdb","1882d841a337063e0585d261c690ae7e565838234e231e21b8541a5cb0dba391","B","полный (автоматические фазы вкладки)","включены (умолчание)","25","8111.243","8.23","-1.44","100.00","10.29","19.56","70.15","NI2CR 58.42; GAMMA_PRIME 18.39; BCC_A2 8.26; DELTA 8.07; G_PHASE 3.53; FCC_A1 2.06; M23C6_WY 1.27","","Плотность хрома посчитана по поправке проекта ThermoGar, а не по данным physical_data_v103.pdb: тепловая функция DTCRBCC заменена. Это не наша оценка величины,… | Плотность фаз DELTA, G_PHASE, NI2CR оценена по правилу смеси; погрешность до 10 %. Суммарная мольная доля таких фаз 70.15 %. | Для упорядоченных или структурно родственных фаз использованы плотности связанных базовых моделей; такие значения являются оценочными. | Из расчёта исключены фазы, модель которых не строится на выбранном наборе элементов: BCC_B2 (связана с BCC_A2: внедрённая подрешётка BCC_A2 на этом составе — {…","да: DTCRBCC вычислена 9 раз","да: za_granicami_sostava — состав вне границ оптимизации базы mc_ni v2.036 (ThermoGar garcalc): CR 27 масс.% при пределе оптимизации базы < 20 масс.%; MO 7.4 масс.% при пределе оптимизации базы < 5 масс.%","17.6","1692","","","bd5775605b0ee503"
"VJ159","Ni","mc_ni 2.036","databases/converted/mc_ni_v2036_with_mobility.garcalc.tdb","1882d841a337063e0585d261c690ae7e565838234e231e21b8541a5cb0dba391","C","одна фаза FCC_A1","включены (умолчание)","20","","8.23","","","","","","","","","","да: za_granicami_sostava — состав вне границ оптимизации базы mc_ni v2.036 (ThermoGar garcalc): CR 27 масс.% при пределе оптимизации базы < 20 масс.%; MO 7.4 масс.% при пределе оптимизации базы < 5 масс.%","7.7","298","да","VerifiedLoaderError: BACKEND_FAILED: ValueError: Температура 293.15 K вне диапазона DP-параметра FCC_A1: 298.15–6000.00 K.","f32c3a878f7e5313"
"VJ159","Ni","mc_ni 2.036","databases/converted/mc_ni_v2036_with_mobility.garcalc.tdb","1882d841a337063e0585d261c690ae7e565838234e231e21b8541a5cb0dba391","C","одна фаза FCC_A1","включены (умолчание)","25","8110.971","8.23","-1.45","100.00","100.00","0.00","0.00","FCC_A1 100.00","","Плотность хрома посчитана по поправке проекта ThermoGar, а не по данным physical_data_v103.pdb: тепловая функция DTCRBCC заменена. Это не наша оценка величины,…","да: DTCRBCC вычислена 5 раз","да: za_granicami_sostava — состав вне границ оптимизации базы mc_ni v2.036 (ThermoGar garcalc): CR 27 масс.% при пределе оптимизации базы < 20 масс.%; MO 7.4 масс.% при пределе оптимизации базы < 5 масс.%","4.9","298","","","f32c3a878f7e5313"
"VJ159","Ni","mc_ni 2.036","databases/converted/mc_ni_v2036_with_mobility.garcalc.tdb","1882d841a337063e0585d261c690ae7e565838234e231e21b8541a5cb0dba391","D","нет (правило смеси по элементам)","включены (умолчание)","20","","8.23","","","","","","","","","","да: za_granicami_sostava — состав вне границ оптимизации базы mc_ni v2.036 (ThermoGar garcalc): CR 27 масс.% при пределе оптимизации базы < 20 масс.%; MO 7.4 масс.% при пределе оптимизации базы < 5 масс.%","5.6","194","да","правило смеси не дало плотности: Нет плотности элементов: AL, C, CR, FE, MN, MO, NB, NI, SI","bd5653a5506787c1"
"VJ159","Ni","mc_ni 2.036","databases/converted/mc_ni_v2036_with_mobility.garcalc.tdb","1882d841a337063e0585d261c690ae7e565838234e231e21b8541a5cb0dba391","D","нет (правило смеси по элементам)","включены (умолчание)","25","8111.067","8.23","-1.45","100.00","","","","","","Объём углерода — по алмазной модели базы (DP(DIAMOND_A4,C)); для графита это завышение плотности. | Плотность хрома посчитана по поправке проекта ThermoGar, а не по данным physical_data_v103.pdb: тепловая функция DTCRBCC заменена. Это не наша оценка величины,…","","да: za_granicami_sostava — состав вне границ оптимизации базы mc_ni v2.036 (ThermoGar garcalc): CR 27 масс.% при пределе оптимизации базы < 20 масс.%; MO 7.4 масс.% при пределе оптимизации базы < 5 масс.%","4.1","194","","","bd5653a5506787c1"
"IN718","Ni","mc_ni 2.036","databases/converted/mc_ni_v2036_with_mobility.garcalc.tdb","1882d841a337063e0585d261c690ae7e565838234e231e21b8541a5cb0dba391","A","быстрый","включены (умолчание)","20","","8.19","","","","","","","","","","нет","33.9","2070","да","VerifiedLoaderError: BACKEND_FAILED: ValueError: Температура 293.15 K вне диапазона DP-параметра FCC_A1: 298.15–6000.00 K.","68258cf1d6d4dc64"
"IN718","Ni","mc_ni 2.036","databases/converted/mc_ni_v2036_with_mobility.garcalc.tdb","1882d841a337063e0585d261c690ae7e565838234e231e21b8541a5cb0dba391","A","быстрый","включены (умолчание)","25","8235.582","8.19","+0.56","100.00","43.83","39.77","16.40","FCC_A1 41.75; GAMMA_PRIME 36.29; DELTA 16.26; LAVES 3.63; SIGMA 1.21; M23C6_WY 0.86","","Плотность хрома посчитана по поправке проекта ThermoGar, а не по данным physical_data_v103.pdb: тепловая функция DTCRBCC заменена. Это не наша оценка величины,… | Плотность фаз DELTA, SIGMA оценена по правилу смеси; погрешность до 10 %. Суммарная мольная доля таких фаз 16.40 %. | Для упорядоченных или структурно родственных фаз использованы плотности связанных базовых моделей; такие значения являются оценочными.","да: DTCRBCC вычислена 9 раз","нет","33.9","2070","","","68258cf1d6d4dc64"
"IN718","Ni","mc_ni 2.036","databases/converted/mc_ni_v2036_with_mobility.garcalc.tdb","1882d841a337063e0585d261c690ae7e565838234e231e21b8541a5cb0dba391","A0","быстрый","выключены (BL-14, physical_overrides=False)","20","","8.19","","","","","","","","","","нет","33.4","2068","да","VerifiedLoaderError: BACKEND_FAILED: ValueError: Температура 293.15 K вне диапазона DP-параметра FCC_A1: 298.15–6000.00 K.","2236aca345e8f0b1"
"IN718","Ni","mc_ni 2.036","databases/converted/mc_ni_v2036_with_mobility.garcalc.tdb","1882d841a337063e0585d261c690ae7e565838234e231e21b8541a5cb0dba391","A0","быстрый","выключены (BL-14, physical_overrides=False)","25","8235.583","8.19","+0.56","100.00","43.83","39.77","16.40","FCC_A1 41.75; GAMMA_PRIME 36.29; DELTA 16.26; LAVES 3.63; SIGMA 1.21; M23C6_WY 0.86","","Поправки проекта ThermoGar к физической базе выключены пользователем: плотность посчитана строго по данным physical_data_v103.pdb. Не применены: DTCRBCC. У спл… | Плотность фаз DELTA, SIGMA оценена по правилу смеси; погрешность до 10 %. Суммарная мольная доля таких фаз 16.40 %. | Для упорядоченных или структурно родственных фаз использованы плотности связанных базовых моделей; такие значения являются оценочными.","да: DTCRBCC вычислена 9 раз","нет","33.7","2068","","","2236aca345e8f0b1"
"IN718","Ni","mc_ni 2.036","databases/converted/mc_ni_v2036_with_mobility.garcalc.tdb","1882d841a337063e0585d261c690ae7e565838234e231e21b8541a5cb0dba391","B","полный (автоматические фазы вкладки)","включены (умолчание)","20","","8.19","","","","","","","","","","нет","37.7","2456","да","VerifiedLoaderError: BACKEND_FAILED: ValueError: Температура 293.15 K вне диапазона DP-параметра FCC_A1: 298.15–6000.00 K.","cae4b8cf5115b579"
"IN718","Ni","mc_ni 2.036","databases/converted/mc_ni_v2036_with_mobility.garcalc.tdb","1882d841a337063e0585d261c690ae7e565838234e231e21b8541a5cb0dba391","B","полный (автоматические фазы вкладки)","включены (умолчание)","25","8241.104","8.19","+0.62","100.00","70.30","14.31","15.40","FCC_A1 47.89; BCC_A2 20.63; DELTA 16.46; GAMMA_PRIME 10.59; LAVES 3.57; M23C6_WY 0.86","","Плотность хрома посчитана по поправке проекта ThermoGar, а не по данным physical_data_v103.pdb: тепловая функция DTCRBCC заменена. Это не наша оценка величины,… | Плотность фаз DELTA оценена по правилу смеси; погрешность до 10 %. Суммарная мольная доля таких фаз 15.40 %. | Для упорядоченных или структурно родственных фаз использованы плотности связанных базовых моделей; такие значения являются оценочными. | Из расчёта исключены фазы, модель которых не строится на выбранном наборе элементов: BCC_B2 (связана с BCC_A2: внедрённая подрешётка BCC_A2 на этом составе — {…","да: DTCRBCC вычислена 8 раз","нет","36.6","2456","","","cae4b8cf5115b579"
"IN718","Ni","mc_ni 2.036","databases/converted/mc_ni_v2036_with_mobility.garcalc.tdb","1882d841a337063e0585d261c690ae7e565838234e231e21b8541a5cb0dba391","C","одна фаза FCC_A1","включены (умолчание)","20","","8.19","","","","","","","","","","нет","10.0","384","да","VerifiedLoaderError: BACKEND_FAILED: ValueError: Температура 293.15 K вне диапазона DP-параметра FCC_A1: 298.15–6000.00 K.","2e1a69714dc52f75"
"IN718","Ni","mc_ni 2.036","databases/converted/mc_ni_v2036_with_mobility.garcalc.tdb","1882d841a337063e0585d261c690ae7e565838234e231e21b8541a5cb0dba391","C","одна фаза FCC_A1","включены (умолчание)","25","8228.905","8.19","+0.48","100.00","100.00","0.00","0.00","FCC_A1 100.00","","Плотность хрома посчитана по поправке проекта ThermoGar, а не по данным physical_data_v103.pdb: тепловая функция DTCRBCC заменена. Это не наша оценка величины,…","да: DTCRBCC вычислена 6 раз","нет","5.7","384","","","2e1a69714dc52f75"
"IN718","Ni","mc_ni 2.036","databases/converted/mc_ni_v2036_with_mobility.garcalc.tdb","1882d841a337063e0585d261c690ae7e565838234e231e21b8541a5cb0dba391","D","нет (правило смеси по элементам)","включены (умолчание)","20","","8.19","","","","","","","","","","нет","5.4","194","да","правило смеси не дало плотности: Нет плотности элементов: AL, C, CO, CR, CU, FE, MN, MO, NB, NI, SI, TI","2184c547de12c97c"
"IN718","Ni","mc_ni 2.036","databases/converted/mc_ni_v2036_with_mobility.garcalc.tdb","1882d841a337063e0585d261c690ae7e565838234e231e21b8541a5cb0dba391","D","нет (правило смеси по элементам)","включены (умолчание)","25","8227.365","8.19","+0.46","100.00","","","","","","Объём углерода — по алмазной модели базы (DP(DIAMOND_A4,C)); для графита это завышение плотности. | Плотность хрома посчитана по поправке проекта ThermoGar, а не по данным physical_data_v103.pdb: тепловая функция DTCRBCC заменена. Это не наша оценка величины,…","","нет","4.0","194","","","2184c547de12c97c"
"17-4 PH","Fe","mc_fe 2.062 thermogar_patch (слитый)","databases/converted/fe/mc_fe_v2062_with_mobility.thermogar.tdb","236ec4d9b0540de04e4e6305faa208672f31fbdf45b2ae84e92f80bd98053612","A","быстрый","включены (умолчание)","20","","7.75","","","","","","","","","","да: za_granicami_sostava — состав вне границ оптимизации базы mc_fe v2.059: CU 4 масс.% при пределе оптимизации базы < 1 масс.%","15.8","1311","да","VerifiedLoaderError: BACKEND_FAILED: ValueError: Температура 293.15 K вне диапазона DP-параметра FCC_A1: 298.15–6000.00 K.","0a9132dc373d25c5"
"17-4 PH","Fe","mc_fe 2.062 thermogar_patch (слитый)","databases/converted/fe/mc_fe_v2062_with_mobility.thermogar.tdb","236ec4d9b0540de04e4e6305faa208672f31fbdf45b2ae84e92f80bd98053612","A","быстрый","включены (умолчание)","25","7768.434","7.75","+0.24","100.00","3.48","91.42","5.10","BCC_B2 88.46; G_PHASE 4.31; FCC_A1 3.48; GAMMA_PRIME 2.83; BCC_DISL 0.92","","Плотность хрома посчитана по поправке проекта ThermoGar, а не по данным physical_data_v103.pdb: тепловая функция DTCRBCC заменена. Это не наша оценка величины,… | Плотность фаз BCC_DISL, G_PHASE оценена по правилу смеси; погрешность до 10 %. Суммарная мольная доля таких фаз 5.10 %. | Объём углерода — по алмазной модели базы (DP(DIAMOND_A4,C)); для графита это завышение плотности. | Для упорядоченных или структурно родственных фаз использованы плотности связанных базовых моделей; такие значения являются оценочными.","да: DTCRBCC вычислена 10 раз","да: za_granicami_sostava — состав вне границ оптимизации базы mc_fe v2.059: CU 4 масс.% при пределе оптимизации базы < 1 масс.%","15.5","1311","","","0a9132dc373d25c5"
"17-4 PH","Fe","mc_fe 2.062 thermogar_patch (слитый)","databases/converted/fe/mc_fe_v2062_with_mobility.thermogar.tdb","236ec4d9b0540de04e4e6305faa208672f31fbdf45b2ae84e92f80bd98053612","A0","быстрый","выключены (BL-14, physical_overrides=False)","20","","7.75","","","","","","","","","","да: za_granicami_sostava — состав вне границ оптимизации базы mc_fe v2.059: CU 4 масс.% при пределе оптимизации базы < 1 масс.%","16.0","1304","да","VerifiedLoaderError: BACKEND_FAILED: ValueError: Температура 293.15 K вне диапазона DP-параметра FCC_A1: 298.15–6000.00 K.","fa87faad8c8a2628"
"17-4 PH","Fe","mc_fe 2.062 thermogar_patch (слитый)","databases/converted/fe/mc_fe_v2062_with_mobility.thermogar.tdb","236ec4d9b0540de04e4e6305faa208672f31fbdf45b2ae84e92f80bd98053612","A0","быстрый","выключены (BL-14, physical_overrides=False)","25","7768.434","7.75","+0.24","100.00","3.48","91.42","5.10","BCC_B2 88.46; G_PHASE 4.31; FCC_A1 3.48; GAMMA_PRIME 2.83; BCC_DISL 0.92","","Поправки проекта ThermoGar к физической базе выключены пользователем: плотность посчитана строго по данным physical_data_v103.pdb. Не применены: DTCRBCC. У спл… | Плотность фаз BCC_DISL, G_PHASE оценена по правилу смеси; погрешность до 10 %. Суммарная мольная доля таких фаз 5.10 %. | Объём углерода — по алмазной модели базы (DP(DIAMOND_A4,C)); для графита это завышение плотности. | Для упорядоченных или структурно родственных фаз использованы плотности связанных базовых моделей; такие значения являются оценочными.","да: DTCRBCC вычислена 10 раз","да: za_granicami_sostava — состав вне границ оптимизации базы mc_fe v2.059: CU 4 масс.% при пределе оптимизации базы < 1 масс.%","16.1","1304","","","fa87faad8c8a2628"
"17-4 PH","Fe","mc_fe 2.062 thermogar_patch (слитый)","databases/converted/fe/mc_fe_v2062_with_mobility.thermogar.tdb","236ec4d9b0540de04e4e6305faa208672f31fbdf45b2ae84e92f80bd98053612","B","полный (автоматические фазы вкладки)","включены (умолчание)","20","","7.75","","","","","","","","","","да: za_granicami_sostava — состав вне границ оптимизации базы mc_fe v2.059: CU 4 масс.% при пределе оптимизации базы < 1 масс.%","20.1","1837","да","VerifiedLoaderError: BACKEND_FAILED: ValueError: Температура 293.15 K вне диапазона DP-параметра FCC_A1: 298.15–6000.00 K.","35264cd521cc3e10"
"17-4 PH","Fe","mc_fe 2.062 thermogar_patch (слитый)","databases/converted/fe/mc_fe_v2062_with_mobility.thermogar.tdb","236ec4d9b0540de04e4e6305faa208672f31fbdf45b2ae84e92f80bd98053612","B","полный (автоматические фазы вкладки)","включены (умолчание)","25","7951.772","7.75","+2.60","100.00","3.48","20.12","76.39","H_BCC 70.35; BCC_B2 17.82; G_PHASE 4.42; FCC_A1 3.56; GAMMA_PRIME 2.90; BCC_DISL 0.94","","Плотность хрома посчитана по поправке проекта ThermoGar, а не по данным physical_data_v103.pdb: тепловая функция DTCRBCC заменена. Это не наша оценка величины,… | Плотность фаз BCC_DISL, G_PHASE, H_BCC оценена по правилу смеси; погрешность до 10 %. Суммарная мольная доля таких фаз 76.39 %. | Объём углерода — по алмазной модели базы (DP(DIAMOND_A4,C)); для графита это завышение плотности. | Для упорядоченных или структурно родственных фаз использованы плотности связанных базовых моделей; такие значения являются оценочными.","да: DTCRBCC вычислена 9 раз","да: za_granicami_sostava — состав вне границ оптимизации базы mc_fe v2.059: CU 4 масс.% при пределе оптимизации базы < 1 масс.%","18.2","1837","","","35264cd521cc3e10"
"17-4 PH","Fe","mc_fe 2.062 thermogar_patch (слитый)","databases/converted/fe/mc_fe_v2062_with_mobility.thermogar.tdb","236ec4d9b0540de04e4e6305faa208672f31fbdf45b2ae84e92f80bd98053612","C","одна фаза BCC_A2 (мартенсит приближён ферритом BCC_A2)","включены (умолчание)","20","","7.75","","","","","","","","","","да: za_granicami_sostava — состав вне границ оптимизации базы mc_fe v2.059: CU 4 масс.% при пределе оптимизации базы < 1 масс.%","8.1","279","да","VerifiedLoaderError: BACKEND_FAILED: ValueError: Температура 293.15 K вне диапазона DP-параметра BCC_A2: 298.15–6000.00 K.","3d683bcb444c658d"
"17-4 PH","Fe","mc_fe 2.062 thermogar_patch (слитый)","databases/converted/fe/mc_fe_v2062_with_mobility.thermogar.tdb","236ec4d9b0540de04e4e6305faa208672f31fbdf45b2ae84e92f80bd98053612","C","одна фаза BCC_A2 (мартенсит приближён ферритом BCC_A2)","включены (умолчание)","25","7752.549","7.75","+0.03","100.00","100.00","0.00","0.00","BCC_A2 100.00","","Плотность хрома посчитана по поправке проекта ThermoGar, а не по данным physical_data_v103.pdb: тепловая функция DTCRBCC заменена. Это не наша оценка величины,…","да: DTCRBCC вычислена 3 раз","да: za_granicami_sostava — состав вне границ оптимизации базы mc_fe v2.059: CU 4 масс.% при пределе оптимизации базы < 1 масс.%","5.6","279","","","3d683bcb444c658d"
"17-4 PH","Fe","mc_fe 2.062 thermogar_patch (слитый)","databases/converted/fe/mc_fe_v2062_with_mobility.thermogar.tdb","236ec4d9b0540de04e4e6305faa208672f31fbdf45b2ae84e92f80bd98053612","D","нет (правило смеси по элементам)","включены (умолчание)","20","","7.75","","","","","","","","","","да: za_granicami_sostava — состав вне границ оптимизации базы mc_fe v2.059: CU 4 масс.% при пределе оптимизации базы < 1 масс.%","6.4","200","да","правило смеси не дало плотности: Нет плотности элементов: C, CR, CU, FE, MN, NB, NI, SI","76640684cd7f4489"
"17-4 PH","Fe","mc_fe 2.062 thermogar_patch (слитый)","databases/converted/fe/mc_fe_v2062_with_mobility.thermogar.tdb","236ec4d9b0540de04e4e6305faa208672f31fbdf45b2ae84e92f80bd98053612","D","нет (правило смеси по элементам)","включены (умолчание)","25","7951.818","7.75","+2.60","100.00","","","","","","Объём углерода — по алмазной модели базы (DP(DIAMOND_A4,C)); для графита это завышение плотности. | Плотность хрома посчитана по поправке проекта ThermoGar, а не по данным physical_data_v103.pdb: тепловая функция DTCRBCC заменена. Это не наша оценка величины,…","","да: za_granicami_sostava — состав вне границ оптимизации базы mc_fe v2.059: CU 4 масс.% при пределе оптимизации базы < 1 масс.%","5.0","200","","","76640684cd7f4489"
"18Ni300","Fe","mc_fe 2.062 thermogar_patch (слитый)","databases/converted/fe/mc_fe_v2062_with_mobility.thermogar.tdb","236ec4d9b0540de04e4e6305faa208672f31fbdf45b2ae84e92f80bd98053612","A","быстрый","включены (умолчание)","20","","8.1","","","","","","","","","","да: za_granicami_sostava — состав вне границ оптимизации базы mc_fe v2.059: CO 9 масс.% при пределе оптимизации базы < 3 масс.%; TI 0.65 масс.% при пределе оптимизации базы < 0.5 масс.%","19.0","1624","да","VerifiedLoaderError: BACKEND_FAILED: ValueError: Температура 293.15 K вне диапазона DP-параметра BCC_A2: 298.15–6000.00 K.","5998b088b6632b89"
"18Ni300","Fe","mc_fe 2.062 thermogar_patch (слитый)","databases/converted/fe/mc_fe_v2062_with_mobility.thermogar.tdb","236ec4d9b0540de04e4e6305faa208672f31fbdf45b2ae84e92f80bd98053612","A","быстрый","включены (умолчание)","25","","8.1","","94.90","0.00","91.93","3.82","BCC_B2 — (мол. 66.49); GAMMA_PRIME — (мол. 25.44); LAVES_PHASE — (мол. 4.26); MU_PHASE — (мол. 3.37); BCC_DISL — (мол. 0.45)","LAVES_PHASE","Плотность хрома посчитана по поправке проекта ThermoGar, а не по данным physical_data_v103.pdb: тепловая функция DTCRBCC заменена. Это не наша оценка величины,… | Плотность фаз BCC_DISL, MU_PHASE оценена по правилу смеси; погрешность до 10 %. Суммарная мольная доля таких фаз 3.82 %. | Объём углерода — по алмазной модели базы (DP(DIAMOND_A4,C)); для графита это завышение плотности. | Для части равновесных фаз нет физической модели; общая плотность сплава и полные объёмные доли не выводятся. | Для упорядоченных или структурно родственных фаз использованы плотности связанных базовых моделей; такие значения являются оценочными. | Колонка «объёмная доля среди покрытых» нормирована только по фазам с доступной плотностью и не является полной объёмной долей сплава.","нет","да: za_granicami_sostava — состав вне границ оптимизации базы mc_fe v2.059: CO 9 масс.% при пределе оптимизации базы < 3 масс.%; TI 0.65 масс.% при пределе оптимизации базы < 0.5 масс.%","18.5","1624","да","плотность сплава не рассчитана: покрытие PDB < 100 %, без модели: LAVES_PHASE","5998b088b6632b89"
"18Ni300","Fe","mc_fe 2.062 thermogar_patch (слитый)","databases/converted/fe/mc_fe_v2062_with_mobility.thermogar.tdb","236ec4d9b0540de04e4e6305faa208672f31fbdf45b2ae84e92f80bd98053612","A0","быстрый","выключены (BL-14, physical_overrides=False)","20","","8.1","","","","","","","","","","да: za_granicami_sostava — состав вне границ оптимизации базы mc_fe v2.059: CO 9 масс.% при пределе оптимизации базы < 3 масс.%; TI 0.65 масс.% при пределе оптимизации базы < 0.5 масс.%","18.6","1624","да","VerifiedLoaderError: BACKEND_FAILED: ValueError: Температура 293.15 K вне диапазона DP-параметра BCC_A2: 298.15–6000.00 K.","06f5741940dc8b86"
"18Ni300","Fe","mc_fe 2.062 thermogar_patch (слитый)","databases/converted/fe/mc_fe_v2062_with_mobility.thermogar.tdb","236ec4d9b0540de04e4e6305faa208672f31fbdf45b2ae84e92f80bd98053612","A0","быстрый","выключены (BL-14, physical_overrides=False)","25","","8.1","","94.90","0.00","91.93","3.82","BCC_B2 — (мол. 66.49); GAMMA_PRIME — (мол. 25.44); LAVES_PHASE — (мол. 4.26); MU_PHASE — (мол. 3.37); BCC_DISL — (мол. 0.45)","LAVES_PHASE","Поправки проекта ThermoGar к физической базе выключены пользователем: плотность посчитана строго по данным physical_data_v103.pdb. Не применены: DTCRBCC. У спл… | Плотность фаз BCC_DISL, MU_PHASE оценена по правилу смеси; погрешность до 10 %. Суммарная мольная доля таких фаз 3.82 %. | Объём углерода — по алмазной модели базы (DP(DIAMOND_A4,C)); для графита это завышение плотности. | Для части равновесных фаз нет физической модели; общая плотность сплава и полные объёмные доли не выводятся. | Для упорядоченных или структурно родственных фаз использованы плотности связанных базовых моделей; такие значения являются оценочными. | Колонка «объёмная доля среди покрытых» нормирована только по фазам с доступной плотностью и не является полной объёмной долей сплава.","нет","да: za_granicami_sostava — состав вне границ оптимизации базы mc_fe v2.059: CO 9 масс.% при пределе оптимизации базы < 3 масс.%; TI 0.65 масс.% при пределе оптимизации базы < 0.5 масс.%","18.5","1624","да","плотность сплава не рассчитана: покрытие PDB < 100 %, без модели: LAVES_PHASE","06f5741940dc8b86"
"18Ni300","Fe","mc_fe 2.062 thermogar_patch (слитый)","databases/converted/fe/mc_fe_v2062_with_mobility.thermogar.tdb","236ec4d9b0540de04e4e6305faa208672f31fbdf45b2ae84e92f80bd98053612","B","полный (автоматические фазы вкладки)","включены (умолчание)","20","","8.1","","","","","","","","","","да: za_granicami_sostava — состав вне границ оптимизации базы mc_fe v2.059: CO 9 масс.% при пределе оптимизации базы < 3 масс.%; TI 0.65 масс.% при пределе оптимизации базы < 0.5 масс.%","23.0","2196","да","VerifiedLoaderError: BACKEND_FAILED: ValueError: Температура 293.15 K вне диапазона DP-параметра BCC_A2: 298.15–6000.00 K.","22f069cb5f6665b6"
"18Ni300","Fe","mc_fe 2.062 thermogar_patch (слитый)","databases/converted/fe/mc_fe_v2062_with_mobility.thermogar.tdb","236ec4d9b0540de04e4e6305faa208672f31fbdf45b2ae84e92f80bd98053612","B","полный (автоматические фазы вкладки)","включены (умолчание)","25","","8.1","","94.90","0.00","91.93","3.82","BCC_B2 — (мол. 66.49); GAMMA_PRIME — (мол. 25.44); LAVES_PHASE — (мол. 4.26); MU_PHASE — (мол. 3.37); BCC_DISL — (мол. 0.45)","LAVES_PHASE","Плотность хрома посчитана по поправке проекта ThermoGar, а не по данным physical_data_v103.pdb: тепловая функция DTCRBCC заменена. Это не наша оценка величины,… | Плотность фаз BCC_DISL, MU_PHASE оценена по правилу смеси; погрешность до 10 %. Суммарная мольная доля таких фаз 3.82 %. | Объём углерода — по алмазной модели базы (DP(DIAMOND_A4,C)); для графита это завышение плотности. | Для части равновесных фаз нет физической модели; общая плотность сплава и полные объёмные доли не выводятся. | Для упорядоченных или структурно родственных фаз использованы плотности связанных базовых моделей; такие значения являются оценочными. | Колонка «объёмная доля среди покрытых» нормирована только по фазам с доступной плотностью и не является полной объёмной долей сплава.","нет","да: za_granicami_sostava — состав вне границ оптимизации базы mc_fe v2.059: CO 9 масс.% при пределе оптимизации базы < 3 масс.%; TI 0.65 масс.% при пределе оптимизации базы < 0.5 масс.%","21.4","2196","да","плотность сплава не рассчитана: покрытие PDB < 100 %, без модели: LAVES_PHASE","22f069cb5f6665b6"
"18Ni300","Fe","mc_fe 2.062 thermogar_patch (слитый)","databases/converted/fe/mc_fe_v2062_with_mobility.thermogar.tdb","236ec4d9b0540de04e4e6305faa208672f31fbdf45b2ae84e92f80bd98053612","C","одна фаза BCC_A2 (мартенсит приближён ферритом BCC_A2)","включены (умолчание)","20","","8.1","","","","","","","","","","да: za_granicami_sostava — состав вне границ оптимизации базы mc_fe v2.059: CO 9 масс.% при пределе оптимизации базы < 3 масс.%; TI 0.65 масс.% при пределе оптимизации базы < 0.5 масс.%","8.4","292","да","VerifiedLoaderError: BACKEND_FAILED: ValueError: Температура 293.15 K вне диапазона DP-параметра BCC_A2: 298.15–6000.00 K.","9bf402dd87058cdc"
"18Ni300","Fe","mc_fe 2.062 thermogar_patch (слитый)","databases/converted/fe/mc_fe_v2062_with_mobility.thermogar.tdb","236ec4d9b0540de04e4e6305faa208672f31fbdf45b2ae84e92f80bd98053612","C","одна фаза BCC_A2 (мартенсит приближён ферритом BCC_A2)","включены (умолчание)","25","8194.429","8.1","+1.17","100.00","100.00","0.00","0.00","BCC_A2 100.00","","Плотность хрома посчитана по поправке проекта ThermoGar, а не по данным physical_data_v103.pdb: тепловая функция DTCRBCC заменена. Это не наша оценка величины,…","нет","да: za_granicami_sostava — состав вне границ оптимизации базы mc_fe v2.059: CO 9 масс.% при пределе оптимизации базы < 3 масс.%; TI 0.65 масс.% при пределе оптимизации базы < 0.5 масс.%","5.7","292","","","9bf402dd87058cdc"
"18Ni300","Fe","mc_fe 2.062 thermogar_patch (слитый)","databases/converted/fe/mc_fe_v2062_with_mobility.thermogar.tdb","236ec4d9b0540de04e4e6305faa208672f31fbdf45b2ae84e92f80bd98053612","D","нет (правило смеси по элементам)","включены (умолчание)","20","","8.1","","","","","","","","","","да: za_granicami_sostava — состав вне границ оптимизации базы mc_fe v2.059: CO 9 масс.% при пределе оптимизации базы < 3 масс.%; TI 0.65 масс.% при пределе оптимизации базы < 0.5 масс.%","6.3","200","да","правило смеси не дало плотности: Нет плотности элементов: AL, C, CO, FE, MN, MO, NI, SI, TI","bd9ee306d3f308af"
"18Ni300","Fe","mc_fe 2.062 thermogar_patch (слитый)","databases/converted/fe/mc_fe_v2062_with_mobility.thermogar.tdb","236ec4d9b0540de04e4e6305faa208672f31fbdf45b2ae84e92f80bd98053612","D","нет (правило смеси по элементам)","включены (умолчание)","25","8395.410","8.1","+3.65","100.00","","","","","","Объём углерода — по алмазной модели базы (DP(DIAMOND_A4,C)); для графита это завышение плотности. | Плотность хрома посчитана по поправке проекта ThermoGar, а не по данным physical_data_v103.pdb: тепловая функция DTCRBCC заменена. Это не наша оценка величины,…","","да: za_granicami_sostava — состав вне границ оптимизации базы mc_fe v2.059: CO 9 масс.% при пределе оптимизации базы < 3 масс.%; TI 0.65 масс.% при пределе оптимизации базы < 0.5 масс.%","4.8","200","","","bd9ee306d3f308af"
"316L","Fe","mc_fe 2.062 thermogar_patch (слитый)","databases/converted/fe/mc_fe_v2062_with_mobility.thermogar.tdb","236ec4d9b0540de04e4e6305faa208672f31fbdf45b2ae84e92f80bd98053612","A","быстрый","включены (умолчание)","20","","7.9","","","","","","","","","","нет","11.9","1141","да","VerifiedLoaderError: BACKEND_FAILED: ValueError: Температура 293.15 K вне диапазона DP-параметра BCC_A2: 298.15–6000.00 K.","847bcae5d13eb116"
"316L","Fe","mc_fe 2.062 thermogar_patch (слитый)","databases/converted/fe/mc_fe_v2062_with_mobility.thermogar.tdb","236ec4d9b0540de04e4e6305faa208672f31fbdf45b2ae84e92f80bd98053612","A","быстрый","включены (умолчание)","25","","7.9","","99.50","0.75","92.91","5.77","BCC_B2 — (мол. 74.07); GAMMA_PRIME — (мол. 18.84); SIGMA — (мол. 5.77); FCC_A1 — (мол. 0.75); BCC_DISL — (мол. 0.57)","BCC_DISL","Плотность хрома посчитана по поправке проекта ThermoGar, а не по данным physical_data_v103.pdb: тепловая функция DTCRBCC заменена. Это не наша оценка величины,… | Плотность фаз SIGMA оценена по правилу смеси; погрешность до 10 %. Суммарная мольная доля таких фаз 5.77 %. | Для части равновесных фаз нет физической модели; общая плотность сплава и полные объёмные доли не выводятся. | Объём фазы BCC_DISL не оценён: в физической базе нет плотности элемента N. | Для упорядоченных или структурно родственных фаз использованы плотности связанных базовых моделей; такие значения являются оценочными. | Колонка «объёмная доля среди покрытых» нормирована только по фазам с доступной плотностью и не является полной объёмной долей сплава.","да: DTCRBCC вычислена 8 раз","нет","11.9","1141","да","плотность сплава не рассчитана: покрытие PDB < 100 %, без модели: BCC_DISL","847bcae5d13eb116"
"316L","Fe","mc_fe 2.062 thermogar_patch (слитый)","databases/converted/fe/mc_fe_v2062_with_mobility.thermogar.tdb","236ec4d9b0540de04e4e6305faa208672f31fbdf45b2ae84e92f80bd98053612","A0","быстрый","выключены (BL-14, physical_overrides=False)","20","","7.9","","","","","","","","","","нет","11.9","1140","да","VerifiedLoaderError: BACKEND_FAILED: ValueError: Температура 293.15 K вне диапазона DP-параметра BCC_A2: 298.15–6000.00 K.","70a1330a8ffc423e"
"316L","Fe","mc_fe 2.062 thermogar_patch (слитый)","databases/converted/fe/mc_fe_v2062_with_mobility.thermogar.tdb","236ec4d9b0540de04e4e6305faa208672f31fbdf45b2ae84e92f80bd98053612","A0","быстрый","выключены (BL-14, physical_overrides=False)","25","","7.9","","99.50","0.75","92.91","5.77","BCC_B2 — (мол. 74.07); GAMMA_PRIME — (мол. 18.84); SIGMA — (мол. 5.77); FCC_A1 — (мол. 0.75); BCC_DISL — (мол. 0.57)","BCC_DISL","Поправки проекта ThermoGar к физической базе выключены пользователем: плотность посчитана строго по данным physical_data_v103.pdb. Не применены: DTCRBCC. У спл… | Плотность фаз SIGMA оценена по правилу смеси; погрешность до 10 %. Суммарная мольная доля таких фаз 5.77 %. | Для части равновесных фаз нет физической модели; общая плотность сплава и полные объёмные доли не выводятся. | Объём фазы BCC_DISL не оценён: в физической базе нет плотности элемента N. | Для упорядоченных или структурно родственных фаз использованы плотности связанных базовых моделей; такие значения являются оценочными. | Колонка «объёмная доля среди покрытых» нормирована только по фазам с доступной плотностью и не является полной объёмной долей сплава.","да: DTCRBCC вычислена 8 раз","нет","11.5","1140","да","плотность сплава не рассчитана: покрытие PDB < 100 %, без модели: BCC_DISL","70a1330a8ffc423e"
"316L","Fe","mc_fe 2.062 thermogar_patch (слитый)","databases/converted/fe/mc_fe_v2062_with_mobility.thermogar.tdb","236ec4d9b0540de04e4e6305faa208672f31fbdf45b2ae84e92f80bd98053612","B","полный (автоматические фазы вкладки)","включены (умолчание)","20","","7.9","","","","","","","","","","нет","14.4","1379","да","VerifiedLoaderError: BACKEND_FAILED: ValueError: Температура 293.15 K вне диапазона DP-параметра BCC_A2: 298.15–6000.00 K.","0da1fa030deb9728"
"316L","Fe","mc_fe 2.062 thermogar_patch (слитый)","databases/converted/fe/mc_fe_v2062_with_mobility.thermogar.tdb","236ec4d9b0540de04e4e6305faa208672f31fbdf45b2ae84e92f80bd98053612","B","полный (автоматические фазы вкладки)","включены (умолчание)","25","","7.9","","99.50","0.75","37.01","61.66","H_BCC — (мол. 55.90); GAMMA_PRIME — (мол. 18.85); BCC_B2 — (мол. 18.17); SIGMA — (мол. 5.77); FCC_A1 — (мол. 0.75); BCC_DISL — (мол. 0.57)","BCC_DISL","Плотность хрома посчитана по поправке проекта ThermoGar, а не по данным physical_data_v103.pdb: тепловая функция DTCRBCC заменена. Это не наша оценка величины,… | Плотность фаз H_BCC, SIGMA оценена по правилу смеси; погрешность до 10 %. Суммарная мольная доля таких фаз 61.66 %. | Для части равновесных фаз нет физической модели; общая плотность сплава и полные объёмные доли не выводятся. | Объём фазы BCC_DISL не оценён: в физической базе нет плотности элемента N. | Для упорядоченных или структурно родственных фаз использованы плотности связанных базовых моделей; такие значения являются оценочными. | Колонка «объёмная доля среди покрытых» нормирована только по фазам с доступной плотностью и не является полной объёмной долей сплава.","да: DTCRBCC вычислена 7 раз","нет","12.7","1379","да","плотность сплава не рассчитана: покрытие PDB < 100 %, без модели: BCC_DISL","0da1fa030deb9728"
"316L","Fe","mc_fe 2.062 thermogar_patch (слитый)","databases/converted/fe/mc_fe_v2062_with_mobility.thermogar.tdb","236ec4d9b0540de04e4e6305faa208672f31fbdf45b2ae84e92f80bd98053612","C","одна фаза FCC_A1","включены (умолчание)","20","","7.9","","","","","","","","","","нет","7.2","245","да","VerifiedLoaderError: BACKEND_FAILED: ValueError: Температура 293.15 K вне диапазона DP-параметра FCC_A1: 298.15–6000.00 K.","416723a62359b964"
"316L","Fe","mc_fe 2.062 thermogar_patch (слитый)","databases/converted/fe/mc_fe_v2062_with_mobility.thermogar.tdb","236ec4d9b0540de04e4e6305faa208672f31fbdf45b2ae84e92f80bd98053612","C","одна фаза FCC_A1","включены (умолчание)","25","8047.552","7.9","+1.87","100.00","100.00","0.00","0.00","FCC_A1 100.00","","Плотность хрома посчитана по поправке проекта ThermoGar, а не по данным physical_data_v103.pdb: тепловая функция DTCRBCC заменена. Это не наша оценка величины,…","да: DTCRBCC вычислена 5 раз","нет","5.4","245","","","416723a62359b964"
"316L","Fe","mc_fe 2.062 thermogar_patch (слитый)","databases/converted/fe/mc_fe_v2062_with_mobility.thermogar.tdb","236ec4d9b0540de04e4e6305faa208672f31fbdf45b2ae84e92f80bd98053612","D","нет (правило смеси по элементам)","включены (умолчание)","20","","7.9","","","","","","","","","","нет","6.4","199","да","правило смеси не дало плотности: Нет плотности элементов: C, CR, FE, MO, N, NI","60b400d7e8948e08"
"316L","Fe","mc_fe 2.062 thermogar_patch (слитый)","databases/converted/fe/mc_fe_v2062_with_mobility.thermogar.tdb","236ec4d9b0540de04e4e6305faa208672f31fbdf45b2ae84e92f80bd98053612","D","нет (правило смеси по элементам)","включены (умолчание)","25","","7.9","","","","","","","","","","нет","4.9","199","да","правило смеси не дало плотности: Нет плотности элементов: N; Объём углерода — по алмазной модели базы (DP(DIAMOND_A4,C)); для графита это завышение плотности.","60b400d7e8948e08"
"Copper","Cu","","","","","","","","","8.9","","","","","","","","","","","","","не считается","нет Cu-базы",""
"CuCrZr","Cu","","","","","","","","","8.91","","","","","","","","","","","","","не считается","нет Cu-базы",""
"Ti6Al4V","Ti","","","","","","","","","4.43","","","","","","","","","","","","","не считается","нет Ti-базы",""
"IN738","Ni","","","","","","","","","8.11","","","","","","","","","","","","","не считается","в mc_ni нет Ta: 1,75 % Ta без замены не считается",""
