№ описи 21-С;файл;вызов;строка a68a417;строка 976e707;строка wave21-u;экран (опись 21-С);серое «None» возможно (опись 21-С)
1;app/ThermoGar_app.py;st.dataframe;1858;1865;1866;Свойства → Плотность, «Плотность при одной температуре»;нет
2;app/ThermoGar_app.py;st.dataframe;1886;1893;1894;Свойства → Плотность, «Плотность при одной температуре»;да — None (рядом с числами NaN)
3;app/ThermoGar_app.py;st.dataframe;1888;1895;1896;Свойства → Плотность (если есть фазы без данных PDB);"редко — None при total_mass ≤ 0; иначе только """""
4;app/ThermoGar_app.py;st.dataframe;2078;2085;2086;Свойства → Плотность по T;да — None / NaN
5;app/ThermoGar_app.py;st.dataframe;2145;2152;2153;Свойства → Покрытие физической базы, «Проверить чтение физической базы»;да — None / NaN (всегда в строке «Al, liquid model»)
6;app/ThermoGar_app.py;st.dataframe;2179;2186;2187;Свойства → Покрытие физической базы, «Обновить покрытие физической базы»;"нет — только """""
7;app/ThermoGar_app.py;st.data_editor;2322;2329;2330;Свойства → Упругие свойства, «Упругие свойства по фазовым долям», после «Получить фазовые доли»;да — None / NaN
8;app/ThermoGar_app.py;st.dataframe;2407;2414;2423;Свойства → Упругие свойства, после «Рассчитать Voigt–Reuss–Hill»;нет
9;app/ThermoGar_app.py;st.dataframe;2599;2606;2615;Свойства → Вклады упрочнения;нет
10;app/ThermoGar_app.py;st.data_editor;3059;3066;3075;Общий выбор фаз «Управление фазами / метастабильный расчёт», режим «Вручную»: Расчёты (3 вида), Диаграммы (4 вида), Затвердевание;"нет — только """""
11;app/ThermoGar_app.py;st.dataframe;7747;7757;7767;Расчёты → Одна температура («Равновесие при одной температуре»), блок «Фазовые доли»;"нет — только """""
12;app/ThermoGar_app.py;st.dataframe;7767;7777;7788;Расчёты → Одна температура, блок «Составы фаз» (атомные % / массовые %);"нет — только """""
13;app/ThermoGar_app.py;st.dataframe;8070;8080;8092;Расчёты → Температурный диапазон, таблица под графиком;нет
14;app/ThermoGar_app.py;st.dataframe;8459;8469;8482;Расчёты → Изменение состава, таблица под графиком;нет
15;app/ThermoGar_app.py;st.dataframe;8875;8885;8899;Диаграммы → Бинарная T–X, раскрывашка «Таблица рассчитанных границ»;"нет — только """""
16;app/ThermoGar_app.py;st.dataframe;9381;9391;9406;Диаграммы → Многокомпонентное T–X, раскрывашка «Таблица рассчитанных границ»;"нет — только """" (теоретически)"
17;app/ThermoGar_app.py;st.dataframe;9779;9789;9805;Диаграммы → Тройная при T = const, раскрывашка «Таблица рассчитанных границ и узлов»;нет
18;app/ThermoGar_app.py;st.dataframe;10342;10352;10369;Диаграммы → Карта доли фазы, раскрывашка «Точка максимума и сводка»;нет
19;app/ThermoGar_app.py;st.dataframe;10352;10362;10380;Диаграммы → Карта доли фазы, раскрывашка «Полная расчётная сетка»;да — NaN
20;app/ThermoGar_app.py;st.dataframe;11080;11090;11109;Затвердевание → Сводка, блок «Основные температуры»;да — NaN и None
21;app/ThermoGar_app.py;st.dataframe;11100;11110;11130;Затвердевание → Сводка → «Как проверялась начальная температура»;"нет — только """""
22;app/ThermoGar_app.py;st.dataframe;11138;11148;11169;Затвердевание → Твёрдые фазы, блок «Последовательность появления фаз»;"редко — NaN только от scheil; иначе """""
23;app/ThermoGar_app.py;st.dataframe;11144;11154;11176;Затвердевание → Твёрдые фазы, блок «Итоговые количества фаз»;"редко — NaN только от scheil; иначе """""
24;app/ThermoGar_app.py;st.dataframe;11150;11160;11183;Затвердевание → Твёрдые фазы → «Полная траектория расчёта»;редко — NaN только от scheil
25;app/ThermoGar_app.py;st.dataframe;11201;11211;11235;Затвердевание → Остаточный расплав;да — NaN
26;app/ThermoGar_app.py;st.dataframe;11483;11493;11518;Энергии → Энергии фаз, «Приближённые пересечения энергетических кривых»;нет
27;app/ThermoGar_app.py;st.dataframe;11491;11501;11527;Энергии → Энергии фаз → «Таблицы энергий», «Абсолютная энергия, Дж/моль»;да — NaN
28;app/ThermoGar_app.py;st.dataframe;11497;11507;11534;Энергии → Энергии фаз → «Таблицы энергий», «Энергия относительно минимума, Дж/моль»;да — NaN
29;app/ThermoGar_app.py;st.dataframe;11732;11742;11770;Энергии → Движущая сила, «Приближённая смена знака»;нет
30;app/ThermoGar_app.py;st.dataframe;11737;11747;11776;Энергии → Движущая сила, таблица под графиком;да — NaN
31;app/ThermoGar_app.py;st.dataframe;12026;12036;12066;Энергии → T₀, таблица под графиком;да — NaN
32;app/ThermoGar_app.py;st.dataframe;12492;12502;12533;Проекты и данные → Паспорт базы (не fe);нет
33;app/ThermoGar_app.py;st.dataframe;12504;12514;12546;Проекты и данные → Паспорт базы → «Технические сведения» (не fe);нет
34;app/ThermoGar_app.py;st.dataframe;12524;12534;12567;Проекты и данные → Паспорт базы (fe);нет (при null в манифесте — текст «None», не серый)
35;app/ThermoGar_app.py;st.dataframe;12531;12541;12575;Проекты и данные → Паспорт базы (fe) → «Технические сведения»;нет
36;app/ThermoGar_app.py;st.dataframe;12756;12766;12801;Проекты и данные → Как пользоваться → «Готовые примеры»;нет
37;app/ThermoGar_app.py;st.dataframe;12847;12857;12892;Проекты и данные → Справочник фаз;"нет — только """""
38;app/thermogar_diffusion.py;st.dataframe;1289;1289;1290;Кинетика → Диффузия и гомогенизация → «Однофазная пара» / «Многофазная гомогенизация», под графиком профиля;редко — NaN только от kawin
39;app/thermogar_diffusion.py;st.dataframe;1298;1298;1300;Кинетика → Диффузия и гомогенизация, «Локальные равновесные доли фаз»;редко — NaN только от kawin
40;app/thermogar_diffusion.py;st.dataframe;1301;1301;1303;Кинетика → Диффузия и гомогенизация → «Проверка баланса и параметры расчёта», первая таблица;редко — NaN/inf в u-долях
41;app/thermogar_diffusion.py;st.dataframe;1302;1302;1304;Кинетика → Диффузия и гомогенизация → «Проверка баланса и параметры расчёта», вторая таблица;нет
42;app/thermogar_diffusion.py;st.dataframe;1868;1868;1871;Кинетика → Диффузия и гомогенизация → «Покрытие базы подвижностей», «Параметры по фазам»;"нет — только """" (теоретически)"
43;app/thermogar_precipitation.py;st.dataframe;1836;1849;1850;Кинетика → Выделения, вид «Итоги», первая таблица;нет
44;app/thermogar_precipitation.py;st.dataframe;1839;1852;1853;Кинетика → Выделения, вид «Итоги», под графиками;нет
45;app/thermogar_precipitation.py;st.dataframe;1843;1856;1857;Кинетика → Выделения, вид «Кинетика и состав»;редко — NaN от kawin
46;app/thermogar_precipitation.py;st.dataframe;1845;1858;1859;Кинетика → Выделения, «Кинетика и состав» → «Составы матрицы и межфазного равновесия», первая таблица;редко — NaN от kawin
47;app/thermogar_precipitation.py;st.dataframe;1846;1859;1860;Кинетика → Выделения, «Кинетика и состав» → тот же раздел, вторая таблица;редко — NaN от kawin
48;app/thermogar_precipitation.py;st.dataframe;1849;1862;1863;Кинетика → Выделения, вид «Распределение размеров»;редко — NaN от kawin
49;app/thermogar_properties.py;st.data_editor;1664;1664;1664;не показывается: render_elastic_section (1524) нигде не вызывается, живой аналог ThermoGar_app.py:2322;не показывается (функция не вызывается)
50;app/thermogar_properties.py;st.dataframe;1806;1806;1807;не показывается (render_elastic_section не вызывается), живой аналог ThermoGar_app.py:2407;не показывается (функция не вызывается)
51;app/thermogar_properties.py;st.dataframe;1807;1807;1808;не показывается (render_elastic_section не вызывается);не показывается (функция не вызывается)
52;app/thermogar_properties.py;st.dataframe;2230;2230;2231;"не показывается: render_strengthening_section (1844) не вызывается; живой аналог ThermoGar_app.py:2599";не показывается (функция не вызывается)
53;app/thermogar_stage14.py;st.dataframe;931;931;932;Панель проверки результата → «Что именно проверено»: Расчёты (Одна температура, Температурный диапазон, Изменение состава), Затвердевание → Сводка;нет
54;app/thermogar_stage14.py;st.dataframe;1269;1269;1270;Проекты и данные → Проверка установки, «Файлы баз» и «Результат загрузки баз»;да — NaN
55;app/thermogar_stage14.py;st.dataframe;1273;1273;1274;Проверка установки → «Технические сведения»;"нет — только """""
56;app/thermogar_stage14.py;st.dataframe;1296;1296;1297;Проверка установки, «Программы и версии»;нет
57;app/thermogar_stage14.py;st.dataframe;1404;1404;1405;Проверка установки, после «Проверить базы и запустить три контрольных расчёта»;да — NaN
58;app/thermogar_workspace.py;st.dataframe;1121;1121;1122;Проекты и данные → Марки и составы, блок «Текущий состав»;"нет — только """""
59;app/thermogar_workspace.py;st.dataframe;1186;1186;1187;Проекты и данные → Марки и составы, «Доступные записи»;"редко — None только при null в файле библиотеки; иначе """""
60;app/thermogar_workspace.py;st.dataframe;1843;1843;1845;Проекты и данные → Проекты и история, «Проекты»;"нет — только """""
61;app/thermogar_workspace.py;st.dataframe;2068;2068;2071;Проекты и данные → Проекты и история, «История расчётов»;"редко — None только при null в журнале; иначе """""
62;app/thermogar_workspace.py;st.dataframe;2774;2774;2780;Проекты и данные → Пакетный расчёт, «Предварительный просмотр»;"нет — только """""
63;app/thermogar_workspace.py;st.dataframe;2849;2849;2856;Проекты и данные → Пакетный расчёт, сводка после «Рассчитать все составы»;да — NaN
64;app/thermogar_workspace.py;st.dataframe;2854;2854;2861;Проекты и данные → Пакетный расчёт → «Строки с ошибками»;да — NaN
