"Время, ч","AL, матрица, ат.%","CR, матрица, ат.%","MO, матрица, ат.%","NB, матрица, ат.%","NI, матрица, ат.%","TI, матрица, ат.%","FE, матрица, ат.%"
0.0,1.0776629944000593,20.019941099302134,1.8123879820278441,3.3174924032489117,53.70501924327598,1.1781410599092406,18.889355217835835
2.7805555555555557e-06,1.0776629944000593,20.019941099302134,1.8123879820278441,3.3174924032489117,53.70501924327598,1.1781410599092406,18.889355217835835
5.563891666666667e-06,1.0776629944000593,20.019941099302134,1.8123879820278441,3.3174924032489117,53.70501924327598,1.1781410599092406,18.889355217835835
8.350011113888889e-06,1.0776629944000593,20.019941099302134,1.8123879820278441,3.3174924032489117,53.70501924327598,1.1781410599092406,18.889355217835835
9.35001111388889e-06,1.0776629944000593,20.019941099302134,1.8123879820278441,3.3174924032489117,53.70501924327598,1.1781410599092406,18.889355217835835
1.035001111388889e-05,1.0776629944000593,20.019941099302134,1.8123879820278441,3.3174924032489117,53.70501924327598,1.1781410599092406,18.889355217835835
1.1350011113888889e-05,1.0776629944000593,20.019941099302137,1.8123879820278446,3.3174924032489104,53.70501924327598,1.1781410599092395,18.889355217835824
1.235001111388889e-05,1.077662994400061,20.01994109930217,1.8123879820278472,3.317492403248875,53.70501924327594,1.1781410599092157,18.889355217835902
1.3350011113888888e-05,1.0776629944000824,20.019941099302567,1.8123879820278834,3.317492403248428,53.70501924327547,1.1781410599089126,18.889355217836645
1.4350011113888889e-05,1.0776629944002711,20.019941099306067,1.8123879820282005,3.3174924032445166,53.70501924327136,1.1781410599062627,18.889355217843317
1.535001111388889e-05,1.0776629944014893,20.019941099328705,1.812387982030249,3.3174924032192283,53.705019243244756,1.1781410598891306,18.88935521788645
1.6350011113888887e-05,1.0776629944076659,20.019941099443443,1.8123879820406368,3.317492403091029,53.705019243109916,1.1781410598022797,18.88935521810502
1.7350011113888887e-05,1.0776629944333402,20.019941099920402,1.8123879820838154,3.317492402558138,53.70501924254945,1.1781410594412696,18.88935521901358
1.8350011113888888e-05,1.0776629945239016,20.019941101602775,1.8123879822361193,3.3174924006784616,53.70501924057248,1.1781410581679006,18.889355222218363
1.9375231174260585e-05,1.0776629948093874,20.0199411069063,1.8123879827162424,3.3174923947529673,53.705019234340355,1.17814105415385,18.889355232320902
2.0520122433375643e-05,1.0776629957037422,20.019941123520894,1.8123879842203472,3.3174923761898913,53.70501921481699,1.1781410415795808,18.889355263968543
2.1800411033940884e-05,1.0776629985054786,20.019941175569258,1.812387988932241,3.3174923180375493,53.70501915365742,1.1781410021907108,18.88935536310734
2.324095241365051e-05,1.077663007281788,20.01994133860835,1.8123880036920292,3.3174921358780827,53.70501896208167,1.1781408788155927,18.889355673642495
2.4872500661979046e-05,1.0776630347728844,20.019941849315437,1.8123880499259009,3.3174915652781802,53.70501836199975,1.1781404923849716,18.889356646322884
2.6733967551905525e-05,1.0776631208918583,20.019943449163254,1.8123881947587424,3.3174897778107413,53.70501648222794,1.1781392819684622,18.889359693178996
2.887521410861603e-05,1.0776633907110649,20.01994846164364,1.812388648534264,3.317484177510151,53.705010592920345,1.1781354900776442,18.88936923860288
3.1361081749902204e-05,1.0776642363133997,20.01996417055173,1.8123900706481497,3.3174666264879042,53.7049921368616,1.178123608247085,18.889399150890128
3.427731434778764e-05,1.0776668875006703,20.02001342213899,1.8123945293518195,3.317411600222617,53.70493427541733,1.1780863627347677,18.88949292263381
3.773952008727884e-05,1.077675204193308,20.020167922848035,1.8124085161676098,3.3172389925743637,53.70475277947339,1.1779695545044164,18.88978703023888
4.190729296354963e-05,1.077701306850735,20.020652836654058,1.8124524149957826,3.3166973270432316,53.70418320316117,1.177603074839906,18.890709836455123
4.700787078735654e-05,1.0777832227293684,20.022174602803457,1.812590179171359,3.3149982308679675,53.70239610322612,1.1764536523774927,18.893604008824227
5.337986975289975e-05,1.078039598611158,20.026937344105125,1.813021346029135,3.309688019626501,53.696805305872196,1.1728602741322218,18.902648111623666
5.9193352345647105e-05,1.0786054008973731,20.03744835589892,1.8139728988513706,3.298009145224745,53.684475240646925,1.1649416819095386,18.922547276571134
6.225872536968326e-05,1.0791662997169942,20.047868275103568,1.8149162051401615,3.286485253587195,53.67226125606871,1.157102900380383,18.94219981000299
6.45755110460855e-05,1.0797249155345847,20.058245782565002,1.8158556719304595,3.2750605409239735,53.66010774952995,1.1493111591147234,18.961694180401313
6.649400121049497e-05,1.0802816238041604,20.068587853160647,1.816791930651894,3.2637260032597206,53.64800646575658,1.1415614188099221,18.981044704557082
6.815784908178888e-05,1.080836558146182,20.078896969182058,1.817725206024177,3.252477635642571,53.6359543041852,1.1338517588809887,19.000257567938828
6.964245946087192e-05,1.0813897799502898,20.08917427107573,1.8186556012909452,3.24131295280278,53.62394972541843,1.1261812385781012,19.019336430883715
7.099306061733409e-05,1.081941321460018,20.099420357835648,1.8195831706786063,3.2302300943027205,53.6119918301862,1.118549336410608,19.038283889126195
7.223920450109273e-05,1.0824912010702041,20.109635571186057,1.820507945123161,3.219227506024324,53.60008003039178,1.110955746659969,19.0571019995445
7.340139760034015e-05,1.083039429866951,20.11982011707549,1.8214299432689534,3.208303803662744,53.588213907703484,1.1034002907427207,19.075792507679658
7.449452229924997e-05,1.083586014793363,20.129974124487266,1.8223491767927302,3.1974577065808343,53.57639314468484,1.0958828731646262,19.094356959496338
7.55297621648352e-05,1.084130960318919,20.140097676451706,1.8232656532111564,3.1866880027855897,53.56461748821396,1.0884034578383943,19.112796761180274
7.65297621648352e-05,1.0846818230190922,20.150331152843286,1.8241920809930594,3.175845288276992,53.55272376085366,1.0808588407211348,19.13136705329278
7.75297621648352e-05,1.0852554889312214,20.160988248643342,1.8251568586742495,3.1646001357455154,53.54034820170849,1.0730195103891516,19.15063155590804
7.85297621648352e-05,1.085851410124466,20.172058784841187,1.826159064757677,3.152967653717779,53.527503737410285,1.0648951327887541,19.170564216359853
7.95297621648352e-05,1.086468947219565,20.183530883572203,1.8271976239505137,3.14096485389907,53.51420535819452,1.0564969339503933,19.19113539921373
8.052976216483519e-05,1.0871073748297104,20.195391069193956,1.8282713163144855,3.128610185240494,53.5004699037137,1.0478374215123079,19.212312729195347
8.152976216483519e-05,1.0877658877717025,20.207624383671963,1.8293787877116454,3.1159233532071946,53.48631592090288,1.038930294895729,19.234061371838894
8.252976216483519e-05,1.088443607940256,20.220214514284926,1.8305185613654196,3.102925131311308,53.47176350828089,1.0297903463145857,19.256344330502618
8.352976216483518e-05,1.089139591741375,20.233143931715862,1.8316890503618768,3.0896371683509303,53.45683414890403,1.0204333531294814,19.27912275579645
8.45297621648352e-05,1.089852837959172,20.246394036195458,1.8328885708799598,3.076081794572891,53.44155053501842,1.0108759643259402,19.30235626104816
8.552976216483519e-05,1.090582295944728,20.259945309627998,1.8341153559633168,3.062281830009776,53.42593638645248,1.001135581063942,19.326003240937762
8.652976216483519e-05,1.091326873999226,20.27377747132636,1.835367569618853,3.0482603980822867,53.41001626572588,0.9912302331971311,19.35002118805027
8.752976216483519e-05,1.092085447844122,20.28786963536392,1.8366433210616644,3.034040746633773,53.3938153919762,0.9811784532021097,19.374367003918213
8.852976216483518e-05,1.092856869055784,20.302200467266356,1.8379406789002122,3.019646079107686,53.37735945624029,0.9709991483167877,19.398997301112885
8.952976216483518e-05,1.093639973365163,20.316748338196174,1.8392576850945117,3.0050993973928017,53.360674440146624,0.9607114724014185,19.423868693403314
9.052976216483518e-05,1.0944335887215202,20.331491474754017,1.8405923685175196,2.9904233578961184,53.34378644002219,0.9503346985811697,19.44893807150747
9.152976216483517e-05,1.0952365430311986,20.34640810274322,1.8419427579700116,2.9756401420528413,53.32672149791953,0.9398880931034285,19.474162863179778
9.252976216483517e-05,1.0960476714947436,20.361476583472836,1.84330689451998,2.960771341630751,53.309505441612615,0.9293907927160993,19.499501274552976
9.352976216483517e-05,1.0968658234750621,20.37667554134869,1.8446828430533402,2.9458378592682695,53.29216373449345,0.9188616857680437,19.52491251259314
9.452976216483517e-05,1.0976898688399201,20.39198398169909,1.8460687029405918,2.930859824220938,53.27472133650222,0.9083192981114705,19.550356987685767
9.552976216483516e-05,1.0985187037368682,20.407381398056685,1.8474626177489504,2.9158565228625357,53.25720257719143,0.8977816851453617,19.575796495258167
9.652976216483516e-05,1.099351255765932,20.422847868252443,1.8488627839416552,2.9008463435907563,53.23963104133863,0.8872663302070328,19.601194376903553
9.752976216483516e-05,1.1001864885311587,20.4383641389706,1.8502674585326537,2.8858467347617505,53.22202946794493,0.8767900520764623,19.626515659182452
9.852976216483516e-05,1.1010234055632477,20.453911698620033,1.8516749656835851,2.870874175501793,53.2044196625359,0.8663689198315749,19.65172717226388
9.952976216483515e-05,1.1018610536075262,20.46947283841563,1.8530837022334232,2.855944157527536,53.18682242315522,0.8560181783970336,19.676797646663623
0.00010052976216483515,1.1026985252913406,20.485030701930864,1.8544921421844291,2.841071177423408,53.16925747975766,0.8457521838331468,19.701697789579143
0.00010152976216483515,1.1035349611888496,20.50056932345586,1.8558988401746725,2.8262687379533733,53.15174344702008,0.835584349489305,19.726400340717852
0.00010252976216483514,1.1043695513104985,20.51607365566759,1.8573024339829924,2.8115493572005352,53.13429778982114,0.8255271035744789,19.75088010844277
0.00010352976216483514,1.105201536040645,20.531529587048375,1.858701646105877,2.7969245847170763,53.11693680127449,0.8155918578867709,19.775113986926762
0.00010452976216483514,1.1063523675687963,20.552908793283095,1.8606370871869924,2.7763421822462035,53.093029127504124,0.8020786550610269,19.808651787149767
0.00010552976216483514,1.1074622414871471,20.573527122564602,1.862503646734493,2.757511365345819,53.070410144102844,0.7902210399852594,19.83836443977983
0.00010652976216483513,1.1085512555802057,20.593757935084504,1.864335124724156,2.738627867222097,53.048078083143146,0.7782430721380361,19.86840666210785
0.00010752976216483514,1.1096196094857789,20.61360493955058,1.8661318569020955,2.720178952343189,53.026225997177946,0.766663432207675,19.89757521233274
0.00010852976216483514,1.1106675419942749,20.6330725720156,1.8678942448603384,2.7021547164285042,53.00484663538151,0.7554735473418833,19.92589074197789
0.00010952976216483514,1.1116953303779404,20.65216598341643,1.8696227549087514,2.6845449780046127,52.983931852987475,0.7446638709910618,19.95337522931373
0.00011052976216483514,1.1127032841508648,20.6708909236525,1.871317907580765,2.667339478173843,52.963472809339706,0.7342241874245915,19.980051409677724
0.00011152976216483513,1.1136917393908632,20.689253636102396,1.872980268084053,2.6505279330954234,52.943460103153214,0.7241437601632829,20.00594256001076
0.00011252976216483513,1.1146610536151444,20.70726076242822,1.8746104376825494,2.6341000791844857,52.9238838957878,0.7144114702274926,20.031072301074293
0.00011352976216483513,1.1156116011866877,20.724919257238998,1.8762090459710061,2.6180457124033505,52.904734021817056,0.7050159407480522,20.055464420634838
0.00011452976216483512,1.1165437692347553,20.742236312305323,1.8777767440142046,2.60235472204276,52.886000087572484,0.6959456483496295,20.079142716480845
0.00011552976216483512,1.1174579540483118,20.759219289559237,1.8793141982814958,2.5870171197880345,52.867671558135065,0.6871890216847013,20.102130858503166
0.00011652976216483512,1.118354557924053,20.77587566253949,1.8808220853458906,2.5720230643167237,52.84973783322735,0.6787345264926314,20.12445227015387
0.00011752976216483512,1.1192339864218404,20.79221296540526,1.882301087268314,2.5573628821668746,52.83218831275387,0.6705707383860916,20.146130027597753
0.00011852976216483511,1.120096645999785,20.808238749002676,1.8837518876203467,2.5430270849460195,52.81501245289043,0.6626864043435549,20.167186775197187
0.00011952976216483511,1.1209429419916161,20.823960543290017,1.8851751680826094,2.5290063835586336,52.79819981335936,0.6550704927149176,20.187644657002846
0.00012052976216483511,1.1217732768905273,20.839385825456404,1.886571605558578,2.5152916995287424,52.78174009709119,0.6477122345013278,20.207525260973224
0.0001215297621648351,1.1225880489097328,20.854521993181024,1.8879418697537615,2.5018741739403207,52.765623182365616,0.6406011541613769,20.226849577688167
0.00012252976216483512,1.1233876507862999,20.869376342411673,1.8892866211640147,2.4887451740263216,52.74983914931878,0.6337270950580658,20.245637967234842
0.0001235297621648351,1.124172468804887,20.883956049228583,1.890606509433685,2.4758962977417918,52.73437830057609,0.6270802367401548,20.263910137474806
0.0001245297621648351,1.124942882004932,20.898268155116206,1.89190217202228,2.4633193767174886,52.719231177027794,0.6206511061823844,20.281685130928928
0.0001255297621648351,1.1256992615584744,20.912319555404903,1.8931742331581034,2.451006477660262,52.70438856977056,0.6144305852605645,20.29898131718714
0.0001265297621648351,1.1264419702885229,20.92611699032359,1.8944233030282593,2.438949902288534,52.689841528106584,0.608409912672199,20.31581639329231
0.0001275297621648351,1.127171362312049,20.939667038367528,1.8956499771782442,2.4271421861533597,52.67558136498466,0.6025806844962319,20.33220738650793
0.0001285297621648351,1.1278877827894116,20.952976111643366,1.8968548360905362,2.4155760966408786,52.66159965925705,0.5969348492475453,20.34817066433121
0.0001295297621648351,1.1285915677642497,20.966050452894805,1.898038444915333,2.4042446300134865,52.64788825618919,0.5914647023706292,20.36372194585231
0.0001305297621648351,1.1292830440810653,20.978896133971496,1.8992013533319398,2.393141007657576,52.634439266184444,0.5861628789974457,20.37887631577604
0.0001315297621648351,1.1299625293656885,20.99151905546614,1.90034409551592,2.382258671818699,52.62124506202185,0.5810223448734776,20.393648240938223
0.0001325297621648351,1.130630332062145,21.003924947399412,1.901467190201098,2.3715912809685618,52.60829827431353,0.5760363852044383,20.408051589850807
0.00013352976216483508,1.131286751513186,21.01611937071595,1.9025711408149897,2.361132704588396,52.595591787205976,0.5711985953863081,20.422099649775195
0.00013452976216483508,1.1319320780768836,21.028107719450357,1.903656435674891,2.350877017978171,52.5831187319567,0.566502867832626,20.43580514903036
0.00013552976216483508,1.1325665932746314,21.039895223476694,1.9047235482367846,2.3408184964101433,52.57087248114083,0.5619433815841754,20.449180275876742
0.00013652976216483508,1.1331905699622937,21.05148695168788,1.9057729373831704,2.3309516094306546,52.558846641666655,0.5575145904111668,20.46223669945818
0.00013752976216483507,1.1338042725207353,21.06288781553524,1.906805047743496,2.321271015268376,52.547035047600076,0.5532112094264372,20.474985591905636
0.00013852976216483507,1.1344079570606003,21.0741025728327,1.9078203100385474,2.3117715544726334,52.53543175326938,0.5490282058277596,20.487437646498375
0.00013952976216483507,1.1350016507744278,21.085131728741015,1.908818770000092,2.3024521399287114,52.524035472006304,0.5449629963822196,20.499597242167244
0.0001405297621648351,1.1355853716091675,21.095975616663907,1.9098004578108816,2.2933107044043948,52.51284443147834,0.5410110270554651,20.511472390977836
0.0001415297621648351,1.136159380029104,21.10663907529369,1.9107658115135528,2.2843421288735803,52.50185268648566,0.5371674658955148,20.523073451908893
0.0001425297621648351,1.1367239209051079,21.117126653640973,1.9117152429261086,2.2755417914598524,52.49105489915207,0.5334286292596645,20.534408862656218
0.0001435297621648351,1.1374473746310267,21.130566384852152,1.9129319301884737,2.264366739097012,52.47737138151848,0.5290222152041585,20.548293974508702
0.00014452976216483513,1.1381511768329704,21.143641046134658,1.9141155679854065,2.2534691405945004,52.46404888587241,0.5246968075181718,20.561877375061886
0.00014552976216483516,1.1388367829713644,21.15637767584106,1.9152686040756188,2.242912587763977,52.45108302735303,0.5205108867360659,20.57501043525888
0.00014652976216483516,1.1395050834555953,21.16879281526819,1.9163925359284313,2.2326521340585117,52.43846064667065,0.5164828811034302,20.587713903515194
0.0001475384351907306,1.1401622303768741,21.181000752931407,1.9174977099844595,2.2225912894513833,52.42606563195634,0.5125770788426949,20.60010530645684
0.0001485672397731098,1.1408154708816831,21.193136120386647,1.9185963143222178,2.2126178169109156,52.41376093246212,0.5087497207779141,20.6123236242585
0.00014961641658063754,1.1414648193815622,21.205199185359696,1.9196883731786918,2.2027313557198434,52.401543842418675,0.5049915062033802,20.62438091773815
0.00015068623502990288,1.1421103033015287,21.217190457330084,1.9207739326766222,2.1929309912365462,52.38941335197907,0.5013007820651896,20.63628018141095
0.00015177696823596496,1.1427519482969506,21.229110412902244,1.9218530359625976,2.183215829154308,52.37736847190878,0.49767584342399007,20.648024458351124
0.00015288889372263526,1.1433897784855318,21.240959500115135,1.9229257235971975,2.173585002918301,52.36540825662557,0.49411504015755253,20.659616698100724
0.00015402229369457782,1.1440238164147365,21.2527381378371,1.923992033500212,2.1640376729461814,52.35353180369985,0.49061677381403407,20.67105976178789
0.0001551774553218096,1.14465408305232,21.26444671558992,1.925052000934711,2.1545730274109647,52.341738254193174,0.4871794970518977,20.68235642176702
0.0001563546710064899,1.1452805977626546,21.276085593109073,1.9261056584672371,2.145190282164556,52.330026792331196,0.48380171217283824,20.693509363992447
0.00015755423865276488,1.145903378286663,21.287655099970895,1.927153035934051,2.135888680851171,52.31839664571297,0.48048197012020705,20.704521189124048
0.00015877646192090218,1.146522440723596,21.299155535254087,1.9281941604104902,2.1266674952714757,52.3068470851747,0.47721886935500485,20.71539441381064
0.00016002165047444882,1.147137799505887,21.310587167072587,1.9292290561686767,2.117526025247067,52.29537742484558,0.47401105435851315,20.72613147280169
0.0001612888740903189,1.147748903724533,21.32193976108983,1.9302567967029585,2.1084720577217575,52.2839973047868,0.47085924944843166,20.73672592652569
0.00016257829244396046,1.148355732321317,21.33321292610349,1.9312773465981272,2.099505269407494,52.272706885249654,0.4677630350096227,20.747178805310295
0.00016389013072644863,1.148958292748022,21.344406800546693,1.932290718386414,2.090624994174973,52.261505623117934,0.46472112921755415,20.757492441808413
0.00016522461718496438,1.1495565910997823,21.355521497649864,1.9332969223184708,2.081830601253447,52.2503930066876,0.46173226748974133,20.767669113501086
0.00016658198329830412,1.150150632138231,21.366557105870722,1.9342959664022992,2.0731214836743126,52.23936856121306,0.4587952287978323,20.777711021903535
0.00016796246384116788,1.1507404192800126,21.37751368868088,1.9352878563839295,2.064497058100788,52.228431848666546,0.4559088336603777,20.78762029522746
0.00016936629693155972,1.1513259545853218,21.388391284352966,1.9362725957281495,2.0559567648731223,52.2175824674876,0.4530719435221292,20.7973989894507
0.00017079372405747527,1.1519072387522407,21.39918990585537,1.9372501856089759,2.0475000685044393,52.206820052247636,0.4502834582432633,20.807049090788077
0.00017224499008276642,1.1524842711097993,21.409909540723365,1.9382206248979885,2.039126457508823,52.196144273819556,0.44754231642425546,20.816572515516206
0.0001737203432198853,1.153057049604427,21.420550150807387,1.9391839101415402,2.030835443923831,52.18555483891907,0.4448474941749785,20.825971112428764
0.00017522003498564198,1.1536255707977405,21.43111167223197,1.9401400355570395,2.0226265643159773,52.17505149011986,0.4421980033829963,20.835246663594408
0.00017674432012281175,1.15418982985553,21.441594015191136,1.9410889930144288,2.014499378850939,52.16463400566575,0.439592891608594,20.84440088581363
0.00017829345649714686,1.154749820543972,21.451997063877986,1.9420307720298107,2.006453472239423,52.15430219910896,0.4370312402228822,20.853435431976962
0.00017986770496359637,1.1553055352227901,21.462320676357738,1.9429653597539505,1.9984884528936697,52.14405591948869,0.4345121639380221,20.86235189234513
0.00018146732920473546,1.1558569648440207,21.472564684544725,1.9438927409701994,1.990603953346595,52.133895050851145,0.4320348104906384,20.87115179495269
0.00018309259552649437,1.1564040989476725,21.482728894121788,1.9448128980871906,1.9827996304075022,52.12381951209516,0.4295983583363588,20.879836608004332
0.00018474377263652943,1.1569469256635814,21.492813084574735,1.945725811141967,1.975075164516648,52.11382925689494,0.42720201705818955,20.88840774014993
0.0001864211313752614,1.1574854317104695,21.50281700917486,1.9466314577983905,1.9674302600738043,52.10392427315567,0.424845026134723,20.896866541952086
0.0001881249444139379,1.1580196024063207,21.512740395171672,1.947529813364595,1.9598646453034447,52.094104583009624,0.4225266537304589,20.905214307013885
0.00018985548592039193,1.1585494216713443,21.522582943847993,1.9484208507979723,1.9523780717886912,52.08437024226262,0.4202461963737977,20.913452273257583
0.00019161303118118771,1.1590748720434898,21.532344330808126,1.9493045407312601,1.9449703145867143,52.07472133999632,0.4180029781926741,20.921581623641416
0.000193397856186295,1.159595931230473,21.542024141924276,1.9501808456738268,1.9376412295426317,52.06515806557365,0.41579637769975597,20.92960340835539
0.00019521023642880727,1.1601124919974721,21.551620385075672,1.9510495852806988,1.9303920352551112,52.05568227640206,0.4136265320481543,20.93751669394084
0.00019705042779470945,1.160624532443059,21.561132653395532,1.9519107227185775,1.9232221392196385,52.04629386814966,0.4114918204543857,20.94532426361915
0.00019891870014196865,1.1611320280225579,21.570560490912932,1.9527642167088095,1.9161317473169133,52.03699323991901,0.4093921795583499,20.953026097561423
0.00020081531223560092,1.1617738903408394,21.582484483731314,1.9538436854831989,1.9073161893421786,52.02534036379834,0.4070088550181375,20.962232532285984
0.00020275841943390873,1.1624061694695718,21.594230447897584,1.9549070374774273,1.8983957732915395,52.01387405725143,0.4047616482479942,20.97142486636445
0.00020474990265278225,1.1630314875296783,21.605847095028196,1.9559586825120732,1.8897591938238412,52.00249275743904,0.4023334303670325,20.980577353300134
0.00020679125026998508,1.1636498749993103,21.617334991321293,1.9569986718445644,1.881250666852254,51.9912483209859,0.39997130126886005,20.989546172727803
0.0002088825423694699,1.1642611987639209,21.62869166388378,1.9580267816060255,1.872860323806939,51.98013826333675,0.3976573080505592,20.998364460552022
0.0002110241737176573,1.164865419397805,21.639916380297166,1.9590429454912364,1.8645901438096955,51.969163027987484,0.39539023428244674,21.00703184873417
0.000213216492797124,1.1654624872480446,21.651008218150185,1.9600470799951049,1.8564398662919412,51.95832328419693,0.39316946412447007,21.01554959999333
0.00021545982037496667,1.1660523504945803,21.661966214772182,1.9610390979678876,1.8484093845330385,51.94761971390272,0.3909942314155922,21.023919006914017
0.0002177544491720782,1.1666349555834166,21.672789375280864,1.9620189093436446,1.8404986396829397,51.93705304830429,0.38886382236272676,21.032141249442116
0.00022010064169001968,1.1672102474373807,21.683476676497584,1.962986421494958,1.8327076027115423,51.92662406056211,0.38677756334968133,21.04021742794674
0.0002224986282281171,1.16777816979858,21.694027073309268,1.9639415398086515,1.8250362726016829,51.91633355897144,0.3847348169616767,21.048148568548697
0.00022494860475459128,1.1683386656069845,21.704439505701373,1.9648841683216762,1.8174846719266335,51.90618237992369,0.3827349793617842,21.05593562915785
0.00022745073065378685,1.1688916774113518,21.714712906391743,1.965814210413498,1.8100528405821956,51.89617138030438,0.38077747917207677,21.06357950572476
0.00023000512635814704,1.1694371478153884,21.724846209119004,1.9667315695571637,1.8027408303272905,51.88630142929648,0.3788617747537765,21.07108103913089
0.0002326105119225038,1.1699747676991301,21.73483367130547,1.967635725881985,1.795552308731408,51.87657773748463,0.3769872540326439,21.07843853486473
0.00023526275056870978,1.1705037573525718,21.74466080813681,1.9685253680805066,1.7884975913077101,51.86701381462701,0.37515398035662256,21.08564468013877
0.00023796152005183625,1.171024102173796,21.754327348350554,1.9694004715859463,1.7815757218966686,51.85761043192706,0.37336412784755046,21.092697796218417
0.00024070640890449914,1.1715357854278343,21.763832981058165,1.9702610082670262,1.7747857117837176,51.8483677371685,0.37161707715147924,21.09959969914328
0.00024349697227415924,1.1720387976487916,21.773177530409978,1.9711069622031774,1.768126996660925,51.83928576279103,0.36991215439021025,21.106351795895893
0.00024633272462109624,1.1725331351786612,21.782360928450544,1.971938327241259,1.7615989172194424,51.830364460595845,0.368248757885279,21.112955473428975
0.00024921313898342235,1.1730188005693583,21.79138322258725,1.9727551075838992,1.75520074323194,51.82160368050348,0.3666262932839386,21.119412152240148
0.00025213764723625823,1.1734958030365354,21.80024458402096,1.9735573185326687,1.7489316765775642,51.81300316261536,0.365044174023202,21.12572328119372
0.00025510564032189354,1.1739641588559624,21.80894531510959,1.97434498767349,1.7427908448048806,51.80456252917247,0.36350181840069357,21.131890345982917
0.0002581164687723783,1.1744238917385683,21.817485856335377,1.975118154871711,1.7367772964853656,51.79628127779874,0.3619986495958521,21.13791487317438
0.000261169443408855,1.1748750331680415,21.82586679257653,1.9758768730634764,1.7308899964174778,51.78815877411582,0.3605340923723484,21.14379843828631
0.00026426383634716593,1.1753176227106887,21.83408885886349,1.9766212087767239,1.7251278215681363,51.78019424578974,0.3591075714583575,21.149542670832865
0.00026739888227774426,1.1757517082737075,21.842152945176974,1.9773512425654332,1.7194895576759814,51.77238677703963,0.35771851006719513,21.15514925920109
0.0002705737800173852,1.1761773463266445,21.850060100562004,1.9780670671007312,1.7139738965810531,51.76473530407696,0.3563663277656177,21.16061995758698
0.0002737876943608535,1.1765946020595006,21.857811536065068,1.978768791780194,1.7085794336688733,51.757238611117685,0.35505043957047566,21.16595658573821
0.00027703975820036726,1.1770035494855458,21.865408626644108,1.9794565428037387,1.7033046663863096,51.749895328325024,0.3537702541626011,21.171161032192686
0.0002803290749478456,1.1774042714860748,21.872852911999985,1.98013045945375,1.698147993988289,51.74270392982252,0.3525251727197525,21.17623526052963
0.00028365472120313914,1.1777968597917852,21.880146096230526,1.9807906958867707,1.693107716982747,51.735662733682254,0.3513145885967679,21.181181308829157
0.00028701574968453586,1.17818141489283,21.887290046159546,1.9814374209818804,1.6881820383368025,51.7287699025611,0.35013788564550935,21.18600129142233
0.00029041119240312514,1.178558045887439,21.894286788524667,1.9820708180857853,1.6833690654035876,51.722023446090645,0.3489944386828677,21.190697397324996
0.00029384006399821934,1.1789268702640023,21.901138505929048,1.9826910846460297,1.678666812822895,51.71542122366445,0.3478836115306287,21.19527189114295
0.0002973013652992037,1.1792880136136175,21.907847531501297,1.9832984317272677,1.674073205527518,51.70896094951076,0.3468047589066607,21.199727109212873
0.0003007940869612206,1.179641731613301,21.914418614999782,1.9838932891594612,1.6695841216334426,51.70263786981523,0.3457563883836589,21.204067984395124
0.0003043172839814997,1.1799883131115165,21.920857122414848,1.9844760964311612,1.665196040144095,51.696446609736924,0.34473651689709445,21.208299301264365
0.00030787007804858,1.18032786630445,21.927165063726676,1.9850470705666021,1.6609079022996422,51.690386073965634,0.34374811562575536,21.212417907511238
0.000311451437316803,1.1806605194201454,21.93334482105093,1.9856064309075976,1.6567155873409782,51.68445353481437,0.34278932293527076,21.21642978353071
0.000315060427923339,1.1811246927808563,21.94196785384466,1.9863869687680582,1.6504120627120804,51.67604468083069,0.3409826740345098,21.22308106702915
0.00031877850644998414,1.1815641155941707,21.950131091225877,1.9871257948112997,1.6455464370235884,51.66848374243099,0.3406273659695138,21.226521452944557
0.00032251428585215297,1.1819859395154402,21.95796739079445,1.987835030658996,1.639826016712739,51.66106438323103,0.3398135767578817,21.231507662329463
0.0003263150691719098,1.1823983796662083,21.965629366354786,1.9885284962606287,1.6346253626242997,51.65374855762933,0.33867158581453755,21.23639825165021
0.0003301811162431457,1.182800975880816,21.973108469325872,1.9892053900458488,1.6296669553707546,51.64661927491751,0.33757567457144844,21.241023259887747
0.0003341066007570277,1.1831934218164715,21.980399008722053,1.9898651927298676,1.6248310165237665,51.63968286316243,0.33654630220330894,21.245482194842104
0.0003380885138636623,1.1835760188346702,21.98750658299055,1.9905084115535525,1.620122372110156,51.632928715271944,0.3355579151227877,21.249799984116336
0.000342124553166599,1.1839491188664781,21.994437730018664,1.9911356372582412,1.6155457645071432,51.62634989360174,0.33460540603229116,21.253976449715438
0.00034621229770477336,1.1843130432054234,22.0011984185346,1.991747408423627,1.611096773434477,51.619940895525964,0.33368902381427556,21.258014437061632
0.00035034929980245176,1.184668113159956,22.00779461754376,1.9923437816608183,1.6067699505987316,51.613695967727445,0.33280806185038314,21.261919507458906
0.0003545331735994665,1.1850146574713756,22.014232434132968,1.9929256557800215,1.602560389441448,51.60760912064241,0.3319612902122173,21.26569645231957
0.0003587616070708232,1.1853530089298834,22.02051805060619,1.9934936667706225,1.5984633676040663,51.60167428463049,0.33114744429581205,21.269350177162938
0.0003630323679100071,1.1856835013433653,22.026657668173144,1.9940483702632608,1.5944741456281564,51.59588537383585,0.3303653083685557,21.272885632387673
0.0003673433118007162,1.186006467987447,22.032657478155627,1.994590320901898,1.590588016219558,51.59023630440497,0.3296136653777999,21.276307746952703
0.00037169239045700225,1.1863222402047895,22.038523635966413,1.9951200699623226,1.5868002776897947,51.58472103183188,0.3288913584386504,21.279621385906143
0.00037607765719934247,1.1866311457792424,22.044262230905584,1.9956381626845783,1.5831063015117541,51.579333563913444,0.32819721763726256,21.282831377568133
0.0003804972730318213,1.1869335076967014,22.049879263140753,1.9961451362046936,1.5795015660829308,51.57406798737457,0.3275300746953021,21.28594246480504
0.0003849495102278488,1.1872296428701012,22.05538062002107,1.9966415174096137,1.5759816577395385,51.56891849394524,0.32688878069160765,21.28895928732284
0.0003894327545005175,1.1875198610765556,22.060772056332187,1.9971278211614305,1.5725422805276694,51.56387939927763,0.32627220509019345,21.29188637653433
0.00039394550637165255,1.1878044640419427,22.06605917729054,1.9976045487612293,1.569179267358955,51.55894516083453,0.32567924201380627,21.294728139698993
0.0003984863209461332,1.1880837414637784,22.07124736465948,1.9980721813172901,1.5658886300399817,51.55411044279005,0.325108796967932,21.297488842761492
0.00040304907661951926,1.188357724787503,22.07633720260665,1.998530769847156,1.5626697410126036,51.549374031175496,0.3245587831112628,21.30017174745933
0.00040763275215266475,1.1886267090126836,22.081334171392566,1.9989808035512096,1.5595191236533754,51.54473076014785,0.32402923006221657,21.3027792021801
0.0004122363634240503,1.1888909704007535,22.086243403176038,1.999422740459614,1.5564322508279291,51.540175638514484,0.32351966870829474,21.305315327912886
0.00041685903671949686,1.1891507751039394,22.091069842315296,1.9998570223966048,1.5534053028830523,51.5357037457637,0.3230290795307735,21.307784232006632
0.0004215000127683396,1.1894063781894093,22.09581822723943,2.000284072677731,1.5504348855080226,51.53131035566712,0.32255641771054205,21.31018966300775
0.0004261586348465468,1.189658022570881,22.10049307060068,2.0007042941058097,1.5475177727205225,51.526990973437,0.32210072922192623,21.31253513734318
0.00043083434121392533,1.189905939037762,22.105098659815763,2.0011180690468335,1.544650878696522,51.52274132798087,0.3216611205327482,21.3148240048895
0.000435526660144547,1.1901503465982213,22.109639063439204,2.0015257600373113,1.5418312767642346,51.51855736214876,0.32123673571120576,21.31705945530107
0.0004402352051975479,1.190391452816888,22.11411813743679,2.00192771035048,1.539056203038687,51.5144352269312,0.32082675482441947,21.319244514601532
0.0004449596702534934,1.1906294541521172,22.118539531451063,2.002324244554002,1.5363230499704328,51.5103712760014,0.32043039603044826,21.32138204784053
0.0004496998245435163,1.1908645363184518,22.122906695534798,2.002715669110515,1.5336293591285255,51.50636205988208,0.3200469155453703,21.323474764480267
0.00045445550783983565,1.1910968746888664,22.12722288762359,2.0031022730491586,1.5309728141679007,51.50240431849268,0.3196756065885227,21.325525225389285
0.0004592266258636483,1.1913266347076952,22.131491181206858,2.003484328653761,1.5283512350520096,51.4984949740087,0.31931579804992155,21.327535848321045
0.00046401314586178006,1.1915539723249757,22.13571447339678,2.00386209218673,1.5257625710020515,51.49463112314129,0.3189668538136853,21.329508914134486
0.0004688150924124896,1.1917790344350614,22.139895493076413,2.004235804624981,1.5232048953926398,51.490810028965484,0.3186281699525461,21.33144657355287
0.00047363254344269295,1.1920019593089528,22.14403680893124,2.004605692375395,1.5206763976641788,51.4870291136874,0.31829917581564826,21.33335085221718
0.0004784656264729192,1.1922228766215701,22.14814082995581,2.004968127259148,1.5181753133380547,51.483285970140024,0.3179794000209656,21.335227482664433
0.00048331452804002516,1.1924419085532025,22.152209825915527,2.005326486296144,1.5156998051433281,51.47957834553013,0.3176684909843537,21.337075137577322
0.00048817946731151066,1.1926591710502457,22.15624595076763,2.005681432903852,1.513248542212001,51.47590403758936,0.31736576542901573,21.338895100047907
0.000493060705375094,1.1928747727803242,22.160251223250313,2.0060331435279655,1.5108202363512104,51.472261009706365,0.31707072355443516,21.340688890829384
0.000497958537355905,1.1930888149210155,22.16422752295781,2.006381781541745,1.5084136067216631,51.468647364596265,0.31678291204344144,21.342457997218055
0.0005028732921919278,1.193301391027318,22.1681765878783,2.0067275009555487,1.5060276710266651,51.46506129458479,0.31650165534237695,21.344203899185
0.0005078053351147813,1.1935125908712685,22.172100085723205,2.0070704440456604,1.5036612815435892,51.46150116240422,0.31622675314416354,21.345927682267895
0.0005127550492641737,1.1937224978425236,22.175999565637337,2.0074107413061015,1.501313141992743,51.4579654338876,0.3159580032901325,21.347630616043567
0.000517722845291476,1.1939311909067076,22.17987649457941,2.007748518023263,1.4989821627431805,51.454452628160205,0.3156950681424642,21.34931393744477
0.0005227091622614619,1.1941387446365486,22.18373225790055,2.0080838924563946,1.4966673954868968,51.450961343795065,0.3154376056629388,21.35097876006161
0.0005277144636456851,1.1943452291613201,22.187568158405,2.0084169750697187,1.4943679512357257,51.44749026558535,0.31518530778278603,21.3526261127601
0.0005327392347244083,1.194550710406827,22.191385420808395,2.0087478690164753,1.4920829852290425,51.44403815824327,0.31493789239388337,21.354256963902095
0.0005377839811241012,1.1947552503973815,22.195185197347662,2.0090766707678966,1.4898116994554118,51.440603859350944,0.3146950936400792,21.355872229040628
0.0005428492277404269,1.194958907550983,22.198968573264573,2.0094034706656183,1.4875533452791716,51.43718627353704,0.3144566584727513,21.35747277122987
0.0005479355175752436,1.195161736915304,22.202736571189725,2.0097283532598076,1.485307218777269,51.4337843687553,0.3142223491371549,21.359059401965443
0.0005530434106667687,1.1953637903894163,22.206490155261605,2.010051397676843,1.4830726565770762,51.43039717207202,0.3139919421632715,21.360632885859776
0.0005581734830815509,1.1955651169565997,22.2102302354515,2.0103726780366857,1.4808490336681654,51.42702376525741,0.31376522572391696,21.362193944905727
0.0005633263261733865,1.1957657628782066,22.21395767116494,2.010692263744092,1.4786357606242297,51.423663281435125,0.3135420008458796,21.363743259307522
0.000568502545802964,1.1959657718874055,22.21767327484095,2.011010219831686,1.4764322810515425,51.420314901160026,0.31332207980630633,21.365281471422083
0.0005737027616876503,1.1961651853779987,22.221377815459704,2.0113266072745346,1.474238069459096,51.416977849319636,0.3131052847472212,21.366809188361824
0.0005789276068630958,1.196364042562009,22.225072021470073,2.0116414832297274,1.4720526282139985,51.413651391905525,0.312891448888884,21.36832698372979
0.0005841777271864162,1.1965623806327315,22.228756583818637,2.0119549013348434,1.4698754862893764,51.410334833096016,0.3126804138406735,21.369835400987725
0.0005894537809770737,1.196760234915124,22.232432158743578,2.012266911950345,1.467706197753389,51.407027512492654,0.31247202978897115,21.371334954355948
0.0005947564386694667,1.1969576390086223,22.236099370427677,2.0125775624016917,1.4655443391863099,51.40372880223707,0.3122661549489049,21.372826131789722
0.0006000863825595418,1.197154624900556,22.2397588131054,2.0128868971146985,1.463389507784967,51.40043810566552,0.31206265662174126,21.374309394807113
0.0006054443065299392,1.197351223100101,22.243411053551224,2.0131949579053514,1.461241319553235,51.39715485378829,0.3118614081950824,21.375785183906725
0.0006108309159998215,1.1975474627542844,22.247056633234777,2.0135017841557943,1.4590994096077206,51.39387850369699,0.31166228911607546,21.37725391743436
0.0006162469278432167,1.1977433783205582,22.250696192278394,2.0138074240333768,1.456963329625856,51.39060841314641,0.31146514489073013,21.378716117704677
0.0006216930774316434,1.1979390256460534,22.254330768164365,2.014111964161759,1.4548323670694099,51.38734352200828,0.3112695931371549,21.380172759812975
0.0006271701468021252,1.198134424623297,22.257960730439777,2.0144154216235877,1.4527066246431484,51.384083537522315,0.31107583609853756,21.381623425049334
0.0006326788863589416,1.198329592863727,22.261586406275512,2.0147178086861794,1.4505854644241427,51.380828166331305,0.3108840376294235,21.383068523789706
0.0006382200586795749,1.1985245513733394,22.26520818590377,2.015019155765859,1.448468553015904,51.37757696950654,0.31069389399427305,21.384508690440306
0.0006437944559556145,1.1987193215220244,22.268826466316888,2.015319491890027,1.4463558052228236,51.37432953078306,0.3105051993853116,21.385944184879868
0.0006494028803407431,1.1989139234899673,22.272441622405818,2.015618840386457,1.4442470340059703,51.371085479152065,0.31031787705027086,21.38737522350945
0.0006550461412893592,1.1992275129975136,22.27826723162045,2.0161113116030793,1.4403162832479408,51.36562904258941,0.30945446241287267,21.39099415552873
0.0006608592726748488,1.1995200573345182,22.283701880881114,2.0165421838613877,1.437818340612388,51.36082730298072,0.3096176709036719,21.391972563426197
0.0006666864183903893,1.1997995969729347,22.28889493949508,2.0169494883727523,1.4342036547032266,51.35619002111904,0.30973959298584025,21.39422270635113
0.0006726002060214892,1.2000759622062032,22.294029026608285,2.017365221681996,1.4309121344247968,51.35152236732253,0.3094096349710588,21.39668565278513
0.0006786193618139299,1.2003494862569717,22.299110332558367,2.0177797902242514,1.427970789322635,51.34688954967852,0.30896661831928024,21.39893343363998
0.0006847342163287744,1.2006188660988106,22.304114650786776,2.0181848614743,1.4251268149726484,51.34234433533189,0.3085862798234217,21.401024191512153
0.0006909363055993564,1.2008839594721503,22.30903933851165,2.0185801855312113,1.4222933492144465,51.33788530475676,0.308260575606046,21.403057286907735
0.0006972230659948384,1.2011452565779197,22.31389350228465,2.0189677506617563,1.4194854752719244,51.33349696507812,0.3079540811632865,21.405056968962345
0.0007035937483743931,1.201403211829069,22.318685583817658,2.019348683508007,1.416720489887968,51.3291696387035,0.3076561018109507,21.407016290442847
0.0007100472356695929,1.201658134177654,22.32342132256909,2.0197233788372846,1.4139979373106513,51.32489838674276,0.30736880002333716,21.408932040339224
0.0007165821196828504,1.2019102759696956,22.3281054064168,2.0200921340102096,1.4113115377187657,51.320679017026116,0.30709391243403533,21.410807716424372
0.0007231971391062156,1.2021598820050563,22.332742383052278,2.0204553282635467,1.4086566778399012,51.316507001429414,0.3068307083822521,21.412648019027547
0.0007298913007114976,1.2024071893567936,22.33733665662475,2.0208133586473274,1.4060305792296794,51.31237785957268,0.30657780766889076,21.414456548899885
0.0007366638273425118,1.2026524190145609,22.341892332499132,2.0211665860373524,1.4034309320156546,51.30828746762987,0.30633414292725475,21.416236119876185
0.0007435141108211271,1.202895774135996,22.346413184771745,2.021515331677207,1.400855407320078,51.30423206961594,0.30609892637053465,21.4179893061085
0.0007504416999556861,1.2031374420094583,22.350902692732447,2.021859888405758,1.3983017449251554,51.30020820482271,0.30587145246092085,21.419718574643554
0.0007574462992176829,1.203377595927217,22.355364075663175,2.0222005265889282,1.3957678648830418,51.29621266575389,0.3056510365003964,21.42142623468335
0.0007645277640007425,1.2036163962903603,22.359800313364072,2.0225374953051554,1.3932518741097972,51.29224248210975,0.30543703084826784,21.423114407972598
0.0007716860927532189,1.203853991449526,22.364214161771876,2.022871022947373,1.390752035546314,51.28829490876263,0.3052288392943446,21.424785040227924
0.0007789214189882019,1.2040905185941333,22.368608169479316,2.0232013186879207,1.3882667468081191,51.28436740900795,0.30502591473964846,21.426439922682906
0.0007862340042373978,1.2043261046478067,22.37298469436963,2.0235285741327282,1.3857945291258393,51.28045763737732,0.30482775276397944,21.428080707582698
0.0007936242315807417,1.204560867108064,22.37734591921553,2.0238529646434333,1.3833340174071436,51.27656342483189,0.3046338902169772,21.429708916576963
0.0008010925994280824,1.204794914856385,22.38169386672802,2.024174650888543,1.380883951364783,51.27268276272603,0.3044438991114242,21.43132595432481
0.0008086397159098069,1.205028348897141,22.38603041328366,2.0244937800104,1.378443166796077,51.26881378964316,0.3042573847944054,21.43293311657515
0.0008162662935544201,1.2052612630514081,22.390357301813612,2.0248104867406735,1.3760105864148326,51.26495477888319,0.30407398440773875,21.434531598688544
0.0008239731443162628,1.2054937445932254,22.394676153623543,2.025124894516456,1.3735852108667714,51.2611041260043,0.30389336330412947,21.436122507091582
0.0008317611752237602,1.205725874854119,22.398988479623974,2.025437116483495,1.3711661136187934,51.257260338118236,0.3037152130724184,21.437706864228968
0.0008396313842148948,1.2059577297710669,22.403295690509935,2.0257472563324974,1.3687524314160144,51.25342202372867,0.3035392503894242,21.439285617852388
0.0008475800258216095,1.2061892536798737,22.407596752197566,2.0260507797558853,1.366344630439067,51.24958985377974,0.3033647482677515,21.44086398188012
0.0008556066738248776,1.2064204718334444,22.411892133814664,2.026338794284647,1.3639420808059408,51.24576343074298,0.303192210463215,21.44245087805511
0.0008637124659161854,1.2066514479872863,22.41618301975887,2.026624721893055,1.3615434762151193,51.241941652223424,0.30302174707187757,21.44403393485038
0.0008718985417422891,1.2068822442072513,22.420470563038773,2.0269087127723426,1.3591487608983568,51.238123288766026,0.30285255827057805,21.445613872046664
0.0008801661218678745,1.2071129166566843,22.424755807011035,2.0271908492303683,1.3567576874299279,51.234307316572284,0.302684385046138,21.44719103805356
0.0008885164673789593,1.207343516004814,22.42903969296711,2.027471185344688,1.354369686385307,51.23049283592957,0.3025171472249247,21.448765936143587
0.0008969508903950072,1.2075740797621297,22.433322917746175,2.027749905519479,1.3519851548595168,51.22667896361094,0.3023495888384126,21.45033938966334
0.0009054708082054932,1.2078046540010754,22.43760633724438,2.0280270103320097,1.349604018400934,51.222864982602935,0.3021820891995923,21.451910908219073
0.0009140775963681864,1.2080352762437605,22.441890648516768,2.0283024481754297,1.3472248425006494,51.21905034897598,0.3020153055550554,21.453481130032348
0.0009227726804594808,1.208265986499597,22.446176594825452,2.028576260296042,1.3448466885619872,51.21523433898061,0.3018491449465791,21.455050985889734
0.000931557580570316,1.2084968262730553,22.450464947206505,2.0288485142630197,1.3424691497915342,51.21141617981847,0.30168332696318684,21.456621055684224
0.0009404338869170329,1.2087278356093225,22.45475644958665,2.0291192641796263,1.340091910872503,51.207595147345664,0.3015176748988078,21.458191717507425
0.0009494032411385456,1.2089590524954819,22.45905180765882,2.029388552026589,1.3377145909254202,51.20377056786138,0.30135209032384114,21.45976333870847
0.0009584673348850555,1.209190513438687,22.46335169962304,2.0296564167290922,1.3353367823778843,51.19994179532015,0.30118648458157743,21.461336307929578
0.000967627913001775,1.2094222539160042,22.467656784543205,2.029922896901765,1.3329580950472744,51.19610820115484,0.3010207627285684,21.462911005708342
0.0009768867744047803,1.2096543085207043,22.471967705064795,2.03018803006068,1.3305781596736141,51.19226917359777,0.30085483003470953,21.464487793047727
0.0009862457717389305,1.2098867110611595,22.476285089252077,2.0304518522856707,1.3281966209884037,51.188424116275364,0.30068859617069577,21.46606701396663
0.0009957068111489597,1.2101194946467084,22.480609552183243,2.0307143979251494,1.325813131907001,51.184572447098155,0.30052197821274707,21.467648998027013
0.0010052718520892835,1.2103526917936651,22.484941697919762,2.0309756999656847,1.3234273509944376,51.18071359599775,0.3003548976112349,21.46923406571747
0.001014942907793764,1.2105863345534678,22.489282121887026,2.0312357905276417,1.3210389443004327,51.176847002175585,0.30018727778543836,21.470822528770405
0.0010247220457881678,1.210820454597742,22.49363141245457,2.031494700658237,1.3186475836392593,51.172972112932314,0.30001904683107317,21.472414688886808
0.0010346113881592252,1.2110550833099702,22.49799015263905,2.0317524607721893,1.316252946024557,51.16908838164249,0.2998501337163801,21.474010841895364
0.0010446131123689512,1.2112902518517394,22.502358921334917,2.0320091002430454,1.3138547109799914,51.16519526709637,0.29968047290662025,21.475611275587315
0.0010547294516704442,1.2115259912649512,22.506738295213218,2.0322646482961852,1.3114525620744577,51.161292230684964,0.299509997436651,21.477216275029576
0.0010649626962810261,1.211762332513133,22.511128849489015,2.03251913329761,1.3090461852648276,51.157378736709624,0.29933864513693065,21.478826117588856
0.0010753151938410472,1.2119993065564973,22.515531159315806,2.0327725832557335,1.3066352662435226,51.15345425033653,0.2991663550575592,21.480441079234357
0.0010857893506328049,1.2122369444248744,22.519945801140377,2.033025025985666,1.304219493046943,51.14951823628642,0.29899306713480606,21.482061431980913
0.001096387632534337,1.2124752772667953,22.52437335361465,2.0332764890960346,1.30179855369025,51.145570157993625,0.29881872183511016,21.48368744650354
0.001107112566278416,1.2127143363982853,22.528814398502103,2.0335269998518344,1.2993721356675128,51.14160947701687,0.2986432624857095,21.485319390077684
0.001117898595333369,1.212952766622545,22.533243760065766,2.033775858845177,1.2969531434177557,51.137657523498326,0.2984625139315277,21.486954433618898
0.0011286783392634304,1.2131892106963789,22.537636224552372,2.034022082480733,1.294559601219477,51.13373627760953,0.29827475998359027,21.488581843457922
0.0011394517428292663,1.213423676669905,22.54199194151043,2.0342650041549786,1.2921937914142663,51.129846716106265,0.29808525491476473,21.4901936152294
0.00115021883639097,1.2136561677164273,22.54631096989099,2.034504200888775,1.2898508785404914,51.1259893762898,0.29789735790272975,21.49179104877077
0.001160979681080943,1.2138867104036506,22.55059380324712,2.0347397400567395,1.2875283485944662,51.122163811528566,0.2977111163239053,21.49337646984555
0.0011717343298618427,1.2141153408509278,22.554841112574604,2.0349718065246143,1.2852260520095007,51.1183693163814,0.2975258254545264,21.49495054620443
0.0011824828257719835,1.2143420438030184,22.55905261447406,2.035200437619499,1.282944908018291,51.114606228220914,0.29734150519635905,21.496512262667867
0.001193225215285193,1.2145665880634418,22.5632240139665,2.0354251615913546,1.2806881652867252,51.11087906891865,0.29716044198998237,21.498056560183343
0.001203961584870431,1.214789059127274,22.567356899309473,2.0356464501287737,1.2784512550812017,51.10718577810177,0.2969801824891692,21.499590375762335
0.001214691970220148,1.2150095305960944,22.571452637812882,2.0358646630653245,1.2762371453949675,51.103524923138266,0.296799048147608,21.501112051844864
0.0012254163956798162,1.215228043025087,22.57551198287774,2.0360796601601887,1.2740460733638312,51.09989614788003,0.2966185456132813,21.50261954707985
0.0012361349094109173,1.2155045874521693,22.580649398906957,2.0363782313061787,1.270990175668493,51.09519235861074,0.29612167240382004,21.505163575651654
0.0012468410369649544,1.2157685885572336,22.58555379536578,2.03663530603168,1.26881918645019,51.090779280422005,0.2958359277816116,21.506607915391506
0.0012575408659073865,1.216021371231908,22.590249785006513,2.0368237981634545,1.2660942594747915,51.08660667095292,0.29593916140770504,21.5082649537627
0.0012682376788269389,1.2162693207340718,22.594855987924046,2.037044714168255,1.2632856797669356,51.082467283053845,0.295794738523234,21.510282275829606
0.0012789274476380753,1.2165131790751669,22.59938618859964,2.037285292481111,1.260766564218457,51.07837214715445,0.2954901590345384,21.512186469436635
0.0012896088512594347,1.216752244045638,22.603827341958908,2.037520434236336,1.2584216547868652,51.07436124186151,0.29518882655607764,21.51392825655466
0.0013002824816362687,1.2169864176021572,22.608177626633143,2.0377438862113704,1.2561212751506556,51.070441406901246,0.29493248495718394,21.515596902544242
0.001310949040610277,1.2172160952740076,22.612444390441652,2.0379591251473093,1.2538382294961623,51.06660159267922,0.29470070556437716,21.517239861397275
0.0013249027700386882,1.217504834600442,22.617808353330147,2.0381916851660917,1.2510001485741737,51.06182612880731,0.2946486101786132,21.519020239343224
0.001339036754418317,1.2177913637227333,22.62313125685501,2.038434364940466,1.247943855181878,51.057068025802884,0.2945112723939104,21.52111986110311
0.0013534033126489414,1.2180781011388597,22.628458029892265,2.038694081059184,1.2449981730454418,51.0522871718644,0.2942523482116068,21.523232094788234
0.0013680121343018544,1.2183647834509588,22.633783779251996,2.038955821480221,1.242159656031566,51.04750568489629,0.2939675657476399,21.525262709141323
0.0013828548768053713,1.2186508810056629,22.639098665467444,2.0392119811101344,1.2393474607491084,51.0427394944949,0.29370430909223144,21.527247208080514
0.0013979262836012114,1.2189363739150516,22.644402319077088,2.0394631338828173,1.2365271768456463,51.037987479700064,0.2934592193710836,21.52922429720825
0.0014132269972945187,1.219221505068181,22.649699252275024,2.039711478255,1.2337022008840337,51.03324311347903,0.2932192458394863,21.531203204199244
0.0014287595831784935,1.2195064965337394,22.65499359047159,2.0399579482350294,1.2308809738076016,51.02850180283889,0.2929792268993471,21.5331799612138
0.0014445261550541742,1.2197914902467601,22.66028797041968,2.040202548255623,1.2280651982579225,51.02376121603673,0.2927396594936162,21.535151917289674
0.0014605283200190026,1.2200765905001716,22.665584329587944,2.040445175710205,1.225252580495246,51.019019686681574,0.29250163279243124,21.537120004232435
0.0014767677204488299,1.2203618967204468,22.670884515040036,2.04068589325053,1.222440789959603,51.014275442738196,0.2922651837943671,21.53908627849681
0.0014932462705214997,1.2206475081054138,22.676190369592007,2.0409248513757303,1.2196285132180882,51.009526640058866,0.2920297841016912,21.541052333548205
0.0015099661145277679,1.2209335184668761,22.681503636002766,2.04116219246771,1.2168149649713884,51.00477154619987,0.2917949269663848,21.543019214925007
0.0015269114926073396,1.2212197322862026,22.686820682087212,2.041397948893629,1.2140018954391638,51.000013086963925,0.2915595733909171,21.54498708093895
0.0015440655460989224,1.2215059399088708,22.692137613055202,2.041632079932648,1.2111922101011787,50.995254529257714,0.29132310233775865,21.546954525406615
0.0015614294553721456,1.2217922052904846,22.69745561702162,2.041864530109245,1.2083859961584238,50.99049488870254,0.29108616752814387,21.548920595189546
0.001579004176221502,1.222078578702527,22.702775627888922,2.042095268267477,1.2055818383690509,50.985733353884775,0.2908492675529626,21.550886065334286
0.0015967907219041053,1.2223651094445032,22.708098561502965,2.042324355023834,1.2027786291476616,50.98096903733607,0.2906123319965446,21.552851975548425
0.001614752262552323,1.2226512841575319,22.713414881102608,2.042551733915491,1.1999807100937705,50.976210028873695,0.2903737794086138,21.554817582448283
0.0016326926314493622,1.2229342687649578,22.718671937531308,2.042776617475567,1.197215085092365,50.97150175755952,0.29012747894024343,21.55677285463604
0.0016506117797771235,1.2232141651498896,22.723871623490048,2.042998398230743,1.1944916830120258,50.96684350549418,0.2898775594653627,21.558703065157736
0.0016685098790737874,1.2234910276529734,22.729014948474894,2.0432163005831634,1.191805143305908,50.9622352914488,0.2896295286833066,21.560607759850946
0.001686387209125397,1.2237649321067003,22.734103321239804,2.043430207543827,1.1891495418554818,50.957676074562464,0.2893850172241647,21.562490905467556
0.0017042440419769976,1.2240359713187186,22.739138465889294,2.0436403593173234,1.186522521309049,50.95316419750463,0.2891434104422812,21.5643550742187
0.0017220806131266776,1.2243042370692245,22.744122087440736,2.0438470075324804,1.183923697139331,50.94869802460411,0.288903919527358,21.56620102668676
0.0017398971357580624,1.2245698127765747,22.7490557355721,2.0440503172885154,1.1813528472882953,50.94427614386736,0.2886662178915448,21.56802892531561
0.001757693815182258,1.2248327743970187,22.753940821336403,2.044250401211293,1.1788093833093154,50.93989731100847,0.28843026645226894,21.56983904228522
0.0017754708531702817,1.2250931929086355,22.75877866330632,2.0444473611431246,1.1762925218920357,50.935560367861946,0.2881960675276456,21.571631825360292
0.0017932284470111711,1.2253511356090498,22.76357051168203,2.044641300902297,1.1738014969672583,50.9312642107268,0.28796358451122117,21.57340775960135
0.001810966788405096,1.2256066664306213,22.76831755414658,2.0448323234846475,1.1713356221607236,50.92700778853055,0.2877327569140586,21.575167288332807
0.0018286860634187743,1.2258598460527137,22.773020917951538,2.045020527504709,1.1688942753496006,50.92279010473685,0.2875035236029528,21.576910804801642
0.0018463864529447655,1.226110732032103,22.77768167233954,2.0452060053225702,1.1664768698585095,50.91861021691146,0.2872758356485551,21.57863866788725
0.0018640681332608574,1.2263593790640632,22.782300833394547,2.0453888441475567,1.164082842868956,50.9144672313909,0.2870496526099451,21.58035121652402
0.0018817312763720964,1.2266058392239847,22.786879368530606,2.045569126651594,1.161711654413896,50.91036029884817,0.28682493996538594,21.582048772366356
0.0018993760502901947,1.2268501621824681,22.79141820048745,2.0457469315641204,1.1593627880775812,50.90628861029618,0.2866016666527502,21.583731640739444
0.0019170026192554131,1.227092395384408,22.795918210656545,2.045922333693861,1.1570357489733305,50.9022513941635,0.2863798064251338,21.585400110703233
0.0019346111439784927,1.227332472120847,22.800378159774084,2.0460952416564266,1.1547316792486277,50.898249984093205,0.2861599298836891,21.587052533223115
0.0019522018089428127,1.2275701838344226,22.804794173432043,2.046265259100752,1.1524526796339882,50.894288386368714,0.2859439674387211,21.588685350191362
0.001969774863265345,1.2278056264653414,22.809168033926746,2.0464330230952035,1.1501943314760772,50.890364361758714,0.2857289276598175,21.590305695618095
0.0019873304338652044,1.2280388662778963,22.813500972258563,2.046598688669818,1.1479605100451318,50.88647681789982,0.2855140956383558,21.591910049210416
0.002004868667697087,1.228286588473301,22.818102952443784,2.046793475561046,1.1455091240881499,50.88231111521456,0.28516413971497667,21.593832604504183
0.0020223843602249726,1.2285282648016058,22.82259261745141,2.0469458234302356,1.143367339646844,50.87828661792454,0.2849916597501345,21.595287676995234
0.002039885167779358,1.2287661426924894,22.82701171816778,2.047095619261158,1.1410119031091166,50.87432252482566,0.28483702819386353,21.596955063749945
0.002057369375082921,1.2290011219591115,22.831376970585918,2.0472519798801656,1.1386751862958613,50.87039966640491,0.2846374427622675,21.598657632111763
0.0020748357797353957,1.2292333236429707,22.83569062332821,2.0474112719276696,1.1364216113623489,50.86651941238032,0.28440755284178315,21.6003162045167
0.0020922842144835262,1.2294626969055604,22.839951731955065,2.047569187347032,1.1342352860963028,50.86268633023489,0.2841716372556938,21.601923130205456
0.0021097150347668125,1.2296892569340057,22.844160578517116,2.0477239350317986,1.1320895555019055,50.85890169702654,0.2839416404531367,21.603493336535507
0.0021271286733837804,1.229913095245833,22.848318863019067,2.047875440898013,1.1299701617680662,50.85516405528361,0.28371943874133376,21.605038945044075
0.002144525482252841,1.2301343317122349,22.85242881248186,2.0480241442020266,1.1278734575026916,50.85147105075247,0.28350331566366366,21.606564887685042
0.0021619057355742855,1.2303530822763382,22.856492580791596,2.048170415525502,1.1257998390879822,50.84782046009475,0.283291561966576,21.608072060257257
0.0021792696687273974,1.2305694495991675,22.860512075089005,2.0483144571522645,1.1237499038113485,50.84421042623064,0.28308332113853396,21.609560366979032
0.002196617503348276,1.2307835247694123,22.864488986820486,2.0484563719616578,1.121723463279854,50.84063936922681,0.2828783120578737,21.611029971883898
0.00221394945528684,1.2309953909246316,22.86842486029358,2.048596231484835,1.1197197845636457,50.837105867955316,0.2826764516327523,21.612481413145247
0.002231265734542403,1.2312051255772267,22.872321136046175,2.0487341054149417,1.1177379786467756,50.83360859633345,0.28247766796848145,21.61391539001295
0.002248566543847318,1.2314128016271382,22.8761791683098,2.048870066541264,1.1157772010653728,50.83014630218565,0.2822818567827303,21.615332603488046
0.0022658520780002743,1.2316184877596779,22.880000233016688,2.0490041873787708,1.1138366983437331,50.82671780343352,0.28208889654844127,21.616733693519173
0.0022831225240921896,1.2318222486968264,22.883785532233368,2.04913653754817,1.1119157918379123,50.82332198584785,0.2818986641825041,21.618119239653367
0.002300378062012263,1.2320241454850567,22.887536193556997,2.0492671823226236,1.1100138524833638,50.81995779982661,0.28171104569914535,21.6194897806262
0.0023176188650162388,1.2322242357702076,22.891253293467777,2.049396182403508,1.1081302854067518,50.816624255883305,0.28152593988259655,21.620845807185862
0.002334845100279466,1.2324225740911603,22.894937844991116,2.049523594981358,1.1062645218596925,50.81332041833006,0.2813432530754682,21.622187792671156
0.0023520569292186217,1.2326192121502801,22.89859080844826,2.049649473884668,1.104416020479402,50.81004540114983,0.2811628996936051,21.623516184193946
0.0023692545078610274,1.2328141990386612,22.902213095833808,2.0497738697586874,1.1025842637151475,50.80679836371491,0.2809848021804727,21.624831405758314
0.0023864379871867216,1.2330075813931176,22.90580557477585,2.049896830785551,1.1007687560283763,50.803578506455295,0.28080888694834805,21.62613386361347
0.002403607513350924,1.233199403792041,22.90936904573979,2.0500184021944503,1.098969022683988,50.800385068537956,0.28063508847482155,21.627423968576952
0.002420763227996529,1.233389708711204,22.912904315416757,2.0501386272998814,1.097184608754993,50.79721732407625,0.28046334363880077,21.62870207210211
0.002437905268449555,1.2335785367349201,22.91641214174359,2.0502575465464,1.0954150741919637,50.794074579866056,0.28029359767793927,21.62996852323913
0.0024550337680145228,1.2337659267127759,22.91989324593711,2.050375198712139,1.093659994873396,50.79095617266256,0.28012579802738385,21.63122366307464
0.002472148856104301,1.2339519158766312,22.923348319137745,2.0504916205892236,1.0919189613975155,50.787861467076766,0.2799598968356225,21.6324678190865
0.002489250658446626,1.2341365395428987,22.926778024410165,2.050606847152204,1.090191577793243,50.78478985370561,0.2797958499987191,21.633701307397157
0.0025063392972544886,1.2343198322523306,22.93018299865147,2.050720911415339,1.0884774590582067,50.78174074769147,0.2796336186790534,21.634924432252124
0.0025234148914143697,1.23450182710922,22.933563766489794,2.0508338450595085,1.0867762306315758,50.77871358631146,0.27947316611075035,21.636137578287684
0.002540477556536564,1.2346825558750707,22.93692096202749,2.050945678012697,1.0850875328255127,50.77570782966475,0.2793144612688678,21.637340980325614
0.002567696886342781,1.2349659529982677,22.942185179538072,2.051081534775697,1.0826105592870368,50.77102300956115,0.2792478554133682,21.63888590842641
0.0025948819986204167,1.2352437390227713,22.947345171292508,2.051225474437899,1.0798076678800257,50.76643166799724,0.27917470987413173,21.64077156949542
0.0026220251247219125,1.235519626484528,22.95246991439664,2.0513792123396333,1.0770050809385554,50.76186245450863,0.27904440491408083,21.642719306417924
0.0026491232265364135,1.2357936633848619,22.957560192265145,2.051539281424316,1.074290868411441,50.757316924589844,0.2788656593089733,21.64463341061542
0.002676175617377498,1.2360656203531677,22.962611134156436,2.051701665164617,1.0716662279688947,50.752802201305805,0.2786595878675307,21.646493563183544
0.002703182701191577,1.2363353059474453,22.967619704817675,2.0518637100917867,1.0691076857294135,50.74832383882938,0.27844290656422277,21.648306848020084
0.002730145217601526,1.236602634216332,22.972584300440182,2.0520240872723052,1.0665929581995433,50.74388454074366,0.2782252849299902,21.650086194197993
0.0027570639135667363,1.236867593695418,22.977504883197035,2.0521822856897427,1.0641073869269004,50.739484888282924,0.27801128212085563,21.651841680087113
0.0027839394524566074,1.2371302298372737,22.982382307313625,2.052338178512776,1.0616428122319843,50.73512429705037,0.2778027160465031,21.653579459007467
0.0028107724172719327,1.2373906179973964,22.987217826046557,2.0524917761253336,1.0591949346643068,50.73080167709077,0.27760024555279217,21.655302922522846
0.0028375633359116067,1.2376488079500827,22.99201028451005,2.052643078989604,1.0567616264702162,50.72651625211343,0.277404322646683,21.657015627319932
0.0028643127129153916,1.2379047477324026,22.996760546206254,2.0527919271644555,1.0543423779516974,50.722269104888774,0.277215962035008,21.658715334021416
0.00289102108842994,1.2381585236207335,23.00147021756079,2.052938470263879,1.0519340191920377,50.718058664445806,0.27703491120306833,21.660405193713682
0.0029176889275055774,1.2384131471659883,23.006195894920804,2.053086734154793,1.049493771462682,50.71382934747096,0.276847236439763,21.662133868385013
0.002944315341795485,1.238665072746661,23.010871717504774,2.053228814743888,1.0471003304636817,50.70964892330596,0.2766844734343939,21.663800667800636
0.002970902383366692,1.2389146978375805,23.015504592473942,2.0533682424600417,1.0446869235018958,50.705507582378516,0.2765343435442471,21.665483617803783
0.002997450115821483,1.2391622006409198,23.02009755606346,2.053505069164194,1.0422699241087077,50.70140261283299,0.2763955741818074,21.66716706300792
0.0030239588937090896,1.2394076980663755,23.02464779718498,2.053638958978514,1.0398515121864946,50.69733230783946,0.2762699870523737,21.668851738691806
0.003050429207339161,1.2396512902406016,23.029161970758107,2.053769526590346,1.0374276006801169,50.693295266354276,0.2761603837891405,21.670533961587413
0.0030768616092037003,1.2398930774253245,23.033641929709677,2.0538962950031565,1.0349911585885114,50.6892902231841,0.27607050393611027,21.67221681215311
0.0031032566913892948,1.2401330934064443,23.038089670734966,2.054018668755639,1.0325330734944567,50.68531594119449,0.27600500814367585,21.67390454427033
0.003129615086560057,1.2403713663588534,23.04250740769231,2.054135883519031,1.0300419678574961,50.68137115030679,0.2759698090149635,21.675602415250562
0.0031559374806897386,1.240608176573791,23.04689764847509,2.054246937408902,1.0275035416812608,50.67745455357099,0.2759725214656506,21.677316620824318
0.0031822246315206574,1.2408436810204644,23.051263286759923,2.054350492650588,1.0248995534698082,50.673564843585694,0.27602312797192285,21.679055014541593
0.003208477399402648,1.2410780625894566,23.055607681523714,2.054444678756541,1.022206336261338,50.669700902468996,0.27613529450922913,21.680827043890726
0.0032346968073401175,1.2413115408526412,23.05992886834783,2.054526856755524,1.0193916344851877,50.66586168480658,0.2763279288051464,21.6826514859471
0.003260884100163987,1.2415443992355315,23.064232701015666,2.054593657545657,1.0164128332013334,50.662045883630235,0.27662512902396746,21.68454539634761
0.0032870407734156416,1.2417769889122683,23.068530703470987,2.0546401496544004,1.0132132657841484,50.65825275015029,0.2770611404219557,21.68652500160596
0.0033131687488053975,1.242009759187323,23.072831178922854,2.0546591755673043,1.0097140672171314,50.65448227763697,0.2776847064890418,21.68861883497938
0.003339270556517453,1.2422432998745603,23.07714499511131,2.054640204012936,1.005804386861593,50.650735800143075,0.27856595380698423,21.690865360189548
0.0033653496083918787,1.2424784023094142,23.081486678078143,2.054567371748324,1.0013260880480455,50.647017149820414,0.2798077818251866,21.69331652817047
0.0033914106164086976,1.242716141902892,23.08587585949215,2.0544158798713954,0.9960496250385059,50.643335621533495,0.28156600307463236,21.696040869086943
0.0034174603013396167,1.242958013609762,23.09033963601874,2.054145512673706,0.9896317094091495,50.6397108466091,0.2840834740531466,21.6991308076264
0.0034435084855063917,1.2432061611313303,23.094916579181046,2.0536890410116593,0.9815495906884532,50.636182744825156,0.28774882842779204,21.70270705473456
0.003469569803063726,1.2434636814033286,23.099661719837083,2.0529265731195014,0.9709837608034311,50.63283671855498,0.293220517939879,21.706907028341817
0.0034956668929323723,1.243734914107482,23.104652403628435,2.051625923352238,0.9565902790355706,50.62986856573956,0.30170275087344284,21.711825163263264
0.003521836696504159,1.2440236341565623,23.109991304417033,2.049287590910241,0.9360131051913932,50.62775952856037,0.3156440163744628,21.717280820389938
0.003548143895163116,1.2443374867793522,23.115777635480075,2.0446105063270226,0.9047189595173832,50.62784710158725,0.3408593805194559,21.721848929789466
0.0035747134864249817,1.2446714266083054,23.121830726685218,2.033580656318061,0.8525451792539834,50.63470592707243,0.39522119249327664,21.717444891568725
0.0036018315344114172,1.2448217088355962,23.12439780971213,1.9976189418131303,0.7509245068719439,50.669173448174256,0.5607497779727084,21.65231380662024
0.003611155709244235,1.0214868544123372,23.06642852959967,1.8648849483114867,0.5427955822460238,50.76248429957014,1.2768315561623045,21.465088229698026
0.003612155709244235,1.3936089727889756,18.634543055508964,0.6051864318786309,4.290205568691339,40.13099048834395,1.5235806812930637,33.421884801495075
0.0036131557092442352,1.3940006899206663,25.896603900864857,2.3443971914032717,4.291310662949955,40.1155691064029,0.0,25.958118448458343
