"Время, с","Время, ч","Температура, °C","Объёмная доля, %","Средний радиус, нм","Плотность частиц, 1/м³","Скорость зарождения, 1/(м³·с)","Движущая сила, Дж/м³","Движущая сила, Дж/моль","Критический радиус, нм","Радиус зародыша, нм"
0.0,0.0,750.0,0.0,0.0,0.0,0.0,415556928.74833786,3033.565579862867,0.5390356519254547,0.0
0.01001,2.7805555555555557e-06,750.0,0.0,0.0,0.0,5.140401836331257e-55,415556928.7483765,3033.5655798631487,0.5390356519254045,0.0
0.02003001,5.563891666666667e-06,750.0,0.0,0.0,5.150687794487858e-57,6.643520310382962e-15,415556928.7483656,3033.5655798630687,0.5390356519254187,0.0
0.03006004001,8.350011113888889e-06,750.0,0.0,0.0,6.663470777396211e-17,0.15590529955953733,415556928.7484423,3033.5655798636285,0.5390356519253192,0.6392178013800334
0.040100100050009996,1.1138916680558332e-05,750.0,1.6116306020757689e-28,0.6301875000000001,0.0015652985690814054,755246.7158899349,415556928.7483561,3033.5655798629996,0.539035651925431,0.6392178013801452
0.043700100050009995,1.2138916680558332e-05,750.0,2.799365878122288e-22,0.6301875000000001,2718.8881854913566,33648885.70313143,415556928.7482948,3033.565579862552,0.5390356519255105,0.6392178013802247
0.047300100050009994,1.3138916680558331e-05,750.0,1.2765986540671162e-20,0.6303951546232498,123854.87673333044,841124870.554011,415556928.7483952,3033.5655798632847,0.5390356519253803,0.6392178013800944
0.05090010005000999,1.4138916680558332e-05,750.0,3.248883470012373e-19,0.6304037681542057,3151904.410520071,13335637610.342098,415556928.74842787,3033.565579863524,0.539035651925338,0.6392178013800521
0.05450010005000999,1.513891668055833e-05,750.0,5.273575028222666e-18,0.6304089400172207,51160199.75346642,146762473194.42963,415556928.7483546,3033.5655798629887,0.5390356519254329,0.6392178013801472
0.05810010005000999,1.613891668055833e-05,750.0,5.97371330364147e-17,0.6304151731690453,579505103.4271759,1199877224494.7512,415556928.7481692,3033.565579861635,0.5390356519256735,0.6392178013803876
0.06170010005000999,1.7138916680558332e-05,750.0,5.050297920549401e-16,0.6304225642199359,4899063115.255466,7676676623124.118,415556928.7492247,3033.5655798693406,0.5390356519243042,0.6392178013790184
0.06530010005001,1.8138916680558332e-05,750.0,3.3540954608784272e-15,0.6304310387131126,32535098935.59213,40025426655752.26,415556928.7484568,3033.5655798637345,0.5390356519253005,0.6392178013800146
0.06890010005001,1.9138916680558333e-05,750.0,1.8209628684619263e-14,0.6304405150062296,176626634878.61905,175612658772215.38,415556928.7482958,3033.5655798625594,0.5390356519255093,0.6392178013802234
0.07250010005001001,2.0138916680558337e-05,750.0,8.339251138993275e-14,0.6304509181272419,808832205982.878,665268069437939.0,415556928.7484498,3033.5655798636835,0.5390356519253094,0.6392178013800236
0.07610010005001001,2.1138916680558338e-05,750.0,3.303386030244426e-13,0.6304621821455239,3203797255296.491,2221825577659864.8,415556928.74832493,3033.565579862772,0.5390356519254714,0.6392178013801856
0.07970010005001002,2.2138916680558338e-05,750.0,1.155132250774444e-12,0.6304742500910081,11202369338907.764,6654442709172999.0,415556928.74834687,3033.5655798629323,0.539035651925443,0.6392178013801572
0.08347842387409792,2.318845107613831e-05,750.0,3.748111886478326e-12,0.6304944058673356,36345008767466.26,1.9007223937771904e+16,415556928.74829704,3033.565579862569,0.5390356519255076,0.6392178013802218
0.08762307700039414,2.4339743611220592e-05,750.0,1.1874052315453304e-11,0.6305241247999223,115123358901427.98,5.416367581353409e+16,415556928.74822503,3033.565579862043,0.539035651925601,0.6392178013803151
0.09217974957777053,2.560548599382515e-05,750.0,3.733679864334558e-11,0.6305581680673259,361929495122318.7,1.5364220497318394e+17,415556928.747762,3033.565579858663,0.5390356519262016,0.6392178013809158
0.09721138430979942,2.7003162308277616e-05,750.0,1.1711091900631864e-10,0.6305968035436788,1135000949904661.8,4.3370431098513254e+17,415556928.74661607,3033.565579850297,0.5390356519276881,0.6392178013824023
0.10279361440542631,2.8553781779285086e-05,750.0,3.6700218607538245e-10,0.6306411441830071,3556038205807560.5,1.2177739391984852e+18,415556928.7429659,3033.565579823651,0.5390356519324229,0.639217801387137
0.1090185999456344,3.028294442934289e-05,750.0,1.1496737863855156e-09,0.6306926069882085,1.113666335154286e+16,3.39949476013927e+18,415556928.73130316,3033.5655797385134,0.539035651947551,0.6392178014022653
0.11599966717485798,3.222212977079388e-05,750.0,3.60075490978504e-09,0.630752911698453,3.4868764739384784e+16,9.429563090574322e+18,415556928.694972,3033.5655794732957,0.5390356519946777,0.6392178014493919
0.12387760279865136,3.44104452218476e-05,750.0,1.1276133666777593e-08,0.6308242195277406,1.0915425494748546e+17,2.597269614077044e+19,415556928.581619,3033.565578645819,0.5390356521417123,0.6392178015964265
0.13282928431168692,3.689702341991303e-05,750.0,3.5310144688506816e-08,0.6309093289894087,3.416535509636139e+17,7.098498133058048e+19,415556928.22616583,3033.565576051011,0.539035652602785,0.6392178020574992
0.14307970574632814,3.974436270731337e-05,750.0,1.1057035436543049e-07,0.6310119427026619,1.0692794527059085e+18,1.923373494546912e+20,415556927.1131653,3033.5655679261067,0.5390356540465029,0.6392178035012172
0.15491903216608968,4.3033064490580464e-05,750.0,3.4626897429956106e-07,0.6311370497965908,3.3464234299147407e+18,5.161418221463368e+20,415556923.6275568,3033.565542481165,0.5390356585678263,0.6392178080225406
0.1687272624356274,4.6868684009896506e-05,750.0,1.0846094975672122e-06,0.631291496495016,1.0473422102130113e+19,1.370142694051457e+21,415556912.70955557,3033.5654627797558,0.5390356727300069,0.639217822184721
0.18501067771553759,5.139185492098266e-05,750.0,3.398498758476517e-06,0.6314848640920278,3.278396367689916e+19,3.5928655727482283e+21,415556878.4951122,3033.5652130143194,0.5390357171109483,0.6392178665656625
0.20445703671008206,5.6793621308356126e-05,750.0,1.065496460674724e-05,0.6317308594865013,1.0265154294392436e+20,9.290979063834804e+21,415556771.20669174,3033.5644298088496,0.5390358562791551,0.6392180057338692
0.2280214965197664,6.3339304588824e-05,750.0,3.34353895284944e-05,0.6320495869944779,3.215830216971735e+20,2.364512234250331e+22,415556434.42953634,3033.5619713356155,0.5390362931270709,0.6392184425817852
0.2570646523696608,7.140684788046133e-05,750.0,0.00010506255662534845,0.6324713939546028,1.0082607192348839e+21,5.907411547833795e+22,415555375.670352,3033.55424239357,0.5390376664930757,0.63921981594779
0.29358262333311264,8.15507287036424e-05,750.0,0.0003307954665706404,0.633043660502805,3.1650415444470006e+21,1.4443677846622745e+23,415552039.61320215,3033.529889176376,0.5390419938944357,0.6392241433491499
0.3406078599670754,9.461329443529872e-05,750.0,0.0010445761680381617,0.6338434283125157,9.952588559555626e+21,3.4423093626398365e+23,415541493.33455414,3033.4529013422452,0.5390556745669118,0.6392378240216261
0.40294708924638295,0.00011192974701288416,750.0,0.003312265452344286,0.6350025397220276,3.136732947169092e+22,7.953628822164368e+23,415507997.10532624,3033.2083788688815,0.5390991306076324,0.6392812800623465
0.48864489801910344,0.0001357346938941954,750.0,0.010561581332208683,0.6367626242487364,9.909858192559673e+22,1.7672781334482616e+24,415400940.257309,3032.426863878356,0.5392380668692016,0.6394202163239158
0.6122215137769665,0.00017006153160471294,750.0,0.03389037987351142,0.639613071986478,3.1326867656099355e+23,3.7225355872055747e+24,415056327.2955771,3029.911189257713,0.5396857854439628,0.639867934898677
0.7344715862454583,0.00020401988506818286,750.0,0.08201463188031437,0.641422742538667,7.508449143440867e+23,5.928107798966538e+24,414343684.33602047,3024.7088956529496,0.5406140082935176,0.6407961577482317
0.8101677703085536,0.00022504660286348712,750.0,0.12948478915418296,0.6418151763214679,1.1827711153288976e+24,7.231612107599325e+24,413637825.7330602,3019.5561278513396,0.5415365473479634,0.6417186968026776
0.8714665269302851,0.00024207403525841254,750.0,0.1767240724836006,0.6423485958156634,1.6095742601095962e+24,8.189577315149793e+24,412932784.1841736,3014.4093245444674,0.5424611669973217,0.6426433164520359
0.9249921107295326,0.0002569422529804257,750.0,0.2238040344099141,0.6429608541468138,2.0316611759221386e+24,8.93203905685509e+24,412227523.9272524,3009.2609246689426,0.5433892377344756,0.6435713871891898
0.9735494158113731,0.00027043039328093695,750.0,0.2707523659627313,0.6436136547762947,2.4492812379678354e+24,9.520025848500569e+24,411521627.48025346,3004.1078806058504,0.5443213309870293,0.6445034804417434
1.018641372581803,0.0002829559368282786,750.0,0.317583524813519,0.6442887673097172,2.8626003103879725e+24,9.989256036292632e+24,410814868.25570816,2998.9485382666694,0.5452577725608829,0.6454399220155972
1.061184572169722,0.0002947734922693672,750.0,0.3643066556943576,0.6449773308327096,3.2717349435959027e+24,1.03632542141446e+25,410107098.0377841,2993.781815675824,0.5461987882476552,0.6463809377023694
1.1017869726162413,0.00030605193683784477,750.0,0.4109284251606908,0.6456749544215172,3.676769911731704e+24,1.0658713584854123e+25,409398206.2586718,2988.6069056883043,0.5471445565114887,0.647326705966203
1.1408766069340308,0.0003169101685927863,750.0,0.45745424059150325,0.6463794992404205,4.0777681216477754e+24,1.0888106683371732e+25,408688102.3158572,2983.423146905757,0.5480952313773994,0.6482773808321136
1.1787687033340968,0.000327435750926138,750.0,0.5038888422270394,0.6470900174123974,4.4747766470971696e+24,1.1061111526843052e+25,407976706.89069587,2978.22996030208,0.5490509536859749,0.649233103140689
1.2157037941776063,0.0003376954983826684,750.0,0.5502366171385267,0.6478062149555425,4.867830621398453e+24,1.1185457633095657e+25,407263947.3026466,2973.02681530932,0.5500118571348541,0.6501940065895684
1.2518707967877976,0.0003477418879966104,750.0,0.5965017775347076,0.6485281666241279,5.256955866492762e+24,1.126746017502327e+25,406549754.8633247,2967.8132105022705,0.550978071737628,0.6511602211923422
1.2874217225480773,0.0003576171451522437,750.0,0.6426884677183686,0.6492561585222836,5.642170733956202e+24,1.131237405643488e+25,405834063.2630092,2962.588661819967,0.5519497259519888,0.6521318754067029
1.3224814459023648,0.0003673559571951013,750.0,0.6888008314395873,0.6499905985839823,6.023487433749188e+24,1.1324638107159617e+25,405116807.56491244,2957.3526952238612,0.5529269480237701,0.6531090974784843
1.3571544180366832,0.00037698733834352313,750.0,0.734843056242094,0.6507319645083209,6.400913017882051e+24,1.1308049061317643e+25,404397923.54324144,2952.1048418656624,0.5539098668889385,0.6540920163436527
1.391529415727394,0.000386535948813165,750.0,0.7808194038766261,0.6514807730443352,6.774450123673282e+24,1.126588891481672e+25,403677347.2368752,2946.844634829189,0.5548986127986971,0.6550807622534113
1.425682984303854,0.000396023051195515,750.0,0.826734232057599,0.6522375617715187,7.144097545463625e+24,1.120102039201942e+25,402955014.62266594,2941.5716067454614,0.5558933177931971,0.6560754672479112
1.4596819876372473,0.00040546721878812424,750.0,0.872592010710496,0.6530028783418234,7.509850681474453e+24,1.1115959919949944e+25,402230861.40938103,2936.2852882884818,0.5568941160186566,0.6570762654733707
1.4935855324188672,0.000414884870116352,750.0,0.918397334670938,0.653777274256155,7.871701888011122e+24,1.1012934438994828e+25,401504822.8436794,2930.98520675886,0.5579011440348537,0.6580832934895678
1.5274464443156195,0.000424290678976561,750.0,0.964154933939673,0.6545613014220406,8.229640762891702e+24,1.089392626776876e+25,400776833.6034322,2925.670885305055,0.5589145410077458,0.65909669046246
1.561312417133164,0.00043369789364810113,750.0,1.0098696823967215,0.6553555104291163,8.583654375515613e+24,1.076070907609044e+25,400046827.67448306,2920.3418420237263,0.5599344489297342,0.6601165983844484
1.5952269191115445,0.0004431185886420957,750.0,1.0555466054082445,0.6561604498801832,8.933727455158622e+24,1.06148770310127e+25,399314738.2719443,2914.9975893851934,0.560961012782478,0.6611431622371923
1.6292299161797221,0.00045256386560547836,750.0,1.1125417970714635,0.6593075219593412,9.276353266951144e+24,1.0358839566937243e+25,398409054.5779362,2908.386098418934,0.5622362178422364,0.6624183672969506
1.6634912941519047,0.00046208091504219574,750.0,1.1693153710353414,0.6622932213644801,9.613111065435612e+24,1.0097826434718597e+25,397502565.0306285,2901.7687247235885,0.5635183762468056,0.6637005257015197
1.6980421250799198,0.0004716783680777555,750.0,1.2258787638712638,0.6651397912860407,9.944030134842838e+24,9.83321660536758e+24,396595594.5576946,2895.147840271171,0.5648070807488853,0.6649892302035996
1.7329111425557033,0.00048136420626547315,750.0,1.2822409514465616,0.6678660563430436,1.0269117605785304e+25,9.566053084203633e+24,395688097.50545055,2888.5231117897893,0.5661024463767562,0.6662845958314704
1.7681255390104311,0.0004911459830584531,750.0,1.338410903609345,0.6704881325733414,1.0588376310016652e+25,9.297261762065326e+24,394780006.75595963,2881.8940493185055,0.5674046207169494,0.6675867701716636
1.8037111843570437,0.0005010308845436232,750.0,1.3943976586328444,0.673019917684452,1.090180566754927e+25,9.027676475498114e+24,393871257.60575193,2875.2601805219892,0.5687137501772579,0.6688958996319722
1.8396927730860086,0.000511025770301669,750.0,1.4502103343378157,0.67547347587213,1.12094021626904e+25,8.758048475028297e+24,392961787.5570382,2868.6210491663787,0.5700299802496356,0.6702121297043498
1.8760939430606938,0.0005211372064057483,750.0,1.5058581368234851,0.677859344646183,1.1511159778386165e+25,8.489054710561146e+24,392051536.1343,2861.97621378039,0.5713534557438061,0.6715356051985204
1.9129373703535615,0.0005313714917648782,750.0,1.5613503669225364,0.6801867814375142,1.1807070398346393e+25,8.221305050967518e+24,391140444.71271867,2855.325246402846,0.5726843210103766,0.6728664704650907
1.9502448437893538,0.000541734678830376,750.0,1.6166964244920665,0.6824639632690253,1.2097124184348213e+25,7.955348627183153e+24,390228456.399572,2848.667731716876,0.5740227200925516,0.6742048695472659
1.9880373220760696,0.0005522325894655749,750.0,1.6719058107603577,0.6846981495118832,1.238130993592555e+25,7.691679447079647e+24,389315515.90998024,2842.003266142856,0.5753687968906808,0.675550946345395
2.0263349757647418,0.0005628708266013172,750.0,1.726988128590443,0.6868958153528798,1.2659615436626114e+25,7.430741347396633e+24,388401569.4732097,2835.3314571544306,0.5767226952862521,0.6769048447409663
2.0651572160313654,0.0005736547822309348,750.0,1.781953080970459,0.6890627618528845,1.2932027792631255e+25,7.172932404930849e+24,387486564.7261192,2828.6519225006705,0.5780845592887234,0.6782667087434375
2.1045227118322916,0.0005845896421756365,750.0,1.8368104674787507,0.691204207138155,1.3198533765818755e+25,6.918608892092438e+24,386570450.6890162,2821.9642900298186,0.5794545330631103,0.6796366825178245
2.14444939667195,0.0005956803879644305,750.0,1.891570178793616,0.6933248622855205,1.3459120104567673e+25,6.668088788505965e+24,385653177.6751035,2815.2681970282556,0.5808327610584622,0.6810149105131763
2.1849544662528677,0.0006069317961813522,750.0,1.9462421893697024,0.6954289947064458,1.3713773875418799e+25,6.421654951954846e+24,384734697.2823861,2808.563290161419,0.5822193880152934,0.6824015374700075
2.226054367928604,0.0006183484355357234,750.0,2.0008365481313017,0.6975204812518526,1.396248279649937e+25,6.179557975738233e+24,383814962.35782456,2801.8492252121196,0.5836145590154673,0.6837967084701816
2.267764782842069,0.0006299346619005748,750.0,2.0553633671817777,0.6996028528129529,1.4205235574269886e+25,5.942018775049037e+24,382893927.0244471,2795.125667278464,0.5850184194373447,0.6852005688920588
2.3101006015503622,0.0006416946115417673,750.0,2.109832808484993,0.70167933184872,1.4442022244195384e+25,5.70923090491718e+24,381971546.6543025,2788.3922905764084,0.5864311149927818,0.686613264447496
2.35307589401956,0.0006536321927832112,750.0,2.1642550685989077,0.7037528640004488,1.4672834516229647e+25,5.481362697720487e+24,381047777.9595756,2781.648779104902,0.5878527915829065,0.6880349410376206
2.3967038745880256,0.0006657510762744515,750.0,2.2186403613556434,0.7058261447343671,1.4897666124592733e+25,5.258559181782211e+24,380122579.00037247,2774.894826702719,0.5892835952788285,0.6894657447335426
2.4409968627589573,0.0006780546840997103,750.0,2.272998898527273,0.7079016417904106,1.5116513181436688e+25,5.040943846603622e+24,379195909.29284996,2768.130137837805,0.5907236721454361,0.6909058216001502
2.4859662405096485,0.0006905461779193468,750.0,2.3273408685069232,0.7099816140779884,1.5329374533607973e+25,4.8286202266323166e+24,378267729.8449293,2761.3544278679838,0.5921731681733167,0.6923553176280308
2.5316224070457283,0.0007032284464015912,750.0,2.3816764131580106,0.7120681275604843,1.5536252121406144e+25,4.621673403389615e+24,377338003.3494442,2754.567424450943,0.5936322289609368,0.693814378415651
2.577974731486859,0.000716104092079683,750.0,2.4360156025964157,0.7141630685645642,1.5737151336561503e+25,4.42017131527914e+24,376406694.2436578,2747.7688679787025,0.5951009995985858,0.6952831490532999
2.625031504741863,0.0007291754179838507,750.0,2.4903684083819235,0.7162681549151683,1.5932081378393562e+25,4.224166006886372e+24,375473768.8860098,2740.958512867872,0.5965796243625323,0.6967617738172466
2.672799891138246,0.0007424444142050682,750.0,2.544744674963087,0.7183849452093097,1.6121055604681888e+25,4.0336947512780384e+24,374539195.70365614,2734.13612863669,0.5980682464465852,0.6982503959012993
2.721285880897625,0.0007559127446937847,750.0,2.599127119166416,0.720511114305122,1.6304091874646859e+25,3.848912268622715e+24,373603466.2673215,2727.305303751447,0.5995661716899678,0.6997483211446821
2.7704935872266034,0.0007695815520073899,750.0,2.6534919908123986,0.7226431716990641,1.6481227399918835e+25,3.6699283062456005e+24,372667027.27209765,2720.469299086313,0.601072763640153,0.7012549130948672
2.820425311324898,0.0007834514753680273,750.0,2.7078462814601845,0.7247819569297602,1.6652499176442319e+25,3.4967292587377226e+24,371729930.3071083,2713.628491241891,0.6025880127945044,0.7027701622492186
2.8710818568519243,0.0007975227380144234,750.0,2.762196761222233,0.7269282111527677,1.6817947471608228e+25,3.329286161719203e+24,370792216.2164853,2706.7831783803426,0.6041119263119014,0.7042940757666156
2.922462515918871,0.0008117951433107975,750.0,2.816549622201299,0.7290824763741549,1.6977617803893832e+25,3.1675570332562445e+24,369853918.6635434,2699.933606243867,0.6056445225980507,0.705826672052765
2.9745650561095047,0.0008262680711415291,750.0,2.870910445882838,0.7312453681245722,1.713155165616474e+25,3.011491390250083e+24,368915080.36992276,2693.0800867004364,0.6071858048616179,0.7073679543163321
3.0273856850874616,0.0008409404680798505,750.0,2.925284303621452,0.733417165610306,1.7279802306585047e+25,2.861030115775285e+24,367975750.0108898,2686.222975079496,0.6087357658578615,0.7089179153125758
3.0809190299791487,0.0008558108416608746,750.0,2.9796755994462085,0.7355981368199348,1.7422422228553648e+25,2.716106670287908e+24,367035985.63527405,2679.362695137501,0.6102943819317765,0.7104765313864907
3.1351581202010137,0.0008708772556113927,750.0,3.034088082016711,0.7377884839253696,1.7559465603901597e+25,2.576647379022845e+24,366095853.97026956,2672.499733982968,0.6118616137570105,0.7120437632117247
3.1900943824965973,0.000886137328471277,750.0,3.088524824295852,0.7399883653226071,1.7690987699459072e+25,2.442571885863234e+24,365155430.5099392,2665.6346427225567,0.6134374057841183,0.7136195552388325
3.2457176473429263,0.0009015882353730351,750.0,3.142988216884251,0.7421979075302342,1.7817044684829289e+25,2.3137935451857586e+24,364214799.35393393,2658.768035283718,0.6150216860966239,0.7152038355513382
3.3020161679564204,0.0009172267133212279,750.0,3.1974799920692263,0.7444171785028405,1.7937695101570754e+25,2.1902196965856033e+24,363274052.22156936,2651.900581217457,0.6166143676658116,0.7167965171205257
3.3589766536701076,0.0009330490704639188,750.0,3.2520011696446907,0.7466463185484431,1.8052994728578334e+25,2.071752313326784e+24,362333289.7916743,2645.0330154792227,0.618215345680189,0.7183974951349031
3.416584313616295,0.0009490511982267486,750.0,3.306552104972195,0.7488855005911935,1.8162998631000232e+25,1.9582881975725423e+24,361392620.2135516,2638.1661275589263,0.6198244996470473,0.7200066491017615
3.4748229158766137,0.0009652285877435038,750.0,3.361132516400109,0.7511349452238547,1.8267760942407817e+25,1.8497193312783472e+24,360452158.3621275,2631.300756043531,0.6214416942815443,0.7216238437362584
3.5336748603685706,0.0009815763501023807,750.0,3.4157415229041725,0.7533949325645336,1.8367334801479664e+25,1.7459332276067871e+24,359512024.9004857,2624.437781773546,0.6230667807620734,0.7232489302167876
3.5931212651738718,0.0009980892403260754,750.0,3.47420392000121,0.755991418672242,1.846123938572822e+25,1.639022910902828e+24,358508188.7154896,2617.1097776230745,0.6248113907874091,0.7249935402421233
3.6531575266335,0.0010147659796204166,750.0,3.532491259949498,0.7585824537042007,1.8549678122796972e+25,1.5377435270771587e+24,357507237.3284294,2609.802832497535,0.6265607423052503,0.7267428917599644
3.7137576441927918,0.0010315993456091088,750.0,3.5906105632888123,0.7611693126763616,1.8632756285731834e+25,1.441966200121133e+24,356510163.48708814,2602.524193455744,0.6283130831643533,0.7284952326190675
3.7748486598378816,0.0010485690721771894,750.0,3.6485235699351497,0.7637513463952953,1.87105154821739e+25,1.351522374147577e+24,355517811.4330646,2595.280023461372,0.6300668849672354,0.7302490344219497
3.836382788677461,0.0010656618857437393,750.0,3.706216996369533,0.7663290850297445,1.8783038650898565e+25,1.2661898635662995e+24,354530497.44976586,2588.072631383291,0.63182152624751,0.7320036757022241
3.898332810824586,0.0010828702252290517,750.0,3.7636968405748075,0.7689039782974114,1.885043355652524e+25,1.185722192485689e+24,353548197.5746756,2580.901842295132,0.633576981969162,0.7337591314238763
3.960671758952175,0.0011001865997089374,750.0,3.820968958789049,0.7714775119152442,1.891280605434099e+25,1.109881016454977e+24,352570876.70044285,2573.767399913233,0.6353332473070901,0.7355153967618042
4.0233730459989365,0.0011176036238885936,750.0,3.878039125921802,0.774051196333902,1.8970260867733248e+25,1.0384364963312967e+24,351598492.46989346,2566.6689950302225,0.6370903311514642,0.7372724806061783
4.086410578518787,0.001135114049588552,750.0,3.9349130847450704,0.7766265528920071,1.9022902381798702e+25,9.711671921525289e+23,350630994.5624254,2559.6062603057053,0.638848257780359,0.7390304072350733
4.149758862432747,0.0011527107951202075,750.0,3.991596589986325,0.779205098408195,1.907083542840496e+25,9.078599631729592e+23,349668324.0846363,2552.5787658178447,0.6406070683879888,0.7407892178427029
4.213393100233505,0.0011703869722870847,750.0,4.048095446311314,0.7817883288797316,1.9114166031261226e+25,8.483098793094601e+23,348710413.23620224,2545.5860166242765,0.6423668221466949,0.7425489716014091
4.277289278797003,0.0011881359107769453,750.0,4.104415539449543,0.7843777029119123,1.9153002083938e+25,7.92320115973597e+23,347757184.90061563,2538.627449774494,0.6441275974327207,0.744309746887435
4.34142424761642,0.00120595117989345,750.0,4.1605628606095655,0.7869746254630875,1.9187453939862384e+25,7.397018557049413e+23,346808552.5609928,2531.7024336952477,0.6458894924761275,0.7460716419308416
4.40577578682199,0.0012238266074505529,750.0,4.2165435235411195,0.7895804323738705,1.9217634896770752e+25,6.902741758458748e+23,345864420.2787477,2524.810268034858,0.6476526259031453,0.7478347753578595
4.470322665056652,0.00124175629584907,750.0,4.272363774669528,0.7921963760954065,1.9243661565151418e+25,6.438639244350779e+23,344924682.82066894,2517.950184590883,0.6494171370057058,0.7495992864604201
4.535044687250188,0.0012597346353472746,750.0,4.328029996627845,0.7948236129322257,1.9265654114866364e+25,6.003055879184105e+23,343989225.9933345,2511.1213497513418,0.6511831856162277,0.7513653350709418
4.59992273242032,0.0012777563145612001,750.0,4.383548705417261,0.7974631920171914,1.9283736398662836e+25,5.594411398831034e+23,343057927.0016779,2504.322867112249,0.6529509519216107,0.7531331013763248
4.6649387820129755,0.0012958163283369377,750.0,4.438926542189933,0.8001160461785106,1.9298035956655754e+25,5.211198781310896e+23,342130654.9879018,2497.5537814116833,0.6547206359158929,0.7549027853706071
4.730075939190049,0.001313909983108347,750.0,4.494170260121521,0.8027829847584569,1.9308683908557906e+25,4.851982490721031e+23,341207271.68570983,2490.813083305682,0.6564924566037066,0.7566746060584207
4.795318439644972,0.0013320328999013812,750.0,4.549286707207417,0.8054646883934522,1.9315814743455974e+25,4.5153965405657736e+23,340287632.05958617,2484.099714034979,0.6582666511981147,0.7584488006528288
4.860651654703452,0.0013501810151954033,750.0,4.604282805752266,0.8081617057033812,1.9319566019199556e+25,4.200142481697574e+23,339371585.10457623,2477.412571263407,0.6600434739725636,0.7602256234272778
4.926062087335687,0.0013683505798154686,750.0,4.659137260025408,0.8108717434086163,1.9320077985381341e+25,3.9052120775444015e+23,338459637.64692885,2470.7553548225806,0.6618218986385319,0.7620040480932461
4.991537000217598,0.0013865380556159993,750.0,4.7138217048122355,0.8135915938457683,1.9317496323132803e+25,3.629517974833499e+23,337552013.7394332,2464.129700297863,0.6636014329125363,0.7637835823672504
5.057064743072488,0.0014047402064090247,750.0,4.768342396453435,0.8163212193610764,1.9311968113044212e+25,3.371890514854249e+23,336648552.8330262,2457.534435681091,0.6653823345294504,0.7655644839841647
5.122634614005794,0.001422954059446054,750.0,4.822705870804957,0.8190605024315047,1.9303640437219803e+25,3.131253304920213e+23,335749194.6503592,2450.9691209476223,0.6671646680590493,0.7673468175137634
5.188236718609106,0.0014411768662803072,750.0,4.876918389007955,0.8218091831592591,1.9292660489388986e+25,2.9065617792296276e+23,334853784.91666305,2444.4326298916408,0.6689486877257432,0.7691308371804574
5.253862051570591,0.0014594061254362754,750.0,4.930986002537928,0.8245668755638482,1.9279174775383243e+25,2.696831493489711e+23,333962171.1298869,2437.9238492481745,0.6707346501016738,0.7709167995563879
5.319502465135968,0.00147763957364888,750.0,4.984914529239708,0.8273330816446941,1.9263328287834395e+25,2.5011350489839555e+23,333074203.22972184,2431.4416835769694,0.6725228127184224,0.7727049621731367
5.385150636053829,0.001495875176681619,750.0,5.038709532599706,0.8301072070957953,1.9245263681527126e+25,2.318599117858316e+23,332189734.36559767,2424.985060868863,0.6743134324357916,0.7744955818905058
5.450800031355266,0.0015141111198209072,750.0,5.0923763051699344,0.8328885780650447,1.9225120478289815e+25,2.148401538890738e+23,331308621.41575384,2418.5529363350033,0.6761067642695179,0.776288913724232
5.51644487342638,0.0015323457981739944,750.0,5.145919855958652,0.8356764583892548,1.920303432299277e+25,1.989768551666137e+23,330430725.6631144,2412.144297340735,0.6779030598636756,0.7780852093183898
5.582080104641882,0.0015505778068449672,750.0,5.199344901951093,0.8384700668342325,1.9179136307861014e+25,1.8419720894975085e+23,329555913.142245,2405.7581659383886,0.6797025665969941,0.7798847160517084
5.647701352059555,0.0015688059311276543,750.0,5.2526558639520795,0.841268593951303,1.9153552377654976e+25,1.704327217542083e+23,328684055.0319454,2399.393601733201,0.6815055265708859,0.7816876760256002
5.713304892371835,0.001587029136769954,750.0,5.305856866305221,0.8440712182128424,1.9126402822997663e+25,1.5761896560567763e+23,327815027.79114866,2393.0497028753853,0.683312176105333,0.7834943255600472
5.778887617469726,0.0016052465604082572,750.0,5.358951740491673,0.8468771211757373,1.9097801866628798e+25,1.4569534708577157e+23,326948713.47061074,2386.7256083354587,0.6851227448556247,0.7853048943103389
5.844447000661598,0.001623457500183777,750.0,5.412352863242051,0.8497135843859839,1.906784867682662e+25,1.3451812948679731e+23,326078427.04446167,2380.3725174245706,0.6869513019622638,0.787133451416978
5.909977724567058,0.001641660479046405,750.0,5.465621147242478,0.8525495464944881,1.903664876562432e+25,1.2413352745835607e+23,325210700.6815381,2374.0381149752284,0.6887842236758117,0.7889663731305259
5.9754789406622235,0.001659855261295062,750.0,5.518762603487087,0.855384469632057,1.900429759136863e+25,1.1449485810507425e+23,324345888.4284531,2367.7249855277073,0.6906207477620355,0.7908028972167497
6.040910892836943,0.0016780308035658177,750.0,5.571750835631199,0.8582161455476893,1.8970904188076171e+25,1.0555687029133397e+23,323484339.6808198,2361.435679669985,0.6924601055526198,0.792642255007334
6.106232538713186,0.0016961757051981072,750.0,5.624557873635187,0.8610423436576298,1.8936573768612165e+25,9.727658279347396e+22,322626450.9596856,2355.1730920057053,0.6943014106056367,0.7944835600603508
6.1714484644678,0.0017142912401299445,750.0,5.677191897542299,0.8638628413324001,1.8901381444142104e+25,8.960793081339499e+22,321772064.95700073,2348.9360741861055,0.6961449559952748,0.7963271054499891
6.236563422260938,0.001732378728405816,750.0,5.729660533279409,0.8666774702181197,1.8865395151418411e+25,8.25077946095366e+22,320921006.02023315,2342.7233439477022,0.697991081287703,0.7981732307424172
6.3015823313352275,0.0017504395364820076,750.0,5.781970912032032,0.869486120959239,1.8828675988403273e+25,7.59360680498317e+22,320073108.483857,2336.5336919321558,0.6998401117202807,0.8000222611749949
6.366510259532534,0.0017684750720923705,750.0,5.834129711327834,0.8722887457007245,1.8791278589750107e+25,6.985543100992736e+22,319228215.6643717,2330.365974349914,0.7016923599119064,0.8018745093666205
6.431352407089426,0.0017864867797470626,750.0,5.886143194632411,0.8750853593865981,1.8753251523683252e+25,6.423114442028343e+22,318386179.21561533,2324.219108273992,0.7035481268434841,0.8037302762981983
6.496114092194606,0.0018044761367207239,750.0,5.938017249401694,0.8778760399671458,1.871463770456778e+25,5.903086128641947e+22,317546858.24760574,2318.092065207522,0.7054077034052625,0.8055898528599768
6.560800738391593,0.0018224446495532201,750.0,5.989757423183364,0.8806609276121025,1.8675474815119031e+25,5.422445621572557e+22,316710118.86833644,2311.983867738856,0.7072713710581564,0.8074535205128706
6.625417863414932,0.0018403938509485923,750.0,6.041368957959926,0.8834402230526861,1.8635795733600498e+25,4.9783865906775655e+22,315875833.2050125,2305.8935823965917,0.7091394036928984,0.8093215531476127
6.6899710696533825,0.0018583252971259396,750.0,6.092856822455177,0.8862141851516498,1.859562896086333e+25,4.56829457154935e+22,315043878.96751624,2299.8203164628685,0.7110120683319048,0.811194217786619
6.75446603582547,0.001876240565507075,750.0,6.144225742458693,0.8889831278099873,1.8554999043480126e+25,4.1897335577382465e+22,314214138.6415634,2293.7632120834132,0.712889626699853,0.8130717761545673
6.818908509979296,0.0018941412527720266,750.0,6.1954802292219355,0.8917474163157073,1.851392698922599e+25,3.8404338969662735e+22,313386499.2455179,2287.721444492281,0.714772335564177,0.8149544850188911
6.88330430340885,0.001912028973169125,750.0,6.246624605587656,0.8945074632135759,1.8472430671707672e+25,3.5182807941338016e+22,312560851.38903606,2281.6942151399635,0.7166604486919357,0.8168425981466498
6.9476592858540664,0.001929905357181685,750.0,6.297663030322194,0.8972637238103549,1.843052522136097e+25,3.221303952295975e+22,311737088.9739091,2275.680749509537,0.7185542173929383,0.8187363668476525
7.011979381521157,0.0019477720504225437,750.0,6.348599520369201,0.9000166913836601,1.8388223400717238e+25,2.9476678906917593e+22,310915108.749187,2269.6802938690653,0.7204538914212085,0.8206360408759228
7.0762705659326635,0.001965630712759073,750.0,6.3994379711101015,0.9027668921757032,1.8345535962003024e+25,2.6956629401564806e+22,310094809.8040135,2263.6921115692985,0.7223597200532726,0.8225418695079869
7.140538863660243,0.001983483017683401,750.0,6.450170485640751,0.9055138931889186,1.8302471981935225e+25,2.4637849610015423e+22,309276407.8782856,2257.717777511485,0.724271215954352,0.8244533654090661
7.204790237020829,0.002001330621394675,750.0,6.5007929472643475,0.9082575852615793,1.8259039428401425e+25,2.2505205099239397e+22,308459762.4591331,2251.7562659516716,0.7261887197675486,0.8263708692222628
7.269030766263485,0.002019175212850968,750.0,6.551308514661493,0.9109984904139704,1.8215245148941754e+25,2.0544836815908445e+22,307644818.1907477,2245.807172792458,0.728112377505134,0.8282945269598483
7.333266500665826,0.002037018472407174,750.0,6.601720317282149,0.9137371471515454,1.8171095225400087e+25,1.874386828165254e+22,306831536.3353826,2239.870215248293,0.7300422983742992,0.8302244478290134
7.3975034500082675,0.002054862069446741,750.0,6.652031384980371,0.9164740949887736,1.8126595263953207e+25,1.7090211656736937e+22,306019832.23864245,2233.94477534209,0.7319787033453401,0.8321608528000543
7.461747617406767,0.0020727076715018797,750.0,6.702244680893825,0.9192098707723471,1.808175059174193e+25,1.5572636445794193e+22,305209622.8259434,2228.030246629387,0.7339218138863988,0.834103963341113
7.526004999494144,0.002090556944303929,750.0,6.752363108213445,0.921945004025677,1.803656644841662e+25,1.4180711575876861e+22,304400826.22808874,2222.1260314650476,0.7358718528318183,0.8360540022865325
7.590281587091709,0.002108411551969919,750.0,6.802389515724353,0.9246800127034948,1.7991048149886596e+25,1.2904751051110036e+22,303593361.1454777,2216.2315363619873,0.7378290459146843,0.8380111953693985
7.654583366628638,0.002126273157396844,750.0,6.852326702386562,0.9274153993925242,1.7945201225128152e+25,1.1735764657881248e+22,302787147.09126675,2210.3461737662474,0.7397936212017661,0.8399757706564802
7.718916321582236,0.0021441434226617323,750.0,6.902177420660409,0.9301516479522889,1.7899031527827658e+25,1.0665410832864425e+22,301982104.06818175,2204.469359697727,0.7417658099018514,0.8419479593565655
7.783286434342007,0.0021620240095394463,750.0,6.951944378999689,0.9328892206211058,1.7852545323973416e+25,9.685953116787664e+21,301178152.61334586,2198.600514077425,0.7437458462917541,0.8439279957464684
7.847699688305553,0.002179916580084876,750.0,7.001630243474708,0.935628555578932,1.780574935720767e+25,8.790219184890154e+21,300375213.72665477,2192.73906020458,0.745733967929334,0.8459161173840481
7.912162070134498,0.002197822797259583,750.0,7.051264936353638,0.9383717941283377,1.7758650893704277e+25,7.970821468845317e+21,299572465.735734,2186.878999870858,0.747732270553864,0.8479144200085782
7.976679646658924,0.0022157443462941452,750.0,7.100821195999865,0.9411174340383539,1.7711257470211052e+25,7.223046856185917e+21,298771212.66169786,2181.0298524303944,0.7497375600695433,0.8499197095242574
8.041257997150542,0.0022336827769862616,750.0,7.150301504566752,0.9438658323718654,1.766357788079706e+25,6.540264681069342e+21,297970443.17710024,2175.1842351928317,0.7517524141374803,0.8519345635921944
8.105903396506605,0.0022516398323629457,750.0,7.199708792287455,0.9466173409409268,1.761562086276826e+25,5.917511466175661e+21,297170414.0653272,2169.344022676889,0.7537762489059826,0.8539583983606968
8.170580779846823,0.002269605772179673,750.0,7.249014571335369,0.9493705292602529,1.7567426656534536e+25,5.350193374280151e+21,296371492.6651251,2163.511896455413,0.7558081851451928,0.855990334599907
8.23528008989764,0.0022875778027493447,750.0,7.2982095049531654,0.9521249928705618,1.7519017686196238e+25,4.833843578597518e+21,295573826.6877557,2157.688934820617,0.7578478869735434,0.8580300364282576
8.300009369418362,0.002305558158171767,750.0,7.347297959585844,0.9548810622646552,1.747040330495335e+25,4.3641723523301963e+21,294777332.1807571,2151.874524919527,0.7598956077892838,0.8600777572439979
8.364776572427145,0.0023235490478964293,750.0,7.396284151640675,0.9576390343023945,1.7421593258374583e+25,3.9372177879976163e+21,293981903.66498065,2146.067896754359,0.7619516616753002,0.8621338111300143
8.429589586326845,0.002341552662868568,750.0,7.445172160941861,0.9603991741678348,1.7372597619610233e+25,3.549336845582992e+21,293187438.5725433,2140.2683015795665,0.7640163613100216,0.8641985107647358
8.49445623963875,0.0023595711776774305,750.0,7.493965934278888,0.9631617169838528,1.7323426731187872e+25,3.1971801584616006e+21,292393836.40848243,2134.475005781922,0.7660900200613863,0.8662721695161004
8.559384310057943,0.0023776067527938732,750.0,7.542669289233202,0.9659268696243953,1.7274091143524574e+25,2.87766916873103e+21,291600998.4493598,2128.687288680326,0.7681729527373359,0.8683551021920501
8.624381532494393,0.0023956615368039983,750.0,7.591286432571123,0.9686933481600192,1.7224640337698435e+25,2.5879676009695575e+21,290808806.202172,2122.9042852758557,0.7702655326203357,0.87044768207505
8.689455622456286,0.0024137376729045238,750.0,7.639821541560626,0.9714595104191347,1.717513153075957e+25,2.3254749806463673e+21,290017150.94799405,2117.1252019203566,0.7723681143263412,0.8725502637810554
8.75461427937507,0.0024318372998264086,750.0,7.688277003536899,0.9742284813931702,1.7125495583170623e+25,2.0878224058835453e+21,289225987.1673833,2111.3497063218983,0.7744808901641498,0.8746630396188639
8.819865148388045,0.0024499625412189013,750.0,7.736656147379048,0.9770003725270134,1.707574318493836e+25,1.8728151730587262e+21,288435209.54391724,2105.577029670596,0.7766042167812861,0.8767863662360004
8.885215871372274,0.0024681155198256317,750.0,7.78496219738768,0.979775276795681,1.7025884947738893e+25,1.6784441956611064e+21,287644728.78698313,2099.806520144977,0.7787384143788166,0.8789205638335308
8.95067408469482,0.002486298356859672,750.0,7.833198269445894,0.9825532723557313,1.6975931309183393e+25,1.5028668392258753e+21,286854456.9839137,2094.0375359825703,0.7808838055200987,0.8810659549748129
9.01624742673882,0.0025045131740941166,750.0,7.881367375013702,0.9853344245155811,1.6925892487671586e+25,1.3443939018677438e+21,286064307.5440928,2088.2694450718773,0.7830407152960653,0.8832228647507795
9.081943545260325,0.002522762095905646,750.0,7.9294719918218375,0.9881187543200075,1.6875778433831841e+25,1.2014798565713033e+21,285274208.2831836,2082.5017204672404,0.7852094353291188,0.885391584783833
9.14777009890511,0.0025410472496958636,750.0,7.9775070175523295,0.9909056911901752,1.6825598786523512e+25,1.0727425831852309e+21,284484305.7314098,2076.7354318392913,0.787389657310253,0.8875718067649672
9.213734661830186,0.002559370739397274,750.0,8.025474674709097,0.9936952264316347,1.6775362839608534e+25,9.568469603726303e+20,283694328.8325411,2070.9686004775504,0.7895822271872857,0.8897643766419998
9.27984495350198,0.0025777347093061055,750.0,8.073377282119287,0.9964873524378627,1.6725079653965983e+25,8.52619463318899e+20,282904315.4825247,2065.20150302243,0.791787144066513,0.8919692935212271
9.346108625052434,0.0025961412847367873,750.0,8.121216999203842,0.9992820612499238,1.6674757762905235e+25,7.589697522385869e+20,282114191.38866377,2059.4335971372457,0.7940047216249364,0.8941868710796507
9.412533347488418,0.0026145925965245604,750.0,8.168995894823444,1.0020793393780358,1.6624405346795953e+25,6.749022323231647e+20,281323886.38387775,2053.664370602308,0.796235267752355,0.8964174172070692
9.479126814467,0.0026330907817963887,750.0,8.216715947079566,1.004879171621523,1.6574030154003488e+25,5.995079763816158e+20,280533331.2701017,2047.8933182717428,0.7984790933250261,0.8986612427797402
9.54589674866523,0.002651637985740342,750.0,8.264379046231285,1.007681542287819,1.6523639489377088e+25,5.319578716327156e+20,279742459.3644552,2042.1199533605231,0.8007365078183123,0.9009186572730264
9.61285090614696,0.0026702363628186,750.0,8.311986998117177,1.0104864364082875,1.6473240205137309e+25,4.714957368101982e+20,278951201.9473983,2036.3437742160077,0.8030078323241625,0.9031899817788767
9.679997086208765,0.0026888880795024345,750.0,8.35954152716139,1.0132938406725,1.6422838696481945e+25,4.1743300972186055e+20,278159495.8728389,2030.5643198717244,0.805293377805092,0.9054755272598062
9.747343131761037,0.002707595314378066,750.0,8.40704427961889,1.0161037446042265,1.6372440897671047e+25,3.691425193591371e+20,277367275.1378172,2024.7811085060657,0.8075934693041914,0.9077756187589057
9.814896940964125,0.002726360261378924,750.0,8.454498143751618,1.0189162197756758,1.6322052288455857e+25,3.260517194493067e+20,276574435.2556592,2018.9933773663124,0.809908550632814,0.9100907000875281
9.882666484270962,0.0027451851345197116,750.0,8.501903145364638,1.0217311749689244,1.6271677893427542e+25,2.876466648687607e+20,275780997.7018278,2013.2012832233434,0.8122387034156247,0.9124208528703388
9.950659750673882,0.0027640721529649673,750.0,8.549260717632311,1.0245486141151934,1.622132227570474e+25,2.5345286542901602e+20,274986832.23640186,2007.4038753257337,0.8145844591112302,0.9147666085659444
10.018884860409267,0.0027830235723359078,750.0,8.596572257276085,1.0273685440675313,1.6170989611059546e+25,2.2304419619762425e+20,274191902.6931743,2001.6008896601727,0.8169460797340178,0.9171282291887319
10.087305130927259,0.0028020292030353495,750.0,8.643807979578014,1.0301905995873077,1.6120683599333287e+25,1.9604755746454428e+20,273396600.1395286,1995.7951810185587,0.8193225515082525,0.9195047009629667
10.155921732753503,0.0028210893702093065,750.0,8.690965107043857,1.0330133069931517,1.6070440415812643e+25,1.7211028384842898e+20,272600987.0320985,1989.987205334319,0.821713825906376,0.9218959753610901
10.224743778188571,0.002840206605052381,750.0,8.738045921326776,1.0358364850475468,1.6020267722020668e+25,1.5090957184307924e+20,271805005.71970123,1984.176541753819,0.8241202159131679,0.924302365367882
10.29378041081097,0.0028593834474474914,750.0,8.785052532648912,1.0386602133568739,1.59701669861332e+25,1.3215424362958202e+20,271008603.41699195,1978.3628049440415,0.8265420255139968,0.9267241749687111
10.363040814141037,0.00287862244837251,750.0,8.831986972756916,1.0414845761957656,1.592013935386512e+25,1.1558084021242336e+20,270211681.3553774,1972.545273894255,0.8289797053792036,0.9291618548339179
10.432534270258943,0.00289792618618304,750.0,8.878851201502071,1.0443096613897676,1.5870185663215898e+25,1.0095266550175164e+20,269414154.85212827,1966.7233304205365,0.8314336717866422,0.9316158212413563
10.502270150032908,0.00291729726389803,750.0,8.925647093253962,1.04713556260078,1.5820306418193752e+25,8.80577244403199e+19,268615991.6860042,1960.896739307831,0.8339041863964763,0.9340863358511905
10.572257865069085,0.002936738295852524,750.0,8.972376457065211,1.0499623794135458,1.5770501841707538e+25,7.670494924052239e+19,267817138.62886196,1955.0651119906925,0.8363915810123591,0.9365737304670732
10.642506915100617,0.002956251920861282,750.0,9.01904103640746,1.0527902147308563,1.5720771922473008e+25,6.6721500479472796e+19,267017439.09349254,1949.2273053824956,0.8388965183714815,0.9390786678261958
10.713027002613385,0.002975840834059274,750.0,9.06564253173419,1.0556191745704664,1.5671116401009806e+25,5.7954126547938e+19,266216860.8982791,1943.3830845574375,0.8414192821753312,0.9416014316300453
10.783827891543446,0.0029955077476509573,750.0,9.112182552054534,1.058449373039419,1.5621534713223254e+25,5.026551776206276e+19,265415395.60120487,1937.5323878887957,0.8439600856333412,0.9441422350880554
10.854919415252159,0.0030152553931255995,750.0,9.158662660424767,1.0612809280537403,1.5572026127630898e+25,4.35320886213413e+19,264612977.32013345,1931.6747344369742,0.8465193289783397,0.9467014784330537
10.926311547964144,0.003035086541101151,750.0,9.205079307877686,1.0641135930804915,1.5522589748510605e+25,3.764368943322485e+19,263809590.34783262,1925.8100095391783,0.8490972587640059,0.94927940821872
10.998014436696597,0.003055004010193499,750.0,9.251432316745069,1.0669473655511637,1.5473224477955333e+25,3.250119222744625e+19,263005106.13277128,1919.9372747692305,0.8516944910070279,0.9518766404617421
11.070038404394642,0.0030750106678874007,750.0,9.297722805615512,1.0697823432102394,1.5423929048868818e+25,2.801730143182073e+19,262199582.89568064,1914.0569551384688,0.8543110462884344,0.9544931957431485
11.142393792114488,0.003095109386698469,750.0,9.34395182186579,1.072618629190201,1.5374702042190507e+25,2.411361613605422e+19,261393004.9729272,1908.1689363023688,0.8569471858024661,0.9571293352571801
11.215091071904062,0.0031153030755289063,750.0,9.39012036658101,1.0754563262839756,1.5325541970978225e+25,2.0719957468295774e+19,260585265.04702643,1902.272434843293,0.8596034774244657,0.9597856268791799
11.288140932953953,0.00313559470359832,750.0,9.436229413958298,1.078295537304202,1.5276447238673593e+25,1.7773757509143765e+19,259776168.01762637,1896.3660265286726,0.8622807923812361,0.9624629418359502
11.36155440905265,0.0031559873358479582,750.0,9.482279837341496,1.0811363645336742,1.5227416064322865e+25,1.522044653076097e+19,258965760.7584773,1890.4500535368845,0.8649792132517168,0.965161362706431
11.435342539591304,0.003176484038775362,750.0,9.528272466555935,1.0839789213113034,1.5178446458956615e+25,1.3011523649662763e+19,258154112.94083598,1884.5250244681029,0.8676987457152641,0.9678808951699783
11.509516459180228,0.003197087905327841,750.0,9.574208080724144,1.0868233185608542,1.512953645108372e+25,1.1103589184968096e+19,257341139.52012268,1878.5903184968956,0.8704399165158917,0.9706220659706057
11.58408753614065,0.0032178020933724028,750.0,9.620087490014441,1.0896696688716632,1.5080684032461345e+25,9.458361892703791e+18,256526772.5459028,1872.6454395850906,0.8732032051739065,0.9733853546286207
11.65906736616347,0.003238629823934297,750.0,9.66591134920385,1.0925180799987715,1.5031887078672044e+25,8.041694593719417e+18,255710713.7685658,1866.6882105105303,0.8759898898985281,0.9761720393532423
11.734468091957153,0.003259574469988098,750.0,9.71168037859636,1.0953686618275502,1.4983143332461761e+25,6.824249434701185e+18,254893058.52695656,1860.719327246783,0.8787999221889778,0.978982071643692
11.810274139233043,0.003280631705342512,750.0,9.757378444187596,1.0982214329987072,1.4934450246248266e+25,5.780371984236041e+18,254074151.99848923,1854.7413095889715,0.8816323826649315,0.9818145321196456
11.886466486021103,0.0033017962461169732,750.0,9.802987966090337,1.101075486703406,1.488582303990489e+25,4.88720792668525e+18,253254248.48300353,1848.7560139259258,0.8844866427385251,0.9846687921932392
11.96305764253397,0.003323071567370547,750.0,9.848510499178047,1.1039299250777102,1.4837278698966867e+25,4.1243798368089687e+18,252433351.5889062,1842.7634665990154,0.887362935959387,0.9875450854141011
12.040060286482118,0.003344461190689477,750.0,9.89394725863925,1.106784901908617,1.4788813895752722e+25,3.473974706350897e+18,251611343.54292834,1836.762807863377,0.8902619287583214,0.9904440782130356
12.117487401708694,0.0033659687226968594,750.0,9.939299429349411,1.1096405683455406,1.4740425271411988e+25,2.9202894883036257e+18,250787942.30353382,1830.751978815797,0.8931848873694581,0.9933670368241723
12.195352523141892,0.0033875979230949703,750.0,9.984568120993858,1.1124970746537826,1.4692109312810367e+25,2.44992689916284e+18,249963245.08621162,1824.7316891293449,0.8961317489807072,0.9963138984354214
12.273669171017938,0.003409352547504983,750.0,10.029754334709121,1.1153545857455232,1.464386227444247e+25,2.0512002754717294e+18,249137393.04767558,1818.7029692480319,0.8991022875363185,0.9992844369910328
12.352450962501374,0.003431236378472604,750.0,10.074859026241885,1.1182132624307182,1.4595680522585654e+25,1.7138316794836756e+18,248310289.08262664,1812.6651103031747,0.9020971335000249,1.0022792829547391
12.431711865381008,0.003453253295939169,750.0,10.119883163487566,1.121073263521171,1.4547560448853947e+25,1.4289405505859727e+18,247481875.4557037,1806.6176908266373,0.9051167871891019,1.005298936643816
12.511466154500607,0.003475407265139057,750.0,10.164827670878894,1.123934752308741,1.4499498329354738e+25,1.188850816964936e+18,246652105.71328503,1800.560371706981,0.9081617177044641,1.0083438671591782
12.591728419414848,0.0034977023387263466,750.0,10.209688917481111,1.126797590727532,1.4451490352714953e+25,9.869420988515354e+17,245820966.96963397,1794.493058878328,0.9112322791719818,1.011414428626696
12.672513616826986,0.0035201426713408297,750.0,10.254465793361987,1.1296618073547962,1.4403532617752473e+25,8.174638675073774e+17,244988223.6996658,1788.4140330075606,0.914329662941695,1.014511812396409
12.75383731250201,0.003542732586806114,750.0,10.299158771440615,1.1325275434136104,1.4355621079845046e+25,6.755378515993919e+17,244153940.5659352,1782.3237661313271,0.9174539615489331,1.0176361110036471
12.835715148770973,0.003565476430214159,750.0,10.3437682663761,1.1353949537504473,1.4307751522533958e+25,5.569833867643518e+17,243318352.98186,1776.2239767675783,0.9206046204689695,1.0207867699236837
12.918162872131234,0.0035883785755920095,750.0,10.388294592475644,1.1382641917872711,1.425991977698051e+25,4.581610953586687e+17,242481340.76114544,1770.1137875563618,0.9237824209354304,1.0239645703901445
13.001196701495275,0.003611443528193132,750.0,10.432738083448314,1.1411354065565373,1.4212121728124482e+25,3.7597354862118285e+17,241642865.9305427,1763.9929212929617,0.9269878468681383,1.0271699963228524
13.084833241215122,0.003634675900337534,750.0,10.47709901855121,1.1440087534905647,1.4164353109509845e+25,3.077792070987667e+17,240802896.37342003,1757.8611435259663,0.930221369317073,1.0304035187717873
13.169089495912761,0.0036580804155313226,750.0,10.521377627115635,1.1468843917641691,1.4116609556077096e+25,2.5132942059536557e+17,239961398.7932456,1751.718211190693,0.9334834732856422,1.0336656227403562
13.253982891536275,0.003681661914315632,750.0,10.565574085633655,1.1497624843199366,1.4068886601153682e+25,2.047067230703077e+17,239118192.56495756,1745.5628057241902,0.9367752306807411,1.0369573801354552
13.339531528727727,0.003705425424646591,750.0,10.60968858647239,1.1526431941664892,1.4021179670091443e+25,1.6629357978586368e+17,238273174.53392187,1739.3941740976297,0.940097434124336,1.0402795835790501
13.42575191475177,0.0037293755318754916,750.0,10.65372004222143,1.1555266953347565,1.3973483885195714e+25,1.3473054071142462e+17,237426447.29049683,1733.213065220627,0.9434500770924259,1.0436322265471398
13.512589989967738,0.003753497219435483,750.0,10.697631768546684,1.1584131163919171,1.392579545420683e+25,1.0888313706058698e+17,236578709.47340485,1727.0245791558557,0.9468307629989042,1.0470129124536183
13.600064137219988,0.003777795593672219,750.0,10.741424903492183,1.1613002692119874,1.387814913542507e+25,8.777107134625056e+16,235730051.49909738,1720.829375943411,0.9502394733955153,1.0504216228502294
13.68819306763276,0.003802275852120211,750.0,10.785099992346188,1.1641883650936342,1.3830539395412954e+25,7.056885883835336e+16,234880404.96754277,1714.6269562630623,0.9536768298358209,1.053858979290535
13.776996001090149,0.0038269433336361523,750.0,10.828657551998615,1.1670776168874575,1.3782960666940333e+25,5.65880045386812e+16,234029742.38131493,1708.4171193835991,0.957143300337557,1.057325449792271
13.866492638600569,0.00385180351072238,750.0,10.872098043784131,1.1699682446879887,1.373540725552463e+25,4.52546720933357e+16,233178036.42519867,1702.1996659039503,0.9606393613828081,1.0608215108375223
13.956703188540198,0.0038768619968167217,750.0,10.915421877973214,1.1728604747416163,1.368787336169576e+25,3.609175090751415e+16,232325260.56186816,1695.9744021016377,0.9641654956429022,1.0643476450976164
14.04764839218622,0.003902124553385061,750.0,10.958629416323399,1.175754540016101,1.3640353075483056e+25,2.870330049454211e+16,231471360.4984877,1689.7409316389603,0.9677223113805627,1.0679044608352768
14.139349599311782,0.00392759711091994,750.0,11.001720353224414,1.1786506395462697,1.3592840371950487e+25,2.276092457874506e+16,230616131.26599023,1683.4977582417287,0.9713110647131651,1.0714932141678792
14.23182909472587,0.003953285859646075,750.0,11.044689135088404,1.1815486470537766,1.3545329050317177e+25,1.7996973560856476e+16,229759890.40504068,1677.247199956797,0.9749308271566172,1.0751129766113312
14.325109233062934,0.0039791970091841485,750.0,11.08753561905871,1.1844488063508944,1.3497812616670933e+25,1.4188217329509876e+16,228902537.61509845,1670.9885245902187,0.9785824234795418,1.0787645729342559
14.419213068430997,0.004005336963453054,750.0,11.130259684121796,1.1873513488033849,1.3450284814105926e+25,1.1152385955446328e+16,228044192.46050438,1664.722604961682,0.9822657511385439,1.082447900593258
14.514164122106598,0.004031712256140721,750.0,11.172861095845684,1.190256518742229,1.340273919478373e+25,8739649737733436.0,227184825.14366096,1658.449223548725,0.9859813473824802,1.0861634968371943
14.60998660182578,0.004058329611618272,750.0,11.215339593163346,1.193164563308116,1.3355169276223561e+25,6827829572371981.0,226324422.04546013,1652.1682809318593,0.989729689688578,1.089911839143292
14.706705399771863,0.004085195944381073,750.0,11.257698423750796,1.1960776175047216,1.330756844693115e+25,5317465437328214.0,225462934.1328615,1645.879419169889,0.9935114206754737,1.0936935701301878
14.80434620551346,0.004112318390420405,750.0,11.299939571800333,1.198967825503326,1.3260333392563885e+25,4127794842083095.0,224600218.489483,1639.581594973226,0.9973276139554997,1.0975097634102138
14.902935709432532,0.004139704363731259,750.0,11.342057988405028,1.2018532421335753,1.321317489237133e+25,3193787310942193.0,223736330.6823863,1633.2752139814202,1.0011784823538026,1.1013606318085165
15.00250122722364,0.004167361452006566,750.0,11.384051732940536,1.2047419038425138,1.316596824510451e+25,2462975627455044.5,222871397.4708967,1626.9612015375458,1.0050639182143177,1.1052460676690319
15.10300410138946,0.004195278917052628,750.0,11.425892532168112,1.2076341718080044,1.3118706312367444e+25,1893269244894440.8,222005845.66413653,1620.6426733481967,1.0089824406645598,1.1091645901192737
15.204436866249265,0.004223454685069241,750.0,11.467566290823731,1.2105305707976441,1.3071381905807786e+25,1450693264223703.8,221139947.0922702,1614.3216137735726,1.0129332259744843,1.1131153754291983
15.306826896529829,0.004251896360147175,750.0,11.50907364035027,1.2134293870333432,1.3024018962347566e+25,1107994845015052.5,220273780.15536395,1607.9985951341569,1.0169163113376811,1.117098460792395
15.410202223723878,0.004280611728812189,750.0,11.550414715632867,1.2163298297587286,1.297662615017178e+25,843492058074474.9,219407376.21458438,1601.673846366466,1.02093194798029,1.1211140974350042
15.51459153507696,0.0043096087597436,750.0,11.591589404267518,1.2192322230214188,1.2929195780420907e+25,640026338163867.4,218540847.57011873,1595.3481872618668,1.0249800094150807,1.1251621588697949
15.620024186534073,0.0043388956073705754,750.0,11.632597537759011,1.2221368958542118,1.2881720167831869e+25,484016803708258.06,217674159.61595646,1589.021365196482,1.0290610534351172,1.1292432028898314
15.726530473812007,0.0043684806871700016,750.0,11.673438618991522,1.2250441637873315,1.2834191592146e+25,364793416020907.3,216807324.4309816,1582.693468346166,1.0331754270198013,1.1333575764745154
15.834141580697414,0.0043983726613048375,750.0,11.71410608329095,1.2279539915989968,1.2786602304771452e+25,274015404330975.78,215940627.9480861,1576.3665840210288,1.037322166414425,1.1375043158691391
15.942889149897079,0.004428580319415855,750.0,11.75459939678881,1.2308667149569492,1.2738944426405489e+25,205108824401268.5,215073816.22497508,1570.038858442318,1.0415028845988756,1.1416850340535898
16.05280624836559,0.00445911284676822,750.0,11.794918112460644,1.2337826798300542,1.2691209974092866e+25,152993147122904.9,214207034.70537996,1563.7113533492738,1.0457172907887422,1.1458994402434564
16.16392663951857,0.004489979622088492,750.0,11.835061557672256,1.2367022188734247,1.2643391135371636e+25,113716445370861.92,213340349.74279794,1557.384553122425,1.0499654672454288,1.1501476167001428
16.2762849986855,0.004521190277412639,750.0,11.875029002776806,1.2396256921691504,1.2595479786648956e+25,84220172930332.5,212473777.9193826,1551.0585788114931,1.054247739149208,1.154429888603922
16.38991704291364,0.004552754734142678,750.0,11.91481969123065,1.2425534631291912,1.2547467820754542e+25,62148393044410.28,211607347.71277955,1544.7336383032907,1.058564376053904,1.1587465255086182
16.504859546973407,0.004584683207492613,750.0,11.954432821474422,1.2454859029365937,1.2499347080223854e+25,45692484473872.54,210741094.71189418,1538.4099913968275,1.0629156136169462,1.1630977630716604
16.621150374502538,0.004616986215139594,750.0,11.993867024548448,1.2484233672225469,1.2451109317942408e+25,33471214832932.19,209875254.25222597,1532.0893560412496,1.0673006724785148,1.1674828219332287
16.73875552261097,0.00464965431183638,750.0,12.033097343904956,1.251366559470192,1.2402746204624133e+25,24428686411665.71,209009917.4924852,1525.772397695142,1.0717194795699287,1.171901629024643
16.85608406436007,0.004682245573433353,750.0,12.071592220082481,1.2543232133417086,1.235424921349517e+25,17816705725400.42,208153275.5845362,1519.5189117671143,1.0761300746815683,1.1763122241362822
16.972974803141124,0.004714715223094757,750.0,12.109319160099908,1.257296668939604,1.2305639793155065e+25,13011965831190.877,207310637.8954106,1513.3676566364975,1.0805041278827636,1.1806862773374776
17.089437898848292,0.004747066083013414,750.0,12.146304812579864,1.2602378538730519,1.2257572052145443e+25,9516518496289.805,206481874.52144817,1507.3176840065717,1.0848409843195808,1.185023133774295
17.20548385070934,0.004779301069641483,750.0,12.18256818893106,1.2631423044473222,1.2210101214720913e+25,6968354325150.799,205666039.1847478,1501.362086048659,1.0891443278040813,1.1893264772587955
17.321122420498327,0.004811422894582869,750.0,12.21812699500144,1.2660109576985512,1.2163211652874937e+25,5108548423144.314,204862817.75825822,1495.498569635285,1.093414619847336,1.1935967693020502
17.436362956808438,0.004843434154669011,750.0,12.252995329447844,1.2688445729156046,1.211688808959352e+25,3749931185980.452,204072170.89255586,1489.726847515658,1.0976508899782134,1.1978330394329275
17.55121461992763,0.004875337394424342,750.0,12.287187416922977,1.2716438930171134,1.2071116020537279e+25,2756314814093.048,203293930.6724144,1484.045693908625,1.1018528652532729,1.202035014707987
17.665686332804384,0.004907135092445662,750.0,12.32071979654597,1.274409779882364,1.2025881521776175e+25,2028622465894.2407,202527738.05080584,1478.4524877708827,1.1060213388835047,1.2062034883382189
17.779786642452656,0.004938829622903516,750.0,12.353608412596422,1.277143069158747,1.1981171149218735e+25,1495108000185.9976,201773500.16173264,1472.9465511806482,1.1101556934902332,1.2103378429449474
17.893523918463465,0.004970423310684296,750.0,12.38586881099511,1.2798445702530887,1.1936971971164043e+25,1103455910874.363,201031014.5598046,1467.5264062865735,1.1142559295663426,1.2144380790210567
18.006906302480203,0.005001918417355612,750.0,12.417516173674127,1.2825150684406479,1.1893271553960812e+25,815561264458.3103,200300061.89259213,1462.1904518159226,1.118322170664713,1.2185043201194272
18.119941696906988,0.0050333171380297186,750.0,12.44856524456026,1.2851553271058545,1.1850057878307127e+25,603658321285.9835,199580460.93508828,1456.9373648261444,1.1223543574882011,1.2225365069429153
18.232637810919588,0.00506462161414433,750.0,12.479030492997092,1.2877660926163514,1.180731935062947e+25,447465965140.3691,198871966.66938818,1451.7653566865338,1.1263528176014148,1.2265349670561287
18.34500210128938,0.005095833917024828,750.0,12.508926030777937,1.29034809254975,1.1765044780130713e+25,332177989234.2618,198174376.92031002,1446.6729515182633,1.1303176701298523,1.2304998195845664
18.45704180373395,0.005126956056592764,750.0,12.538265604334065,1.2929020343709572,1.1723223369728025e+25,246963470882.34326,197487501.868542,1441.6587636403565,1.1342489923696848,1.234431141824399
18.568763953005774,0.005157989986946048,750.0,12.567062615491894,1.2954286043518815,1.168184472086963e+25,183887733119.68274,196811147.52780733,1436.7213769529935,1.138146912985969,1.238329062440683
18.68017538862729,0.005188937607952025,750.0,12.595330134479415,1.2979284694226318,1.1640898803831353e+25,137131406470.99864,196145119.42964718,1431.8593718364245,1.1420115914754827,1.2421937409301969
18.79128276021195,0.005219800766725542,750.0,12.623080908764598,1.3004022782348115,1.1600375936712761e+25,102421321525.79022,195489224.58398357,1427.07133946308,1.1458432068401192,1.2460253562948334
18.902092533363007,0.005250581259267502,750.0,12.650327370834773,1.3028506616362823,1.1560266771418606e+25,76615680396.52515,194843272.7528396,1422.355891095729,1.1496419498359893,1.2498240992907035
19.012610996316837,0.005281280832310233,750.0,12.677081646145083,1.3052742331270757,1.152056228020685e+25,57401418979.848625,194207075.5745819,1417.711651694448,1.1534080276801073,1.2535901771348212
19.122844265719607,0.005311901184922113,750.0,12.703355561227268,1.3076735893619724,1.1481253742492391e+25,43073332619.711205,193580447.0555409,1413.1372635054486,1.1571416607780192,1.2573238102327333
19.232798292859872,0.005342443970238853,750.0,12.729158178011637,1.310049180667526,1.1442332731711286e+25,32374329945.486645,192963316.896502,1408.6322133444644,1.1608424005281008,1.261024549982815
19.342478930614167,0.005372910814059491,750.0,12.754499732276814,1.3124015139478316,1.140379110313041e+25,24372136770.37612,192355461.9221025,1404.1948720313485,1.1645107332107496,1.2646928826654638
19.45189185403925,0.00540330329278868,750.0,12.779391343856641,1.314731141496003,1.1365620980592987e+25,18377230265.939964,191756661.0330009,1399.8236255409065,1.168147165231721,1.2683293146864352
19.561042552230354,0.005433622931175099,750.0,12.80384376533022,1.3170385978913217,1.132781473920972e+25,13879301908.657478,191166769.4114102,1395.5174167032947,1.171751767787263,1.2719339172419772
19.669936401807142,0.005463871222724206,750.0,12.82786747193015,1.3193243999322437,1.1290365022235773e+25,10499303654.124973,190585630.27580518,1391.275101013378,1.1753247066730024,1.2755068561277165
19.778578653931504,0.005494049626092084,750.0,12.851472719770845,1.3215890515685396,1.1253264714685352e+25,7955298744.51184,190013060.7536301,1387.0953435014999,1.1788663321961703,1.2790484816508845
19.886974404596092,0.005524159556832248,750.0,12.874669503276559,1.3238330444006126,1.1216506911436257e+25,6037537816.215824,189448913.95849803,1382.9770718970358,1.1823767965704515,1.2825589460251656
20.03614109486059,0.005565594748572386,750.0,12.90609575179127,1.3257475843627708,1.1180084930398083e+25,4287133065.183516,188755616.15238875,1377.915997912438,1.1867196566970344,1.2869018061517485
20.144023153299607,0.0055955619870276686,750.0,12.928263651521082,1.3278908105871683,1.114399230323734e+25,3133177040.112166,188127707.88423246,1373.332267554897,1.1906805356808055,1.2908626851355196
20.292237024352485,0.005636732506764579,750.0,12.958274617197208,1.330512996677856,1.109964464796467e+25,2228073769.598863,187451403.93399197,1368.3952487181416,1.1949763794720791,1.2951585289267933
20.439975412249378,0.0056777709478470495,750.0,12.98755258699157,1.3323978466778776,1.1062751129117285e+25,1539305644.4869866,186726367.00792256,1363.1024791578348,1.199616334796981,1.2997984842516952
20.587203270594518,0.005718667575165144,750.0,13.016025003364618,1.3352026434174238,1.101588712989107e+25,1063687046.7052455,186009998.6754724,1357.8729903309488,1.204236339955079,1.3044184894097932
20.73392549329462,0.0057594237481373945,750.0,13.043843365563296,1.3381041030442442,1.0968201591332804e+25,738683849.4194809,185311165.98490655,1352.7715116898178,1.2087776729991793,1.3089598224538934
20.880156372525253,0.00580004343681257,750.0,13.071042377393846,1.3409745706808527,1.0921082756535576e+25,515274780.286427,184628489.522676,1347.7879735155348,1.2132472110837933,1.3134293605385072
21.02591086132434,0.005840530794812317,750.0,13.097640930791579,1.3438129894903743,1.087453711135138e+25,360708837.5255921,183959874.43551448,1342.9070833792557,1.2176568433053656,1.3178389927600798
21.171203146611557,0.005880889762947655,750.0,13.123658146312609,1.346619879524366,1.0828554283635467e+25,253260118.59664276,183303950.06631377,1338.1188354840906,1.2220140368986248,1.3221961863533387
21.316046846741195,0.005921124124094776,750.0,13.149111179596904,1.3493960398559985,1.078312022978965e+25,178274533.61288735,182659673.56836668,1333.4156170490767,1.2263243201086762,1.3265064695633904
21.46045512415011,0.005961237534486141,750.0,13.174020737714542,1.3521424919448413,1.0738220836944193e+25,125762489.93072154,182026069.9940692,1328.790310956705,1.230592958510275,1.330775107964989
21.604440750796694,0.006001233541887971,750.0,13.19840729291856,1.3548602375114622,1.0693842489238627e+25,88886643.01188989,181402439.4457349,1324.2378079538648,1.2348235265436318,1.335005675998346
21.748016468713693,0.006041115685753804,750.0,13.222291389654917,1.3575502640307167,1.0649972043951941e+25,62917110.38864894,180787864.630881,1319.7514118054316,1.239021216702494,1.3392033661572083
21.891195013705957,0.0060808875038072105,750.0,13.245693692012795,1.3602135421969046,1.0606596812127508e+25,44580430.72709726,180181360.02025753,1315.32392814788,1.2431918594399334,1.3433740088946473
22.033989383981886,0.0061205526066616354,750.0,13.268635518744976,1.3628510501719828,1.05637044253535e+25,31601405.414934672,179581773.07014647,1310.9469434120692,1.2473426237556042,1.3475247732103182
22.176413081839485,0.006160114744955412,750.0,13.291139066038522,1.3654637836824113,1.0521282703264099e+25,22392768.852649234,178987646.73298973,1306.6098211508252,1.2514830162226716,1.3516651656773857
22.318480430318917,0.00619957789731081,750.0,13.313227832261893,1.3680527649155931,1.0479319577351447e+25,15845913.98402423,178397267.51831508,1302.3000528837001,1.2556246130675917,1.3558067625223056
22.460207249492637,0.006238946458192399,750.0,13.334927703018415,1.3706190748116018,1.043780293750926e+25,11180825.510986732,177808120.73829347,1297.9992813895424,1.2597849809666115,1.3599671304213254
22.60161142353085,0.006278225395425236,750.0,13.356268311850616,1.3731639000264804,1.0396720438572417e+25,7850919.652108915,177217067.02904966,1293.6845893120626,1.2639866111951938,1.3641687606499078
22.74271398177726,0.006317420550493683,750.0,13.377284212622243,1.3756885554048917,1.0356059247039336e+25,5471553.924456745,176620040.8847716,1289.3262984588328,1.2682592466737086,1.3684413961284225
22.883541029775376,0.006356539174937605,750.0,13.398016707821366,1.3781945143642773,1.031580559872553e+25,3771844.337835521,176011924.7404397,1284.88705060521,1.2726410459423536,1.3728231953970678
23.024127051140983,0.006395590847539162,750.0,13.41851919206534,1.3806835379269915,1.0275944375151956e+25,2557379.947359443,175384350.39350513,1280.3057578725875,1.2771949121881014,1.3773770616428156
23.16451834933209,0.006434588430370025,750.0,13.438862884077727,1.3831578016116581,1.0236458261582402e+25,1692033.0692556489,174725923.1396652,1275.4992389195559,1.2820078210200565,1.3821899704747704
23.304779953862962,0.006473549987184156,750.0,13.459143915308285,1.3856199743138764,1.0197326226786977e+25,1081708.7566872837,174022960.46141163,1270.367611368305,1.287186468992811,1.3873686184475251
23.445009239677233,0.006512502566577009,750.0,13.479498496980922,1.3880733696647207,1.0158521403873142e+25,659063.2306724937,173256923.9318213,1264.7755447022955,1.2928776231081347,1.3930597725628486
23.585357270442444,0.006551488130678456,750.0,13.500120877022662,1.3905216711363262,1.0120007983845497e+25,377958.23349172325,172413088.8245831,1258.615548419457,1.2992053070164675,1.3993874564711817
23.726073655553726,0.006590576015431591,750.0,13.521274152391102,1.3929669010869794,1.0081735068597685e+25,206639.7424559241,171517034.67816332,1252.0743531505923,1.3059927278961905,1.4061748773509046
23.867610466202454,0.006629891796167348,750.0,13.543195896755098,1.3953979576234095,1.0043625223937386e+25,127577.89091174451,170826783.9430112,1247.0355227839818,1.3112697835178335,1.4114519329725477
24.010913832818787,0.006669698286894107,750.0,13.565009669416373,1.397713706167518,1.0005552152771518e+25,265466.229115637,171971943.83036768,1255.395189961684,1.302538047839667,1.402720197294381
24.15847569033518,0.006710687691759773,750.0,13.570373550366991,1.3989252359213267,9.967287390918267e+24,533524409.5838579,184853498.9429556,1349.430542283576,1.2117704088962076,1.3119525583509215
24.179651181519294,0.006716569772644248,750.0,13.593698179748651,1.3627349800286819,1.0343390887280373e+25,4.978965245930995e+28,7392940154.557663,53968.46312827094,0.3,0.4001821494547142
24.183251181519292,0.006717569772644248,750.0,14.766148841689978,0.5555829244726034,5.829819850421257e+25,4.071425835463944e+27,10562230210.607038,77104.28053743138,0.3,0.4001821494547142
24.18685118151929,0.006718569772644248,750.0,14.740596809915212,0.5529879031427196,5.829819850421257e+25,1.4552649750259125e-16,125889187.92504357,918.9910718528181,1.77934264007941,0.0
24.19045118151929,0.006719569772644247,750.0,14.720006556900358,0.5522935050583696,5.800843187588565e+25,9.543448833035729e+28,4107488148.7284517,29984.6634857177,0.3,0.4001821494547142
24.19405118151929,0.006720569772644247,750.0,14.960291228992448,0.5482267680545858,6.254989429759209e+25,7.198839630746165e+28,5934973521.355871,43325.30670589786,0.3,0.4001821494547142
24.197651181519287,0.0067215697726442465,750.0,24.853232013270922,0.4040725222356441,4.86978789197784e+26,8.875477358883061e+28,6587323702.972352,48087.46303169817,0.3,0.4001821494547142
24.201251181519286,0.006722569772644246,750.0,49.86440795548968,0.4061114357765419,1.3226389586837414e+27,2.3011469397649774e+29,10567732542.645319,77144.44756131084,0.3,0.4001821494547142
