№;выгрузка (раздел · кнопка · файл);лист / член архива;заголовок сейчас;как строится;построение, файл:строка;запись выгрузки, файл:строка;после;на экране, файл:строка;тесты tools, файл:строка;решение
1;Расчёты · одна температура · «Скачать результат в Excel» · ThermoGar_equilibrium.xlsx;лист «Составы фаз ат»;NI, ат.% | AL, ат.% | CR, ат.%;"f-строка из имени элемента f""{element}, ат.%""";"app/ThermoGar_app.py:1079 (ni, al); app/ThermoGar_app.py:3372 (fe)";"dataframe_to_excel app/ThermoGar_app.py:7683–7692; кнопка app/ThermoGar_app.py:7694";Ni, ат.% | Al, ат.% | Cr, ат.%;app/ThermoGar_app.py:7677–7681 (element_columns_for_display);tools/test_ui_f.py:324–326 (только имя листа);менять
2;то же · ThermoGar_equilibrium.xlsx;лист «Составы фаз мас»;NI, мас.% | CR, мас.% | C, мас.%;"f-строка f""{element}, мас.%""";"app/ThermoGar_app.py:1085 (ni, al); app/ThermoGar_app.py:3375 (fe)";"dataframe_to_excel app/ThermoGar_app.py:7683–7692; кнопка app/ThermoGar_app.py:7694";Ni, мас.% | Cr, мас.% | C, мас.%;app/ThermoGar_app.py:7677–7681;tools/test_ui_f.py:324 (число листов);менять
3;Расчёты · по составу · «Скачать Excel» · ThermoGar_concentration_scan.xlsx;лист «Концентрационный расчёт»;AL, атомные % (или AL, массовые %);"f-строка x_column = f""{variable_element}, {units_label}"" → первый столбец";"app/ThermoGar_app.py:8216; столбец app/ThermoGar_app.py:3562";"dataframe_to_excel app/ThermoGar_app.py:8340–8346; кнопка app/ThermoGar_app.py:8355";Al, атомные %;app/ThermoGar_app.py:8333–8337;tools/test_ui_f.py:387 (число листов);менять
4;то же · «Скачать CSV» · ThermoGar_concentration_scan.csv;строка заголовка CSV;AL, атомные %;то же;app/ThermoGar_app.py:8216;"to_csv app/ThermoGar_app.py:8347–8349; кнопка app/ThermoGar_app.py:8366";Al, атомные %;app/ThermoGar_app.py:8333–8337;tools/test_ui_f.py:388 (CSV не пуст);менять
5;Диаграммы · тройная при T = const · «Скачать Excel» · ThermoGar_ternary_diagram.xlsx;лист «Границы и узлы»;X(NI) | NI, ат.% | X(AL) | AL, ат.% | X(CR) | CR, ат.%;"f-строки f""X({x_element})"", f""{x_element}, ат.%""";app/ThermoGar_app.py:6500–6505;"dataframe_to_excel app/ThermoGar_app.py:9604–9609; кнопка app/ThermoGar_app.py:9614";X(Ni) | Ni, ат.% | X(Al) | Al, ат.% | X(Cr) | Cr, ат.%;app/ThermoGar_app.py:9598–9602;tools/test_ui_f.py:772 (число листов);менять
6;Диаграммы · карта доли фазы · «Скачать Excel» · ThermoGar_ternary_phase_map.xlsx;лист «Расчётная сетка»;NI, доля на карте | AL, доля на карте | NI, % на карте | CR, % на карте | NI, ат.%;f-строки из имён элементов;app/ThermoGar_app.py:6667–6679;"dataframe_to_excel app/ThermoGar_app.py:10156–10162; кнопка app/ThermoGar_app.py:10170";Ni, доля на карте | Al, % на карте | Cr, ат.%;app/ThermoGar_app.py:10150–10154;tools/test_ui_f.py:788 (число листов);"менять; столбец «{фаза}, мольная доля, %» (:6734) не менять"
7;то же · «Скачать CSV» · ThermoGar_ternary_phase_map.csv;строка заголовка CSV;как в строке 6;то же;app/ThermoGar_app.py:6667–6679;"to_csv app/ThermoGar_app.py:10163–10165; кнопка app/ThermoGar_app.py:10180";как в строке 6;app/ThermoGar_app.py:10150–10154;tools/test_ui_f.py:790 (CSV не пуст);менять
8;Затвердевание · «Скачать Excel» · ThermoGar_solidification.xlsx;листы «Равновес расплав», «Scheil расплав»;NI, ат.% | NI, мас.% | CR, ат.%;"f-строки f""{element}, ат.%"", f""{element}, мас.%""";app/ThermoGar_app.py:4616, :4619;"solidification_excel_bytes → dataframe_to_excel app/ThermoGar_app.py:5338–5340; кнопка app/ThermoGar_app.py:10979";Ni, ат.% | Ni, мас.% | Cr, ат.%;app/ThermoGar_app.py:10945–10949;tools/test_ui_f.py:440 (число листов);менять
9;то же · «Скачать полный архив, ZIP» · ThermoGar_solidification_results.zip;"члены equilibrium_liquid_composition.csv, scheil_liquid_composition.csv; вложенный ThermoGar_solidification.xlsx";NI, ат.% | NI, мас.%;то же;app/ThermoGar_app.py:4616, :4619;"to_csv app/ThermoGar_app.py:5375–5380; xlsx app/ThermoGar_app.py:5352–5355; кнопка app/ThermoGar_app.py:10994";Ni, ат.% | Ni, мас.%;app/ThermoGar_app.py:10945–10949;tools/test_ui_f.py:442 (только признак ZIP);"менять; имена членов архива без символов"
10;Затвердевание · Excel и xlsx в ZIP;листы «Равновес raw», «Scheil raw»;X(FCC_A1,CR) | X(LIQUID,NI) | NP(FCC_A1);столбцы пакета scheil: result.to_dataframe();app/ThermoGar_app.py:4567–4576;dataframe_to_excel app/ThermoGar_app.py:5339–5340;без изменений;на экране нет;нет;"не менять: сырая таблица пакета, английские заголовки; element_column_label (thermogar_user_errors.py:92) эту форму не берёт"
11;Энергии · T₀ · «Скачать Excel» · ThermoGar_T0.xlsx;лист «T0»;C, мас.% | AL, ат.% | CU, ат.%;"f-строка f""{variable_element}, {'ат.%'|'мас.%'}""";app/ThermoGar_app.py:4425;"dataframe_to_excel app/ThermoGar_app.py:11743–11748; кнопка app/ThermoGar_app.py:11751";C, мас.% | Al, ат.% | Cu, ат.%;app/ThermoGar_app.py:11733–11737;tools/test_ui_f.py:525 (число листов);"менять; x_column :11661–11664 должен совпадать с :4425 — правка только при записи"
12;Диффузия · пара и гомогенизация · «Скачать Excel» · ThermoGar_{method}_diffusion.xlsx;лист «Профили»;NI, нач., ат.% | NI, итог, ат.% | NI, нач., мас.% | NI, итог, мас.%;f-строки из имени элемента;app/thermogar_diffusion.py:618–621;"dataframe_to_excel (передан из приложения, thermogar_diffusion.py:1628, :1793) thermogar_diffusion.py:1303–1310; кнопка :1313";Ni, нач., ат.% | Cr, итог, мас.%;app/thermogar_diffusion.py:1285;tools/test_ui_g.py:293–298, :337–342 (своя сборка Excel, только имена листов);менять
13;Выделения (KWN) · «Скачать Excel» · ThermoGar_precipitation_{phase}.xlsx;лист «Состав матрицы»;AL, матрица, ат.% | NI, матрица, ат.% (основа);f-строки из элемента и из balance;app/thermogar_precipitation.py:1223, :1224;"_excel → to_excel app/thermogar_precipitation.py:1331; кнопка :1700";Al, матрица, ат.% | Ni, матрица, ат.%;app/thermogar_precipitation.py:1694;tools/test_ui_g.py:450–458 (только имена листов);менять
14;то же;лист «Межфазные составы»;AL, матрица на границе, ат.% | AL, выделение на границе, ат.%;f-строки из имени элемента;app/thermogar_precipitation.py:1230–1231;"_excel → to_excel app/thermogar_precipitation.py:1332; кнопка :1700";Al, матрица на границе, ат.% | Al, выделение на границе, ат.%;app/thermogar_precipitation.py:1695;tools/test_ui_g.py:450–458 (только имена листов);менять
15;Пакетный расчёт · «Скачать подготовленный результат Excel» · ThermoGar_batch_result.xlsx;лист «Составы фаз ат»;NI, ат.% | AL, ат.%;f-строка summarize_equilibrium → записи пакета;"app/ThermoGar_app.py:3372; app/ThermoGar_app.py:3699–3706; app/thermogar_workspace.py:2632–2635, :2650";"dataframe_state_value app/thermogar_workspace.py:2868–2877 → prepare_egress :2878; _xlsx_bytes app/thermogar_verified_state.py:573";Ni, ат.% | Al, ат.%;на экране нет;"tools/test_ui_h.py:647–653 (имена листов); tools/thermogar_verified_state_test.py:324–338 (имена листов)";менять
16;то же;лист «Составы фаз мас»;NI, мас.% | CR, мас.%;то же;"app/ThermoGar_app.py:3375; app/ThermoGar_app.py:3707–3714; app/thermogar_workspace.py:2637–2640, :2651";как в строке 15;Ni, мас.% | Cr, мас.%;на экране нет;как в строке 15;менять
17;то же;лист «Исходные данные»;CR | NI | C (голые столбцы элементов входного файла);заголовок ввода, приведённый к верхнему регистру;"app/thermogar_verified_state.py:331 (_canonical_header), :392, :396; app/thermogar_workspace.py:2652";как в строке 15;без изменений;предпросмотр batch_preview_dataframe app/thermogar_workspace.py:2231–2241 показывает Cr;tools/thermogar_verified_state_test.py:255–270 (канонические заголовки);"не менять: канонический вид входа (шаблон, дайджест _batch_csv_bytes :596); голое имя столбца element_column_label не берёт"
